{
  "type": "FeatureCollection",
  "name": "route-04-trolls-moon-rocks-curiosity-coast-loop-energy-v2",
  "features": [
    {
      "type": "Feature",
      "id": "d1-boston-logan-rental-to-kittery-outlets",
      "properties": {
        "feature_kind": "drive_leg",
        "route_id": "route-04",
        "day": 1,
        "date": "2026-10-04",
        "from": "boston-logan-rental",
        "to": "kittery-outlets",
        "distance_miles": 59.3,
        "baseline_minutes": 83,
        "traffic_risk": "medium",
        "map_color": "#F59E0B",
        "energy_rebuild": true
      },
      "geometry": {
        "coordinates": [
          [
            -71.029421,
            42.367769
          ],
          [
            -71.019364,
            42.367482
          ],
          [
            -71.039093,
            42.374974
          ],
          [
            -71.039487,
            42.39529
          ],
          [
            -71.017497,
            42.4305
          ],
          [
            -71.0282,
            42.440558
          ],
          [
            -71.023259,
            42.476538
          ],
          [
            -70.960956,
            42.587243
          ],
          [
            -70.978494,
            42.621433
          ],
          [
            -70.974718,
            42.683373
          ],
          [
            -70.915944,
            42.799137
          ],
          [
            -70.91527,
            42.82867
          ],
          [
            -70.88323,
            42.879708
          ],
          [
            -70.848432,
            42.9938
          ],
          [
            -70.808298,
            43.054769
          ],
          [
            -70.7277,
            43.117996
          ]
        ],
        "type": "LineString"
      }
    },
    {
      "type": "Feature",
      "id": "d1-kittery-outlets-to-nubble-light",
      "properties": {
        "feature_kind": "drive_leg",
        "route_id": "route-04",
        "day": 1,
        "date": "2026-10-04",
        "from": "kittery-outlets",
        "to": "nubble-light",
        "distance_miles": 9.4,
        "baseline_minutes": 22,
        "traffic_risk": "medium",
        "map_color": "#F59E0B",
        "energy_rebuild": true
      },
      "geometry": {
        "coordinates": [
          [
            -70.7277,
            43.117996
          ],
          [
            -70.726992,
            43.118511
          ],
          [
            -70.726123,
            43.117373
          ],
          [
            -70.705605,
            43.129728
          ],
          [
            -70.703171,
            43.131637
          ],
          [
            -70.699142,
            43.136738
          ],
          [
            -70.694677,
            43.140313
          ],
          [
            -70.685455,
            43.143112
          ],
          [
            -70.671694,
            43.149239
          ],
          [
            -70.667361,
            43.150147
          ],
          [
            -70.66278,
            43.151996
          ],
          [
            -70.642849,
            43.165123
          ],
          [
            -70.636928,
            43.17367
          ],
          [
            -70.634498,
            43.175952
          ],
          [
            -70.628737,
            43.179473
          ],
          [
            -70.627104,
            43.177433
          ],
          [
            -70.624487,
            43.17791
          ],
          [
            -70.621399,
            43.176175
          ],
          [
            -70.619015,
            43.175835
          ],
          [
            -70.618087,
            43.174385
          ],
          [
            -70.615828,
            43.172865
          ],
          [
            -70.612518,
            43.173634
          ],
          [
            -70.608928,
            43.171491
          ],
          [
            -70.602457,
            43.172476
          ],
          [
            -70.596387,
            43.171128
          ],
          [
            -70.595471,
            43.169474
          ],
          [
            -70.59536,
            43.165855
          ],
          [
            -70.593002,
            43.165642
          ]
        ],
        "type": "LineString"
      }
    },
    {
      "type": "Feature",
      "id": "d1-nubble-light-to-portsmouth-lodging",
      "properties": {
        "feature_kind": "drive_leg",
        "route_id": "route-04",
        "day": 1,
        "date": "2026-10-04",
        "from": "nubble-light",
        "to": "portsmouth-lodging",
        "distance_miles": 14.4,
        "baseline_minutes": 27,
        "traffic_risk": "medium",
        "map_color": "#F59E0B",
        "energy_rebuild": true
      },
      "geometry": {
        "coordinates": [
          [
            -70.593002,
            43.165642
          ],
          [
            -70.59536,
            43.165855
          ],
          [
            -70.596387,
            43.171128
          ],
          [
            -70.601624,
            43.172408
          ],
          [
            -70.605677,
            43.172216
          ],
          [
            -70.610759,
            43.1754
          ],
          [
            -70.612033,
            43.173585
          ],
          [
            -70.615828,
            43.172865
          ],
          [
            -70.619015,
            43.175835
          ],
          [
            -70.624487,
            43.17791
          ],
          [
            -70.627104,
            43.177433
          ],
          [
            -70.628737,
            43.179473
          ],
          [
            -70.636928,
            43.17367
          ],
          [
            -70.642667,
            43.165273
          ],
          [
            -70.658867,
            43.154721
          ],
          [
            -70.667269,
            43.157
          ],
          [
            -70.672018,
            43.153738
          ],
          [
            -70.711567,
            43.135029
          ],
          [
            -70.726262,
            43.121253
          ],
          [
            -70.751244,
            43.101898
          ],
          [
            -70.770892,
            43.089849
          ],
          [
            -70.774317,
            43.084234
          ],
          [
            -70.764819,
            43.083582
          ],
          [
            -70.761295,
            43.081105
          ],
          [
            -70.760629,
            43.078777
          ],
          [
            -70.762736,
            43.077214
          ],
          [
            -70.761181,
            43.075578
          ],
          [
            -70.76358,
            43.074485
          ],
          [
            -70.762515,
            43.071843
          ]
        ],
        "type": "LineString"
      }
    },
    {
      "type": "Feature",
      "id": "d2-portsmouth-lodging-to-uss-albacore",
      "properties": {
        "feature_kind": "drive_leg",
        "route_id": "route-04",
        "day": 2,
        "date": "2026-10-05",
        "from": "portsmouth-lodging",
        "to": "uss-albacore",
        "distance_miles": 2.6,
        "baseline_minutes": 7,
        "traffic_risk": "low",
        "map_color": "#F59E0B",
        "energy_rebuild": true
      },
      "geometry": {
        "coordinates": [
          [
            -70.762515,
            43.071843
          ],
          [
            -70.763146,
            43.072503
          ],
          [
            -70.764686,
            43.071661
          ],
          [
            -70.766489,
            43.073081
          ],
          [
            -70.769789,
            43.07167
          ],
          [
            -70.77141,
            43.070431
          ],
          [
            -70.772198,
            43.070671
          ],
          [
            -70.772334,
            43.07131
          ],
          [
            -70.772603,
            43.071662
          ],
          [
            -70.77367,
            43.07227
          ],
          [
            -70.776669,
            43.074578
          ],
          [
            -70.777513,
            43.073993
          ],
          [
            -70.778807,
            43.075215
          ],
          [
            -70.779618,
            43.074691
          ],
          [
            -70.779769,
            43.073756
          ],
          [
            -70.781535,
            43.073346
          ],
          [
            -70.781996,
            43.072334
          ],
          [
            -70.783404,
            43.071399
          ],
          [
            -70.784358,
            43.071015
          ],
          [
            -70.785081,
            43.071213
          ],
          [
            -70.785224,
            43.07152
          ],
          [
            -70.78511,
            43.071943
          ],
          [
            -70.783804,
            43.073298
          ],
          [
            -70.777397,
            43.077711
          ],
          [
            -70.776233,
            43.078668
          ],
          [
            -70.775483,
            43.07955
          ],
          [
            -70.774752,
            43.081013
          ],
          [
            -70.773889,
            43.08223
          ]
        ],
        "type": "LineString"
      }
    },
    {
      "type": "Feature",
      "id": "d2-uss-albacore-to-portland-head-light",
      "properties": {
        "feature_kind": "drive_leg",
        "route_id": "route-04",
        "day": 2,
        "date": "2026-10-05",
        "from": "uss-albacore",
        "to": "portland-head-light",
        "distance_miles": 52.9,
        "baseline_minutes": 67,
        "traffic_risk": "low",
        "map_color": "#F59E0B",
        "energy_rebuild": true
      },
      "geometry": {
        "coordinates": [
          [
            -70.773889,
            43.08223
          ],
          [
            -70.770087,
            43.090407
          ],
          [
            -70.713415,
            43.133648
          ],
          [
            -70.654865,
            43.164198
          ],
          [
            -70.635553,
            43.230686
          ],
          [
            -70.620085,
            43.257322
          ],
          [
            -70.613219,
            43.313875
          ],
          [
            -70.551876,
            43.423916
          ],
          [
            -70.524055,
            43.461443
          ],
          [
            -70.495474,
            43.484707
          ],
          [
            -70.484651,
            43.503107
          ],
          [
            -70.454062,
            43.526315
          ],
          [
            -70.350824,
            43.624883
          ],
          [
            -70.327176,
            43.626173
          ],
          [
            -70.306601,
            43.619164
          ],
          [
            -70.291823,
            43.63028
          ],
          [
            -70.277664,
            43.627947
          ],
          [
            -70.248271,
            43.635796
          ],
          [
            -70.228568,
            43.634298
          ],
          [
            -70.21667,
            43.624007
          ],
          [
            -70.208742,
            43.622942
          ]
        ],
        "type": "LineString"
      }
    },
    {
      "type": "Feature",
      "id": "d2-portland-head-light-to-lucky-catch-lobstering",
      "properties": {
        "feature_kind": "drive_leg",
        "route_id": "route-04",
        "day": 2,
        "date": "2026-10-05",
        "from": "portland-head-light",
        "to": "lucky-catch-lobstering",
        "distance_miles": 4.8,
        "baseline_minutes": 13,
        "traffic_risk": "low",
        "map_color": "#F59E0B",
        "energy_rebuild": true
      },
      "geometry": {
        "coordinates": [
          [
            -70.208742,
            43.622942
          ],
          [
            -70.210609,
            43.622965
          ],
          [
            -70.211175,
            43.624597
          ],
          [
            -70.211831,
            43.624922
          ],
          [
            -70.213326,
            43.624957
          ],
          [
            -70.215784,
            43.623995
          ],
          [
            -70.21667,
            43.624007
          ],
          [
            -70.216754,
            43.626086
          ],
          [
            -70.220529,
            43.628746
          ],
          [
            -70.221277,
            43.630253
          ],
          [
            -70.222288,
            43.631158
          ],
          [
            -70.224185,
            43.632382
          ],
          [
            -70.228796,
            43.634358
          ],
          [
            -70.235041,
            43.635611
          ],
          [
            -70.24405,
            43.634733
          ],
          [
            -70.246575,
            43.6351
          ],
          [
            -70.248409,
            43.636
          ],
          [
            -70.249857,
            43.634905
          ],
          [
            -70.251404,
            43.634551
          ],
          [
            -70.255032,
            43.634224
          ],
          [
            -70.256904,
            43.63494
          ],
          [
            -70.258468,
            43.63655
          ],
          [
            -70.258913,
            43.638147
          ],
          [
            -70.258528,
            43.639397
          ],
          [
            -70.256818,
            43.64147
          ],
          [
            -70.256595,
            43.643154
          ],
          [
            -70.25708,
            43.644196
          ],
          [
            -70.259394,
            43.646997
          ],
          [
            -70.259714,
            43.649369
          ],
          [
            -70.258909,
            43.650248
          ],
          [
            -70.258051,
            43.649812
          ],
          [
            -70.255432,
            43.653997
          ],
          [
            -70.253441,
            43.655454
          ],
          [
            -70.2525,
            43.655927
          ],
          [
            -70.252341,
            43.655777
          ]
        ],
        "type": "LineString"
      }
    },
    {
      "type": "Feature",
      "id": "d2-lucky-catch-lobstering-to-portland-lodging",
      "properties": {
        "feature_kind": "drive_leg",
        "route_id": "route-04",
        "day": 2,
        "date": "2026-10-05",
        "from": "lucky-catch-lobstering",
        "to": "portland-lodging",
        "distance_miles": 0.4,
        "baseline_minutes": 2,
        "traffic_risk": "low",
        "map_color": "#F59E0B",
        "energy_rebuild": true
      },
      "geometry": {
        "coordinates": [
          [
            -70.252341,
            43.655777
          ],
          [
            -70.252075,
            43.655537
          ],
          [
            -70.251951,
            43.655537
          ],
          [
            -70.25179,
            43.655621
          ],
          [
            -70.252196,
            43.65607
          ],
          [
            -70.253224,
            43.655575
          ],
          [
            -70.254336,
            43.654888
          ],
          [
            -70.255095,
            43.655666
          ],
          [
            -70.256128,
            43.656951
          ],
          [
            -70.255499,
            43.657412
          ]
        ],
        "type": "LineString"
      }
    },
    {
      "type": "Feature",
      "id": "d3-portland-lodging-to-coastal-maine-gardens",
      "properties": {
        "feature_kind": "drive_leg",
        "route_id": "route-04",
        "day": 3,
        "date": "2026-10-06",
        "from": "portland-lodging",
        "to": "coastal-maine-gardens",
        "distance_miles": 56.8,
        "baseline_minutes": 85,
        "traffic_risk": "low",
        "map_color": "#F59E0B",
        "energy_rebuild": true
      },
      "geometry": {
        "coordinates": [
          [
            -70.255499,
            43.657412
          ],
          [
            -70.25158,
            43.659423
          ],
          [
            -70.260436,
            43.665646
          ],
          [
            -70.25208,
            43.68467
          ],
          [
            -70.256505,
            43.694054
          ],
          [
            -70.253342,
            43.712753
          ],
          [
            -70.230507,
            43.732017
          ],
          [
            -70.194189,
            43.782037
          ],
          [
            -70.164796,
            43.809247
          ],
          [
            -70.146412,
            43.817721
          ],
          [
            -70.121882,
            43.841522
          ],
          [
            -70.106245,
            43.866071
          ],
          [
            -70.085704,
            43.877376
          ],
          [
            -70.071853,
            43.901851
          ],
          [
            -70.01958,
            43.917042
          ],
          [
            -69.993671,
            43.911999
          ],
          [
            -69.952855,
            43.919291
          ],
          [
            -69.92578,
            43.908999
          ],
          [
            -69.873041,
            43.918969
          ],
          [
            -69.836064,
            43.907181
          ],
          [
            -69.803105,
            43.911913
          ],
          [
            -69.796952,
            43.923112
          ],
          [
            -69.722736,
            43.963146
          ],
          [
            -69.669017,
            44.005091
          ],
          [
            -69.652443,
            43.999911
          ],
          [
            -69.632313,
            44.000015
          ],
          [
            -69.640358,
            43.989208
          ],
          [
            -69.639586,
            43.981745
          ],
          [
            -69.628998,
            43.968253
          ],
          [
            -69.627396,
            43.943184
          ],
          [
            -69.616101,
            43.928578
          ],
          [
            -69.614897,
            43.912096
          ],
          [
            -69.626758,
            43.899574
          ],
          [
            -69.632421,
            43.877432
          ],
          [
            -69.643265,
            43.873149
          ],
          [
            -69.647446,
            43.875342
          ]
        ],
        "type": "LineString"
      }
    },
    {
      "type": "Feature",
      "id": "d3-coastal-maine-gardens-to-bath-iron-works-story",
      "properties": {
        "feature_kind": "drive_leg",
        "route_id": "route-04",
        "day": 3,
        "date": "2026-10-06",
        "from": "coastal-maine-gardens",
        "to": "bath-iron-works-story",
        "distance_miles": 23.8,
        "baseline_minutes": 44,
        "traffic_risk": "low",
        "map_color": "#F59E0B",
        "energy_rebuild": true
      },
      "geometry": {
        "coordinates": [
          [
            -69.647446,
            43.875342
          ],
          [
            -69.643895,
            43.873119
          ],
          [
            -69.635643,
            43.875848
          ],
          [
            -69.633701,
            43.87509
          ],
          [
            -69.626758,
            43.899574
          ],
          [
            -69.617588,
            43.906526
          ],
          [
            -69.614733,
            43.912836
          ],
          [
            -69.61634,
            43.920598
          ],
          [
            -69.616281,
            43.929194
          ],
          [
            -69.625147,
            43.93927
          ],
          [
            -69.629922,
            43.950487
          ],
          [
            -69.62864,
            43.954393
          ],
          [
            -69.630562,
            43.960097
          ],
          [
            -69.628998,
            43.968253
          ],
          [
            -69.639586,
            43.981745
          ],
          [
            -69.640358,
            43.989208
          ],
          [
            -69.632026,
            43.998711
          ],
          [
            -69.634598,
            44.001597
          ],
          [
            -69.651799,
            43.999845
          ],
          [
            -69.665836,
            44.002821
          ],
          [
            -69.669231,
            44.005094
          ],
          [
            -69.678142,
            44.000629
          ],
          [
            -69.70601,
            43.97865
          ],
          [
            -69.711877,
            43.972364
          ],
          [
            -69.718102,
            43.968798
          ],
          [
            -69.722461,
            43.963322
          ],
          [
            -69.751576,
            43.946585
          ],
          [
            -69.780652,
            43.933408
          ],
          [
            -69.796952,
            43.923112
          ],
          [
            -69.801004,
            43.918351
          ],
          [
            -69.802289,
            43.912259
          ],
          [
            -69.8161,
            43.911537
          ],
          [
            -69.817136,
            43.893229
          ],
          [
            -69.815964,
            43.893685
          ]
        ],
        "type": "LineString"
      }
    },
    {
      "type": "Feature",
      "id": "d3-bath-iron-works-story-to-rockland-breakwater",
      "properties": {
        "feature_kind": "drive_leg",
        "route_id": "route-04",
        "day": 3,
        "date": "2026-10-06",
        "from": "bath-iron-works-story",
        "to": "rockland-breakwater",
        "distance_miles": 47.4,
        "baseline_minutes": 75,
        "traffic_risk": "low",
        "map_color": "#F59E0B",
        "energy_rebuild": true
      },
      "geometry": {
        "coordinates": [
          [
            -69.815964,
            43.893685
          ],
          [
            -69.816081,
            43.911367
          ],
          [
            -69.802289,
            43.912259
          ],
          [
            -69.796952,
            43.923112
          ],
          [
            -69.722461,
            43.963322
          ],
          [
            -69.675185,
            44.00234
          ],
          [
            -69.669231,
            44.005094
          ],
          [
            -69.65102,
            43.9998
          ],
          [
            -69.6147,
            44.002217
          ],
          [
            -69.568781,
            44.025038
          ],
          [
            -69.548787,
            44.028574
          ],
          [
            -69.532542,
            44.040758
          ],
          [
            -69.510214,
            44.04465
          ],
          [
            -69.477958,
            44.076397
          ],
          [
            -69.468884,
            44.092335
          ],
          [
            -69.450733,
            44.101416
          ],
          [
            -69.431225,
            44.103918
          ],
          [
            -69.406856,
            44.098585
          ],
          [
            -69.367353,
            44.103763
          ],
          [
            -69.355288,
            44.108689
          ],
          [
            -69.332687,
            44.107986
          ],
          [
            -69.279212,
            44.120536
          ],
          [
            -69.256024,
            44.11376
          ],
          [
            -69.24805,
            44.100174
          ],
          [
            -69.223973,
            44.0799
          ],
          [
            -69.200021,
            44.076317
          ],
          [
            -69.171461,
            44.081057
          ],
          [
            -69.12583,
            44.10134
          ],
          [
            -69.109047,
            44.102143
          ],
          [
            -69.101661,
            44.119995
          ],
          [
            -69.092595,
            44.121435
          ],
          [
            -69.084441,
            44.115692
          ]
        ],
        "type": "LineString"
      }
    },
    {
      "type": "Feature",
      "id": "d3-rockland-breakwater-to-rockland-lodging",
      "properties": {
        "feature_kind": "drive_leg",
        "route_id": "route-04",
        "day": 3,
        "date": "2026-10-06",
        "from": "rockland-breakwater",
        "to": "rockland-lodging",
        "distance_miles": 2.5,
        "baseline_minutes": 6,
        "traffic_risk": "low",
        "map_color": "#F59E0B",
        "energy_rebuild": true
      },
      "geometry": {
        "coordinates": [
          [
            -69.084441,
            44.115692
          ],
          [
            -69.092595,
            44.121435
          ],
          [
            -69.099591,
            44.120132
          ],
          [
            -69.101661,
            44.119995
          ],
          [
            -69.103124,
            44.117687
          ],
          [
            -69.104956,
            44.115231
          ],
          [
            -69.105768,
            44.112272
          ],
          [
            -69.106158,
            44.112021
          ],
          [
            -69.107407,
            44.11177
          ],
          [
            -69.108336,
            44.111399
          ],
          [
            -69.109906,
            44.108936
          ],
          [
            -69.110355,
            44.10887
          ],
          [
            -69.110938,
            44.109015
          ],
          [
            -69.111416,
            44.10875
          ],
          [
            -69.111474,
            44.10606
          ],
          [
            -69.110881,
            44.103119
          ],
          [
            -69.109116,
            44.1032
          ],
          [
            -69.109139,
            44.103694
          ]
        ],
        "type": "LineString"
      }
    },
    {
      "type": "Feature",
      "id": "d4-rockland-lodging-to-maiden-cliff",
      "properties": {
        "feature_kind": "drive_leg",
        "route_id": "route-04",
        "day": 4,
        "date": "2026-10-07",
        "from": "rockland-lodging",
        "to": "maiden-cliff",
        "distance_miles": 11.3,
        "baseline_minutes": 20,
        "traffic_risk": "low",
        "map_color": "#F59E0B",
        "energy_rebuild": true
      },
      "geometry": {
        "coordinates": [
          [
            -69.109139,
            44.103694
          ],
          [
            -69.109662,
            44.109282
          ],
          [
            -69.108336,
            44.111399
          ],
          [
            -69.105658,
            44.1124
          ],
          [
            -69.089987,
            44.14075
          ],
          [
            -69.085347,
            44.157609
          ],
          [
            -69.085025,
            44.164055
          ],
          [
            -69.080109,
            44.171061
          ],
          [
            -69.080356,
            44.178851
          ],
          [
            -69.083218,
            44.183797
          ],
          [
            -69.07967,
            44.190266
          ],
          [
            -69.079627,
            44.198039
          ],
          [
            -69.064811,
            44.209925
          ],
          [
            -69.064898,
            44.212073
          ],
          [
            -69.07182,
            44.216476
          ],
          [
            -69.08073,
            44.229472
          ],
          [
            -69.085341,
            44.233342
          ],
          [
            -69.08503,
            44.245016
          ],
          [
            -69.092102,
            44.250267
          ]
        ],
        "type": "LineString"
      }
    },
    {
      "type": "Feature",
      "id": "d4-maiden-cliff-to-fort-knox-observatory",
      "properties": {
        "feature_kind": "drive_leg",
        "route_id": "route-04",
        "day": 4,
        "date": "2026-10-07",
        "from": "maiden-cliff",
        "to": "fort-knox-observatory",
        "distance_miles": 38.9,
        "baseline_minutes": 54,
        "traffic_risk": "low",
        "map_color": "#F59E0B",
        "energy_rebuild": true
      },
      "geometry": {
        "coordinates": [
          [
            -69.092102,
            44.250267
          ],
          [
            -69.08503,
            44.245016
          ],
          [
            -69.085341,
            44.233342
          ],
          [
            -69.064856,
            44.211977
          ],
          [
            -69.019631,
            44.263139
          ],
          [
            -69.008965,
            44.280126
          ],
          [
            -69.006653,
            44.296558
          ],
          [
            -68.978416,
            44.303693
          ],
          [
            -68.957639,
            44.330472
          ],
          [
            -68.969573,
            44.343829
          ],
          [
            -68.967738,
            44.355014
          ],
          [
            -68.983775,
            44.372505
          ],
          [
            -68.991479,
            44.406514
          ],
          [
            -69.016859,
            44.416143
          ],
          [
            -69.020766,
            44.428985
          ],
          [
            -69.005525,
            44.434311
          ],
          [
            -68.982664,
            44.4286
          ],
          [
            -68.943319,
            44.435865
          ],
          [
            -68.930475,
            44.456074
          ],
          [
            -68.915722,
            44.458035
          ],
          [
            -68.858943,
            44.490794
          ],
          [
            -68.834072,
            44.497242
          ],
          [
            -68.818205,
            44.506907
          ],
          [
            -68.809482,
            44.526946
          ],
          [
            -68.810223,
            44.553914
          ],
          [
            -68.803562,
            44.565936
          ]
        ],
        "type": "LineString"
      }
    },
    {
      "type": "Feature",
      "id": "d4-fort-knox-observatory-to-bar-harbor-shore-path",
      "properties": {
        "feature_kind": "drive_leg",
        "route_id": "route-04",
        "day": 4,
        "date": "2026-10-07",
        "from": "fort-knox-observatory",
        "to": "bar-harbor-shore-path",
        "distance_miles": 43.8,
        "baseline_minutes": 69,
        "traffic_risk": "low",
        "map_color": "#F59E0B",
        "energy_rebuild": true
      },
      "geometry": {
        "coordinates": [
          [
            -68.803562,
            44.565936
          ],
          [
            -68.805897,
            44.560997
          ],
          [
            -68.794535,
            44.55827
          ],
          [
            -68.787123,
            44.571103
          ],
          [
            -68.768697,
            44.569568
          ],
          [
            -68.738746,
            44.576795
          ],
          [
            -68.707564,
            44.559929
          ],
          [
            -68.677699,
            44.5676
          ],
          [
            -68.66343,
            44.563971
          ],
          [
            -68.652105,
            44.568147
          ],
          [
            -68.624095,
            44.567835
          ],
          [
            -68.590158,
            44.563468
          ],
          [
            -68.560458,
            44.556363
          ],
          [
            -68.544651,
            44.556646
          ],
          [
            -68.521215,
            44.546358
          ],
          [
            -68.497978,
            44.540041
          ],
          [
            -68.4315,
            44.539144
          ],
          [
            -68.425021,
            44.54114
          ],
          [
            -68.417701,
            44.530966
          ],
          [
            -68.416048,
            44.516945
          ],
          [
            -68.395972,
            44.519375
          ],
          [
            -68.394134,
            44.513139
          ],
          [
            -68.365788,
            44.483016
          ],
          [
            -68.367741,
            44.476556
          ],
          [
            -68.362742,
            44.46826
          ],
          [
            -68.361253,
            44.459377
          ],
          [
            -68.369488,
            44.448508
          ],
          [
            -68.368641,
            44.43287
          ],
          [
            -68.363978,
            44.421816
          ],
          [
            -68.355452,
            44.411591
          ],
          [
            -68.334606,
            44.399002
          ],
          [
            -68.330625,
            44.368857
          ],
          [
            -68.323462,
            44.370436
          ],
          [
            -68.31441,
            44.364416
          ],
          [
            -68.307353,
            44.363506
          ],
          [
            -68.300008,
            44.367405
          ],
          [
            -68.29579,
            44.374367
          ],
          [
            -68.288789,
            44.376461
          ],
          [
            -68.284416,
            44.381112
          ],
          [
            -68.26151,
            44.375613
          ],
          [
            -68.251952,
            44.377826
          ],
          [
            -68.239435,
            44.376434
          ],
          [
            -68.232028,
            44.380839
          ],
          [
            -68.222578,
            44.380712
          ],
          [
            -68.21707,
            44.386732
          ],
          [
            -68.204278,
            44.387613
          ],
          [
            -68.203803,
            44.385606
          ],
          [
            -68.198945,
            44.387022
          ]
        ],
        "type": "LineString"
      }
    },
    {
      "type": "Feature",
      "id": "d4-bar-harbor-shore-path-to-bar-harbor-lodging",
      "properties": {
        "feature_kind": "drive_leg",
        "route_id": "route-04",
        "day": 4,
        "date": "2026-10-07",
        "from": "bar-harbor-shore-path",
        "to": "bar-harbor-lodging",
        "distance_miles": 0.4,
        "baseline_minutes": 2,
        "traffic_risk": "low",
        "map_color": "#F59E0B",
        "energy_rebuild": true
      },
      "geometry": {
        "coordinates": [
          [
            -68.198945,
            44.387022
          ],
          [
            -68.198807,
            44.386967
          ],
          [
            -68.198815,
            44.386841
          ],
          [
            -68.199307,
            44.386656
          ],
          [
            -68.199444,
            44.386301
          ],
          [
            -68.199491,
            44.386277
          ],
          [
            -68.200449,
            44.386108
          ],
          [
            -68.201733,
            44.385948
          ],
          [
            -68.203803,
            44.385606
          ],
          [
            -68.204026,
            44.386422
          ],
          [
            -68.204269,
            44.387564
          ]
        ],
        "type": "LineString"
      }
    },
    {
      "type": "Feature",
      "id": "d5-bar-harbor-lodging-to-cadillac-mountain",
      "properties": {
        "feature_kind": "drive_leg",
        "route_id": "route-04",
        "day": 5,
        "date": "2026-10-08",
        "from": "bar-harbor-lodging",
        "to": "cadillac-mountain",
        "distance_miles": 6.1,
        "baseline_minutes": 16,
        "traffic_risk": "low",
        "map_color": "#F59E0B",
        "energy_rebuild": true
      },
      "geometry": {
        "coordinates": [
          [
            -68.204269,
            44.387564
          ],
          [
            -68.210021,
            44.386263
          ],
          [
            -68.212671,
            44.38609
          ],
          [
            -68.214864,
            44.386814
          ],
          [
            -68.217276,
            44.386671
          ],
          [
            -68.219701,
            44.384557
          ],
          [
            -68.220988,
            44.38288
          ],
          [
            -68.22169,
            44.381325
          ],
          [
            -68.223156,
            44.38052
          ],
          [
            -68.230028,
            44.381161
          ],
          [
            -68.23091,
            44.382128
          ],
          [
            -68.23164,
            44.382055
          ],
          [
            -68.232085,
            44.380198
          ],
          [
            -68.233317,
            44.377891
          ],
          [
            -68.233881,
            44.375028
          ],
          [
            -68.235157,
            44.371445
          ],
          [
            -68.236225,
            44.370316
          ],
          [
            -68.238594,
            44.368894
          ],
          [
            -68.2381,
            44.368587
          ],
          [
            -68.237376,
            44.368741
          ],
          [
            -68.23468,
            44.36848
          ],
          [
            -68.231968,
            44.369755
          ],
          [
            -68.231539,
            44.370474
          ],
          [
            -68.230886,
            44.370834
          ],
          [
            -68.229958,
            44.370596
          ],
          [
            -68.229437,
            44.368851
          ],
          [
            -68.230526,
            44.368333
          ],
          [
            -68.230998,
            44.367455
          ],
          [
            -68.232683,
            44.366002
          ],
          [
            -68.233825,
            44.365485
          ],
          [
            -68.232939,
            44.36537
          ],
          [
            -68.232581,
            44.36502
          ],
          [
            -68.233717,
            44.361274
          ],
          [
            -68.232661,
            44.360395
          ],
          [
            -68.232077,
            44.358976
          ],
          [
            -68.232313,
            44.357998
          ],
          [
            -68.231744,
            44.357798
          ],
          [
            -68.231218,
            44.358078
          ],
          [
            -68.231567,
            44.361093
          ],
          [
            -68.231143,
            44.361522
          ],
          [
            -68.230363,
            44.361412
          ],
          [
            -68.229972,
            44.360713
          ],
          [
            -68.228857,
            44.36015
          ],
          [
            -68.228386,
            44.359229
          ],
          [
            -68.22845,
            44.355608
          ],
          [
            -68.230861,
            44.354004
          ],
          [
            -68.231529,
            44.353001
          ],
          [
            -68.231531,
            44.350343
          ],
          [
            -68.230669,
            44.348861
          ],
          [
            -68.229833,
            44.348648
          ],
          [
            -68.228943,
            44.348965
          ],
          [
            -68.229163,
            44.351053
          ],
          [
            -68.228123,
            44.352087
          ],
          [
            -68.226323,
            44.352573
          ],
          [
            -68.224818,
            44.352416
          ]
        ],
        "type": "LineString"
      }
    },
    {
      "type": "Feature",
      "id": "d5-cadillac-mountain-to-beehive-bowl-climb",
      "properties": {
        "feature_kind": "drive_leg",
        "route_id": "route-04",
        "day": 5,
        "date": "2026-10-08",
        "from": "cadillac-mountain",
        "to": "beehive-bowl-climb",
        "distance_miles": 10.1,
        "baseline_minutes": 28,
        "traffic_risk": "low",
        "map_color": "#F59E0B",
        "energy_rebuild": true
      },
      "geometry": {
        "coordinates": [
          [
            -68.224818,
            44.352416
          ],
          [
            -68.225337,
            44.352966
          ],
          [
            -68.228123,
            44.352087
          ],
          [
            -68.229163,
            44.351053
          ],
          [
            -68.228943,
            44.348965
          ],
          [
            -68.230669,
            44.348861
          ],
          [
            -68.231531,
            44.350343
          ],
          [
            -68.231529,
            44.353001
          ],
          [
            -68.22845,
            44.355608
          ],
          [
            -68.228386,
            44.359229
          ],
          [
            -68.230363,
            44.361412
          ],
          [
            -68.231143,
            44.361522
          ],
          [
            -68.231197,
            44.358144
          ],
          [
            -68.232313,
            44.357998
          ],
          [
            -68.232661,
            44.360395
          ],
          [
            -68.233717,
            44.361274
          ],
          [
            -68.232581,
            44.36502
          ],
          [
            -68.233825,
            44.365485
          ],
          [
            -68.229437,
            44.368851
          ],
          [
            -68.229958,
            44.370596
          ],
          [
            -68.230886,
            44.370834
          ],
          [
            -68.231968,
            44.369755
          ],
          [
            -68.23468,
            44.36848
          ],
          [
            -68.238594,
            44.368894
          ],
          [
            -68.235346,
            44.371163
          ],
          [
            -68.233137,
            44.376637
          ],
          [
            -68.231115,
            44.37854
          ],
          [
            -68.228976,
            44.378425
          ],
          [
            -68.226637,
            44.377236
          ],
          [
            -68.223247,
            44.372682
          ],
          [
            -68.221235,
            44.373089
          ],
          [
            -68.221443,
            44.376129
          ],
          [
            -68.219333,
            44.377007
          ],
          [
            -68.217269,
            44.375751
          ],
          [
            -68.214776,
            44.373012
          ],
          [
            -68.211586,
            44.371261
          ],
          [
            -68.208789,
            44.370885
          ],
          [
            -68.20466,
            44.368828
          ],
          [
            -68.203165,
            44.364937
          ],
          [
            -68.203692,
            44.361839
          ],
          [
            -68.201608,
            44.359233
          ],
          [
            -68.200283,
            44.359104
          ],
          [
            -68.198604,
            44.359752
          ],
          [
            -68.196612,
            44.361761
          ],
          [
            -68.193976,
            44.363149
          ],
          [
            -68.192785,
            44.363008
          ],
          [
            -68.189159,
            44.360977
          ],
          [
            -68.188318,
            44.359453
          ],
          [
            -68.188683,
            44.357556
          ],
          [
            -68.187839,
            44.354375
          ],
          [
            -68.187645,
            44.347934
          ],
          [
            -68.183214,
            44.33902
          ],
          [
            -68.185122,
            44.333985
          ],
          [
            -68.185144,
            44.331063
          ],
          [
            -68.183567,
            44.329766
          ]
        ],
        "type": "LineString"
      }
    },
    {
      "type": "Feature",
      "id": "d5-beehive-bowl-climb-to-sk-tours-derry",
      "properties": {
        "feature_kind": "drive_leg",
        "route_id": "route-04",
        "day": 5,
        "date": "2026-10-08",
        "from": "beehive-bowl-climb",
        "to": "sk-tours-derry",
        "distance_miles": 55.6,
        "baseline_minutes": 97,
        "traffic_risk": "low",
        "map_color": "#F59E0B",
        "energy_rebuild": true
      },
      "geometry": {
        "coordinates": [
          [
            -68.183567,
            44.329766
          ],
          [
            -68.193319,
            44.314483
          ],
          [
            -68.203703,
            44.337849
          ],
          [
            -68.205768,
            44.359263
          ],
          [
            -68.196952,
            44.371793
          ],
          [
            -68.204278,
            44.387613
          ],
          [
            -68.217276,
            44.386671
          ],
          [
            -68.222578,
            44.380712
          ],
          [
            -68.239435,
            44.376434
          ],
          [
            -68.26151,
            44.375613
          ],
          [
            -68.284543,
            44.381084
          ],
          [
            -68.307353,
            44.363506
          ],
          [
            -68.323462,
            44.370436
          ],
          [
            -68.330625,
            44.368857
          ],
          [
            -68.334606,
            44.399002
          ],
          [
            -68.355452,
            44.411591
          ],
          [
            -68.368641,
            44.43287
          ],
          [
            -68.369488,
            44.448508
          ],
          [
            -68.361253,
            44.459377
          ],
          [
            -68.365788,
            44.483016
          ],
          [
            -68.395972,
            44.519375
          ],
          [
            -68.416048,
            44.516945
          ],
          [
            -68.42669,
            44.550133
          ],
          [
            -68.437682,
            44.561295
          ],
          [
            -68.509685,
            44.592756
          ],
          [
            -68.533072,
            44.624028
          ],
          [
            -68.562617,
            44.647546
          ],
          [
            -68.566876,
            44.664988
          ],
          [
            -68.577875,
            44.67241
          ],
          [
            -68.578999,
            44.682894
          ],
          [
            -68.631589,
            44.739951
          ],
          [
            -68.661604,
            44.754943
          ],
          [
            -68.683542,
            44.755318
          ],
          [
            -68.750405,
            44.783662
          ],
          [
            -68.772657,
            44.798797
          ],
          [
            -68.771302,
            44.801615
          ]
        ],
        "type": "LineString"
      }
    },
    {
      "type": "Feature",
      "id": "d5-sk-tours-derry-to-bangor-lodging",
      "properties": {
        "feature_kind": "drive_leg",
        "route_id": "route-04",
        "day": 5,
        "date": "2026-10-08",
        "from": "sk-tours-derry",
        "to": "bangor-lodging",
        "distance_miles": 0,
        "baseline_minutes": 1,
        "traffic_risk": "low",
        "map_color": "#F59E0B",
        "energy_rebuild": true
      },
      "geometry": {
        "coordinates": [
          [
            -68.771302,
            44.801615
          ],
          [
            -68.771203,
            44.801623
          ]
        ],
        "type": "LineString"
      }
    },
    {
      "type": "Feature",
      "id": "d6-bangor-lodging-to-skowhegan-falls-langlais",
      "properties": {
        "feature_kind": "drive_leg",
        "route_id": "route-04",
        "day": 6,
        "date": "2026-10-09",
        "from": "bangor-lodging",
        "to": "skowhegan-falls-langlais",
        "distance_miles": 53.8,
        "baseline_minutes": 76,
        "traffic_risk": "low",
        "map_color": "#F59E0B",
        "energy_rebuild": true
      },
      "geometry": {
        "coordinates": [
          [
            -68.771203,
            44.801623
          ],
          [
            -68.766137,
            44.794722
          ],
          [
            -68.770727,
            44.783882
          ],
          [
            -68.812799,
            44.787507
          ],
          [
            -68.810907,
            44.78423
          ],
          [
            -68.816634,
            44.781025
          ],
          [
            -68.880866,
            44.767731
          ],
          [
            -68.911292,
            44.762918
          ],
          [
            -68.939943,
            44.766603
          ],
          [
            -68.974762,
            44.75901
          ],
          [
            -69.011067,
            44.773861
          ],
          [
            -69.129444,
            44.78798
          ],
          [
            -69.201004,
            44.792008
          ],
          [
            -69.230699,
            44.808781
          ],
          [
            -69.287314,
            44.831935
          ],
          [
            -69.29024,
            44.837944
          ],
          [
            -69.369397,
            44.848213
          ],
          [
            -69.392965,
            44.841594
          ],
          [
            -69.421434,
            44.821702
          ],
          [
            -69.482093,
            44.795277
          ],
          [
            -69.522788,
            44.785274
          ],
          [
            -69.56157,
            44.762089
          ],
          [
            -69.591109,
            44.764908
          ],
          [
            -69.633538,
            44.777606
          ],
          [
            -69.664,
            44.77634
          ],
          [
            -69.672254,
            44.773416
          ],
          [
            -69.654665,
            44.760227
          ],
          [
            -69.650089,
            44.749616
          ],
          [
            -69.660888,
            44.755809
          ]
        ],
        "type": "LineString"
      }
    },
    {
      "type": "Feature",
      "id": "d6-skowhegan-falls-langlais-to-maine-mineral-gem",
      "properties": {
        "feature_kind": "drive_leg",
        "route_id": "route-04",
        "day": 6,
        "date": "2026-10-09",
        "from": "skowhegan-falls-langlais",
        "to": "maine-mineral-gem",
        "distance_miles": 83,
        "baseline_minutes": 132,
        "traffic_risk": "low",
        "map_color": "#F59E0B",
        "energy_rebuild": true
      },
      "geometry": {
        "coordinates": [
          [
            -69.660888,
            44.755809
          ],
          [
            -69.650089,
            44.749616
          ],
          [
            -69.654665,
            44.760227
          ],
          [
            -69.672254,
            44.773416
          ],
          [
            -69.691582,
            44.767089
          ],
          [
            -69.708067,
            44.772945
          ],
          [
            -69.720273,
            44.767038
          ],
          [
            -69.717635,
            44.76225
          ],
          [
            -69.785254,
            44.719641
          ],
          [
            -69.788747,
            44.712912
          ],
          [
            -69.797339,
            44.713606
          ],
          [
            -69.887404,
            44.680579
          ],
          [
            -69.928623,
            44.67668
          ],
          [
            -69.952512,
            44.665873
          ],
          [
            -69.962337,
            44.651871
          ],
          [
            -70.001145,
            44.636896
          ],
          [
            -70.01209,
            44.637063
          ],
          [
            -70.031079,
            44.645618
          ],
          [
            -70.050778,
            44.636066
          ],
          [
            -70.058851,
            44.622112
          ],
          [
            -70.089558,
            44.615824
          ],
          [
            -70.112304,
            44.594226
          ],
          [
            -70.138041,
            44.596088
          ],
          [
            -70.164711,
            44.575591
          ],
          [
            -70.210024,
            44.586719
          ],
          [
            -70.221511,
            44.581015
          ],
          [
            -70.245198,
            44.584693
          ],
          [
            -70.258323,
            44.593153
          ],
          [
            -70.271102,
            44.594774
          ],
          [
            -70.280893,
            44.589777
          ],
          [
            -70.285583,
            44.577077
          ],
          [
            -70.29861,
            44.572751
          ],
          [
            -70.324836,
            44.575663
          ],
          [
            -70.345219,
            44.586492
          ],
          [
            -70.36015,
            44.588675
          ],
          [
            -70.368789,
            44.584353
          ],
          [
            -70.379655,
            44.555061
          ],
          [
            -70.405124,
            44.54158
          ],
          [
            -70.410401,
            44.5173
          ],
          [
            -70.450425,
            44.530756
          ],
          [
            -70.463534,
            44.531168
          ],
          [
            -70.463959,
            44.526719
          ],
          [
            -70.473393,
            44.530422
          ],
          [
            -70.507286,
            44.528925
          ],
          [
            -70.539697,
            44.547791
          ],
          [
            -70.548871,
            44.542291
          ],
          [
            -70.542434,
            44.527831
          ],
          [
            -70.567974,
            44.511357
          ],
          [
            -70.601664,
            44.507159
          ],
          [
            -70.619265,
            44.512985
          ],
          [
            -70.624539,
            44.505575
          ],
          [
            -70.639318,
            44.498256
          ],
          [
            -70.645225,
            44.488264
          ],
          [
            -70.672147,
            44.501068
          ],
          [
            -70.675929,
            44.506801
          ],
          [
            -70.69254,
            44.498372
          ],
          [
            -70.705162,
            44.485681
          ],
          [
            -70.785979,
            44.487806
          ],
          [
            -70.795778,
            44.478541
          ],
          [
            -70.809327,
            44.443502
          ],
          [
            -70.797967,
            44.426474
          ],
          [
            -70.795399,
            44.412295
          ],
          [
            -70.787198,
            44.41323
          ],
          [
            -70.789763,
            44.404092
          ]
        ],
        "type": "LineString"
      }
    },
    {
      "type": "Feature",
      "id": "d6-maine-mineral-gem-to-bethel-lodging",
      "properties": {
        "feature_kind": "drive_leg",
        "route_id": "route-04",
        "day": 6,
        "date": "2026-10-09",
        "from": "maine-mineral-gem",
        "to": "bethel-lodging",
        "distance_miles": 0.2,
        "baseline_minutes": 1,
        "traffic_risk": "low",
        "map_color": "#F59E0B",
        "energy_rebuild": true
      },
      "geometry": {
        "coordinates": [
          [
            -70.789763,
            44.404092
          ],
          [
            -70.789444,
            44.404222
          ],
          [
            -70.789439,
            44.404338
          ],
          [
            -70.789739,
            44.404706
          ],
          [
            -70.790503,
            44.404944
          ],
          [
            -70.79071,
            44.404605
          ],
          [
            -70.79096,
            44.404473
          ],
          [
            -70.790702,
            44.404158
          ]
        ],
        "type": "LineString"
      }
    },
    {
      "type": "Feature",
      "id": "d7-bethel-lodging-to-wife-carrying-championship",
      "properties": {
        "feature_kind": "drive_leg",
        "route_id": "route-04",
        "day": 7,
        "date": "2026-10-10",
        "from": "bethel-lodging",
        "to": "wife-carrying-championship",
        "distance_miles": 7.6,
        "baseline_minutes": 16,
        "traffic_risk": "medium",
        "map_color": "#F59E0B",
        "energy_rebuild": true
      },
      "geometry": {
        "coordinates": [
          [
            -70.790702,
            44.404158
          ],
          [
            -70.788444,
            44.408537
          ],
          [
            -70.78808,
            44.411797
          ],
          [
            -70.787095,
            44.413356
          ],
          [
            -70.791774,
            44.413193
          ],
          [
            -70.795399,
            44.412295
          ],
          [
            -70.797371,
            44.417066
          ],
          [
            -70.797967,
            44.426474
          ],
          [
            -70.800721,
            44.4315
          ],
          [
            -70.804898,
            44.435318
          ],
          [
            -70.808784,
            44.44079
          ],
          [
            -70.809338,
            44.442774
          ],
          [
            -70.808972,
            44.446725
          ],
          [
            -70.809912,
            44.447375
          ],
          [
            -70.812217,
            44.45264
          ],
          [
            -70.818946,
            44.459758
          ],
          [
            -70.820806,
            44.46079
          ],
          [
            -70.823804,
            44.461428
          ],
          [
            -70.826138,
            44.463049
          ],
          [
            -70.829959,
            44.468655
          ],
          [
            -70.833294,
            44.472104
          ],
          [
            -70.843674,
            44.470934
          ],
          [
            -70.850491,
            44.47182
          ],
          [
            -70.856323,
            44.474159
          ],
          [
            -70.861339,
            44.474939
          ],
          [
            -70.864188,
            44.474963
          ],
          [
            -70.864112,
            44.473451
          ]
        ],
        "type": "LineString"
      }
    },
    {
      "type": "Feature",
      "id": "d7-wife-carrying-championship-to-mount-washington-cog",
      "properties": {
        "feature_kind": "drive_leg",
        "route_id": "route-04",
        "day": 7,
        "date": "2026-10-10",
        "from": "wife-carrying-championship",
        "to": "mount-washington-cog",
        "distance_miles": 50.2,
        "baseline_minutes": 107,
        "traffic_risk": "medium",
        "map_color": "#F59E0B",
        "energy_rebuild": true
      },
      "geometry": {
        "coordinates": [
          [
            -70.864112,
            44.473451
          ],
          [
            -70.864188,
            44.474963
          ],
          [
            -70.861339,
            44.474939
          ],
          [
            -70.843674,
            44.470934
          ],
          [
            -70.833294,
            44.472104
          ],
          [
            -70.826138,
            44.463049
          ],
          [
            -70.818946,
            44.459758
          ],
          [
            -70.812217,
            44.45264
          ],
          [
            -70.808784,
            44.44079
          ],
          [
            -70.797967,
            44.426474
          ],
          [
            -70.796058,
            44.409512
          ],
          [
            -70.807613,
            44.409597
          ],
          [
            -70.82236,
            44.412198
          ],
          [
            -70.830428,
            44.416403
          ],
          [
            -70.837415,
            44.416228
          ],
          [
            -70.86127,
            44.401963
          ],
          [
            -70.876283,
            44.398864
          ],
          [
            -70.896874,
            44.40661
          ],
          [
            -70.922935,
            44.405182
          ],
          [
            -70.929552,
            44.399522
          ],
          [
            -70.936117,
            44.397837
          ],
          [
            -70.963981,
            44.396119
          ],
          [
            -70.982253,
            44.391998
          ],
          [
            -70.995065,
            44.395806
          ],
          [
            -71.019298,
            44.384416
          ],
          [
            -71.035995,
            44.393164
          ],
          [
            -71.048003,
            44.392662
          ],
          [
            -71.058751,
            44.398412
          ],
          [
            -71.072355,
            44.397323
          ],
          [
            -71.079774,
            44.402868
          ],
          [
            -71.081149,
            44.406574
          ],
          [
            -71.087231,
            44.407892
          ],
          [
            -71.099596,
            44.405841
          ],
          [
            -71.120006,
            44.396229
          ],
          [
            -71.132188,
            44.387292
          ],
          [
            -71.157573,
            44.384914
          ],
          [
            -71.180636,
            44.390011
          ],
          [
            -71.19333,
            44.395102
          ],
          [
            -71.195336,
            44.398262
          ],
          [
            -71.21235,
            44.399942
          ],
          [
            -71.219877,
            44.397796
          ],
          [
            -71.228943,
            44.386665
          ],
          [
            -71.275856,
            44.372164
          ],
          [
            -71.296855,
            44.370868
          ],
          [
            -71.325994,
            44.365152
          ],
          [
            -71.343608,
            44.357959
          ],
          [
            -71.365551,
            44.358992
          ],
          [
            -71.380745,
            44.355183
          ],
          [
            -71.388614,
            44.357135
          ],
          [
            -71.390596,
            44.345116
          ],
          [
            -71.388431,
            44.339127
          ],
          [
            -71.38187,
            44.333668
          ],
          [
            -71.36995,
            44.328987
          ],
          [
            -71.368038,
            44.320093
          ],
          [
            -71.359759,
            44.30633
          ],
          [
            -71.350885,
            44.301691
          ],
          [
            -71.354738,
            44.297451
          ],
          [
            -71.34882,
            44.290006
          ],
          [
            -71.382258,
            44.263715
          ],
          [
            -71.356241,
            44.267199
          ],
          [
            -71.350618,
            44.270378
          ]
        ],
        "type": "LineString"
      }
    },
    {
      "type": "Feature",
      "id": "d7-mount-washington-cog-to-st-johnsbury-lodging",
      "properties": {
        "feature_kind": "drive_leg",
        "route_id": "route-04",
        "day": 7,
        "date": "2026-10-10",
        "from": "mount-washington-cog",
        "to": "st-johnsbury-lodging",
        "distance_miles": 43.3,
        "baseline_minutes": 69,
        "traffic_risk": "medium",
        "map_color": "#F59E0B",
        "energy_rebuild": true
      },
      "geometry": {
        "coordinates": [
          [
            -71.350618,
            44.270378
          ],
          [
            -71.356241,
            44.267199
          ],
          [
            -71.383404,
            44.263449
          ],
          [
            -71.395631,
            44.257851
          ],
          [
            -71.403493,
            44.260247
          ],
          [
            -71.411704,
            44.267919
          ],
          [
            -71.430935,
            44.261174
          ],
          [
            -71.448724,
            44.259514
          ],
          [
            -71.471612,
            44.269504
          ],
          [
            -71.496825,
            44.264701
          ],
          [
            -71.515583,
            44.271496
          ],
          [
            -71.528663,
            44.268596
          ],
          [
            -71.546137,
            44.272711
          ],
          [
            -71.5543,
            44.272706
          ],
          [
            -71.561954,
            44.276088
          ],
          [
            -71.577121,
            44.27197
          ],
          [
            -71.588966,
            44.2747
          ],
          [
            -71.593478,
            44.271542
          ],
          [
            -71.609905,
            44.270702
          ],
          [
            -71.618778,
            44.26666
          ],
          [
            -71.627642,
            44.268943
          ],
          [
            -71.632363,
            44.272924
          ],
          [
            -71.653333,
            44.282033
          ],
          [
            -71.717445,
            44.278671
          ],
          [
            -71.722064,
            44.281404
          ],
          [
            -71.74297,
            44.284774
          ],
          [
            -71.752406,
            44.292806
          ],
          [
            -71.76633,
            44.294472
          ],
          [
            -71.779299,
            44.303996
          ],
          [
            -71.794507,
            44.303358
          ],
          [
            -71.799358,
            44.31033
          ],
          [
            -71.796212,
            44.322145
          ],
          [
            -71.800335,
            44.325656
          ],
          [
            -71.823908,
            44.322073
          ],
          [
            -71.838003,
            44.314225
          ],
          [
            -71.852291,
            44.313464
          ],
          [
            -71.86465,
            44.3175
          ],
          [
            -71.869873,
            44.327395
          ],
          [
            -71.887855,
            44.336821
          ],
          [
            -71.897023,
            44.358508
          ],
          [
            -71.905872,
            44.371482
          ],
          [
            -71.92196,
            44.381729
          ],
          [
            -71.918583,
            44.401911
          ],
          [
            -71.919866,
            44.409727
          ],
          [
            -71.923948,
            44.415157
          ],
          [
            -71.942432,
            44.427211
          ],
          [
            -71.948596,
            44.428333
          ],
          [
            -71.956999,
            44.42632
          ],
          [
            -71.964604,
            44.43005
          ],
          [
            -71.977657,
            44.428102
          ],
          [
            -71.98324,
            44.42166
          ],
          [
            -72.015711,
            44.419447
          ]
        ],
        "type": "LineString"
      }
    },
    {
      "type": "Feature",
      "id": "d8-st-johnsbury-lodging-to-dormition-orthodox",
      "properties": {
        "feature_kind": "drive_leg",
        "route_id": "route-04",
        "day": 8,
        "date": "2026-10-11",
        "from": "st-johnsbury-lodging",
        "to": "dormition-orthodox",
        "distance_miles": 76.2,
        "baseline_minutes": 98,
        "traffic_risk": "low",
        "map_color": "#F59E0B",
        "energy_rebuild": true
      },
      "geometry": {
        "coordinates": [
          [
            -72.015711,
            44.419447
          ],
          [
            -72.020419,
            44.416368
          ],
          [
            -72.028687,
            44.418416
          ],
          [
            -72.044281,
            44.441712
          ],
          [
            -72.056628,
            44.444561
          ],
          [
            -72.076017,
            44.435072
          ],
          [
            -72.102246,
            44.430171
          ],
          [
            -72.139657,
            44.411593
          ],
          [
            -72.212979,
            44.406387
          ],
          [
            -72.219644,
            44.401234
          ],
          [
            -72.2377,
            44.397877
          ],
          [
            -72.254106,
            44.38871
          ],
          [
            -72.264929,
            44.371743
          ],
          [
            -72.299391,
            44.363826
          ],
          [
            -72.317779,
            44.36384
          ],
          [
            -72.35541,
            44.351126
          ],
          [
            -72.372801,
            44.3389
          ],
          [
            -72.383434,
            44.319484
          ],
          [
            -72.396632,
            44.311588
          ],
          [
            -72.39936,
            44.291576
          ],
          [
            -72.425134,
            44.278231
          ],
          [
            -72.436686,
            44.27838
          ],
          [
            -72.45974,
            44.269038
          ],
          [
            -72.48645,
            44.271266
          ],
          [
            -72.499777,
            44.261478
          ],
          [
            -72.505145,
            44.243641
          ],
          [
            -72.525467,
            44.237184
          ],
          [
            -72.545466,
            44.242888
          ],
          [
            -72.553048,
            44.249649
          ],
          [
            -72.567489,
            44.249776
          ],
          [
            -72.582595,
            44.260169
          ],
          [
            -72.596428,
            44.251691
          ],
          [
            -72.603887,
            44.260455
          ],
          [
            -72.656314,
            44.278523
          ],
          [
            -72.666668,
            44.290242
          ],
          [
            -72.686325,
            44.299078
          ],
          [
            -72.696983,
            44.313417
          ],
          [
            -72.722816,
            44.31708
          ],
          [
            -72.742955,
            44.329009
          ],
          [
            -72.749323,
            44.341683
          ],
          [
            -72.79713,
            44.359875
          ],
          [
            -72.823422,
            44.359468
          ],
          [
            -72.931964,
            44.38364
          ],
          [
            -72.984571,
            44.400978
          ],
          [
            -73.005452,
            44.42334
          ],
          [
            -73.027028,
            44.422656
          ],
          [
            -73.042788,
            44.432925
          ],
          [
            -73.130097,
            44.440962
          ],
          [
            -73.17745,
            44.449666
          ],
          [
            -73.181761,
            44.453818
          ],
          [
            -73.208723,
            44.448358
          ],
          [
            -73.207757,
            44.463048
          ],
          [
            -73.20174,
            44.464405
          ]
        ],
        "type": "LineString"
      }
    },
    {
      "type": "Feature",
      "id": "d8-dormition-orthodox-to-arbortrek-smugglers",
      "properties": {
        "feature_kind": "drive_leg",
        "route_id": "route-04",
        "day": 8,
        "date": "2026-10-11",
        "from": "dormition-orthodox",
        "to": "arbortrek-smugglers",
        "distance_miles": 41.7,
        "baseline_minutes": 68,
        "traffic_risk": "low",
        "map_color": "#F59E0B",
        "energy_rebuild": true
      },
      "geometry": {
        "coordinates": [
          [
            -73.20174,
            44.464405
          ],
          [
            -73.200553,
            44.480744
          ],
          [
            -73.187591,
            44.484544
          ],
          [
            -73.186492,
            44.494068
          ],
          [
            -73.180956,
            44.505962
          ],
          [
            -73.190764,
            44.511741
          ],
          [
            -73.197154,
            44.539257
          ],
          [
            -73.179895,
            44.561897
          ],
          [
            -73.176108,
            44.579463
          ],
          [
            -73.170282,
            44.589009
          ],
          [
            -73.17151,
            44.602758
          ],
          [
            -73.150638,
            44.627637
          ],
          [
            -73.141187,
            44.634747
          ],
          [
            -73.137965,
            44.659902
          ],
          [
            -73.126535,
            44.687968
          ],
          [
            -73.12071,
            44.693901
          ],
          [
            -73.110745,
            44.69771
          ],
          [
            -73.107149,
            44.697124
          ],
          [
            -73.107817,
            44.694909
          ],
          [
            -73.098247,
            44.689136
          ],
          [
            -73.095061,
            44.684015
          ],
          [
            -73.083111,
            44.680217
          ],
          [
            -73.072934,
            44.67993
          ],
          [
            -73.0599,
            44.683685
          ],
          [
            -73.039714,
            44.680547
          ],
          [
            -73.03377,
            44.683569
          ],
          [
            -73.029551,
            44.683101
          ],
          [
            -73.008903,
            44.665306
          ],
          [
            -73.008575,
            44.654454
          ],
          [
            -72.996247,
            44.653062
          ],
          [
            -72.984477,
            44.646171
          ],
          [
            -72.95999,
            44.649078
          ],
          [
            -72.929058,
            44.638394
          ],
          [
            -72.892759,
            44.647273
          ],
          [
            -72.875506,
            44.644825
          ],
          [
            -72.871859,
            44.648193
          ],
          [
            -72.865073,
            44.645951
          ],
          [
            -72.829201,
            44.643652
          ],
          [
            -72.825582,
            44.63836
          ],
          [
            -72.831018,
            44.627014
          ],
          [
            -72.81372,
            44.613343
          ],
          [
            -72.806405,
            44.59791
          ],
          [
            -72.787213,
            44.586204
          ],
          [
            -72.778177,
            44.577595
          ],
          [
            -72.776817,
            44.572276
          ],
          [
            -72.771096,
            44.570185
          ]
        ],
        "type": "LineString"
      }
    },
    {
      "type": "Feature",
      "id": "d8-arbortrek-smugglers-to-stowe-lodging",
      "properties": {
        "feature_kind": "drive_leg",
        "route_id": "route-04",
        "day": 8,
        "date": "2026-10-11",
        "from": "arbortrek-smugglers",
        "to": "stowe-lodging",
        "distance_miles": 11.7,
        "baseline_minutes": 27,
        "traffic_risk": "low",
        "map_color": "#F59E0B",
        "energy_rebuild": true
      },
      "geometry": {
        "coordinates": [
          [
            -72.771096,
            44.570185
          ],
          [
            -72.774395,
            44.572446
          ],
          [
            -72.781913,
            44.570874
          ],
          [
            -72.786757,
            44.560109
          ],
          [
            -72.789584,
            44.557549
          ],
          [
            -72.794528,
            44.556507
          ],
          [
            -72.796782,
            44.553759
          ],
          [
            -72.796966,
            44.551647
          ],
          [
            -72.791762,
            44.544467
          ],
          [
            -72.792548,
            44.541834
          ],
          [
            -72.790036,
            44.535082
          ],
          [
            -72.771789,
            44.520954
          ],
          [
            -72.760664,
            44.503454
          ],
          [
            -72.74515,
            44.499327
          ],
          [
            -72.740224,
            44.491678
          ],
          [
            -72.729266,
            44.488756
          ],
          [
            -72.726988,
            44.481271
          ],
          [
            -72.722026,
            44.477122
          ],
          [
            -72.71594,
            44.47423
          ],
          [
            -72.707393,
            44.472389
          ],
          [
            -72.701674,
            44.474751
          ],
          [
            -72.689833,
            44.472942
          ],
          [
            -72.68741,
            44.470165
          ],
          [
            -72.688729,
            44.467056
          ],
          [
            -72.68554,
            44.464398
          ]
        ],
        "type": "LineString"
      }
    },
    {
      "type": "Feature",
      "id": "d9-stowe-lodging-to-beast-mountain-coaster",
      "properties": {
        "feature_kind": "drive_leg",
        "route_id": "route-04",
        "day": 9,
        "date": "2026-10-12",
        "from": "stowe-lodging",
        "to": "beast-mountain-coaster",
        "distance_miles": 79.3,
        "baseline_minutes": 112,
        "traffic_risk": "low",
        "map_color": "#F59E0B",
        "energy_rebuild": true
      },
      "geometry": {
        "coordinates": [
          [
            -72.68554,
            44.464398
          ],
          [
            -72.721732,
            44.422885
          ],
          [
            -72.720733,
            44.380313
          ],
          [
            -72.737294,
            44.353339
          ],
          [
            -72.75571,
            44.343498
          ],
          [
            -72.740587,
            44.327068
          ],
          [
            -72.697604,
            44.313518
          ],
          [
            -72.657775,
            44.279037
          ],
          [
            -72.603722,
            44.26014
          ],
          [
            -72.586642,
            44.244611
          ],
          [
            -72.576929,
            44.171034
          ],
          [
            -72.61286,
            44.107003
          ],
          [
            -72.605028,
            44.051844
          ],
          [
            -72.627995,
            43.986966
          ],
          [
            -72.61669,
            43.880644
          ],
          [
            -72.581378,
            43.825489
          ],
          [
            -72.630816,
            43.828198
          ],
          [
            -72.639594,
            43.81228
          ],
          [
            -72.662792,
            43.807206
          ],
          [
            -72.663869,
            43.793719
          ],
          [
            -72.723538,
            43.758713
          ],
          [
            -72.767346,
            43.776382
          ],
          [
            -72.811068,
            43.775288
          ],
          [
            -72.826985,
            43.714399
          ],
          [
            -72.80935,
            43.674204
          ],
          [
            -72.789302,
            43.657074
          ],
          [
            -72.796702,
            43.625601
          ]
        ],
        "type": "LineString"
      }
    },
    {
      "type": "Feature",
      "id": "d9-beast-mountain-coaster-to-k1-scenic-gondola",
      "properties": {
        "feature_kind": "drive_leg",
        "route_id": "route-04",
        "day": 9,
        "date": "2026-10-12",
        "from": "beast-mountain-coaster",
        "to": "k1-scenic-gondola",
        "distance_miles": 5.4,
        "baseline_minutes": 33,
        "traffic_risk": "low",
        "map_color": "#F59E0B",
        "energy_rebuild": true
      },
      "geometry": {
        "coordinates": [
          [
            -72.796702,
            43.625601
          ],
          [
            -72.798076,
            43.626078
          ],
          [
            -72.799169,
            43.623923
          ],
          [
            -72.800236,
            43.620322
          ],
          [
            -72.801753,
            43.617534
          ],
          [
            -72.800544,
            43.617576
          ],
          [
            -72.797266,
            43.618717
          ],
          [
            -72.797431,
            43.617639
          ],
          [
            -72.79653,
            43.616704
          ],
          [
            -72.796933,
            43.615985
          ],
          [
            -72.795618,
            43.615142
          ],
          [
            -72.791616,
            43.610656
          ],
          [
            -72.791563,
            43.609351
          ],
          [
            -72.79244,
            43.607925
          ],
          [
            -72.793987,
            43.607192
          ],
          [
            -72.795312,
            43.605436
          ],
          [
            -72.795583,
            43.60319
          ],
          [
            -72.796251,
            43.603263
          ],
          [
            -72.79814,
            43.604278
          ],
          [
            -72.798186,
            43.605607
          ],
          [
            -72.802284,
            43.605767
          ],
          [
            -72.808349,
            43.605381
          ],
          [
            -72.809959,
            43.605863
          ],
          [
            -72.812255,
            43.605373
          ],
          [
            -72.814162,
            43.605285
          ],
          [
            -72.815881,
            43.60674
          ],
          [
            -72.818266,
            43.608024
          ],
          [
            -72.82021,
            43.609757
          ],
          [
            -72.819292,
            43.611022
          ],
          [
            -72.81943,
            43.612321
          ],
          [
            -72.818546,
            43.613937
          ],
          [
            -72.818232,
            43.613922
          ],
          [
            -72.817992,
            43.613427
          ],
          [
            -72.813148,
            43.616249
          ],
          [
            -72.812766,
            43.616831
          ],
          [
            -72.812905,
            43.617384
          ],
          [
            -72.812245,
            43.617773
          ],
          [
            -72.813034,
            43.619192
          ],
          [
            -72.809064,
            43.618788
          ],
          [
            -72.810003,
            43.620487
          ],
          [
            -72.808351,
            43.620419
          ],
          [
            -72.804768,
            43.618589
          ],
          [
            -72.804042,
            43.617551
          ]
        ],
        "type": "LineString"
      }
    },
    {
      "type": "Feature",
      "id": "d9-k1-scenic-gondola-to-quechee-gorge",
      "properties": {
        "feature_kind": "drive_leg",
        "route_id": "route-04",
        "day": 9,
        "date": "2026-10-12",
        "from": "k1-scenic-gondola",
        "to": "quechee-gorge",
        "distance_miles": 35,
        "baseline_minutes": 87,
        "traffic_risk": "low",
        "map_color": "#F59E0B",
        "energy_rebuild": true
      },
      "geometry": {
        "coordinates": [
          [
            -72.804042,
            43.617551
          ],
          [
            -72.808351,
            43.620419
          ],
          [
            -72.809064,
            43.618788
          ],
          [
            -72.813034,
            43.619192
          ],
          [
            -72.813148,
            43.616249
          ],
          [
            -72.818546,
            43.613937
          ],
          [
            -72.82021,
            43.609757
          ],
          [
            -72.814162,
            43.605285
          ],
          [
            -72.798186,
            43.605607
          ],
          [
            -72.795583,
            43.60319
          ],
          [
            -72.791498,
            43.61033
          ],
          [
            -72.797266,
            43.618717
          ],
          [
            -72.801753,
            43.617534
          ],
          [
            -72.797958,
            43.626673
          ],
          [
            -72.79972,
            43.635175
          ],
          [
            -72.787519,
            43.637534
          ],
          [
            -72.790802,
            43.660054
          ],
          [
            -72.789541,
            43.663272
          ],
          [
            -72.785218,
            43.665271
          ],
          [
            -72.77318,
            43.658109
          ],
          [
            -72.759487,
            43.620055
          ],
          [
            -72.751735,
            43.610934
          ],
          [
            -72.749463,
            43.600341
          ],
          [
            -72.731101,
            43.603925
          ],
          [
            -72.720663,
            43.598934
          ],
          [
            -72.713984,
            43.599911
          ],
          [
            -72.708574,
            43.594489
          ],
          [
            -72.701963,
            43.592287
          ],
          [
            -72.683342,
            43.59827
          ],
          [
            -72.671469,
            43.598347
          ],
          [
            -72.66272,
            43.590364
          ],
          [
            -72.652245,
            43.587165
          ],
          [
            -72.640633,
            43.58886
          ],
          [
            -72.615706,
            43.586007
          ],
          [
            -72.606976,
            43.594266
          ],
          [
            -72.595497,
            43.599578
          ],
          [
            -72.567283,
            43.601031
          ],
          [
            -72.551835,
            43.6083
          ],
          [
            -72.543153,
            43.616745
          ],
          [
            -72.522786,
            43.622396
          ],
          [
            -72.514176,
            43.626794
          ],
          [
            -72.507038,
            43.626553
          ],
          [
            -72.501105,
            43.635361
          ],
          [
            -72.489329,
            43.638632
          ],
          [
            -72.47393,
            43.638093
          ],
          [
            -72.46853,
            43.630441
          ],
          [
            -72.458526,
            43.626898
          ],
          [
            -72.455079,
            43.628554
          ],
          [
            -72.454985,
            43.633917
          ],
          [
            -72.443805,
            43.638166
          ],
          [
            -72.436206,
            43.644805
          ],
          [
            -72.414105,
            43.64242
          ],
          [
            -72.407946,
            43.637254
          ]
        ],
        "type": "LineString"
      }
    },
    {
      "type": "Feature",
      "id": "d9-quechee-gorge-to-woodstock-lodging",
      "properties": {
        "feature_kind": "drive_leg",
        "route_id": "route-04",
        "day": 9,
        "date": "2026-10-12",
        "from": "quechee-gorge",
        "to": "woodstock-lodging",
        "distance_miles": 7.6,
        "baseline_minutes": 16,
        "traffic_risk": "low",
        "map_color": "#F59E0B",
        "energy_rebuild": true
      },
      "geometry": {
        "coordinates": [
          [
            -72.407946,
            43.637254
          ],
          [
            -72.4106,
            43.638203
          ],
          [
            -72.412114,
            43.641199
          ],
          [
            -72.414105,
            43.64242
          ],
          [
            -72.418199,
            43.642872
          ],
          [
            -72.424973,
            43.644637
          ],
          [
            -72.429098,
            43.644029
          ],
          [
            -72.432484,
            43.644761
          ],
          [
            -72.436206,
            43.644805
          ],
          [
            -72.438424,
            43.644223
          ],
          [
            -72.440077,
            43.643
          ],
          [
            -72.442284,
            43.639479
          ],
          [
            -72.443805,
            43.638166
          ],
          [
            -72.447251,
            43.636502
          ],
          [
            -72.454985,
            43.633917
          ],
          [
            -72.455813,
            43.632345
          ],
          [
            -72.455079,
            43.628554
          ],
          [
            -72.456535,
            43.627227
          ],
          [
            -72.458526,
            43.626898
          ],
          [
            -72.466473,
            43.629212
          ],
          [
            -72.46853,
            43.630441
          ],
          [
            -72.470554,
            43.633376
          ],
          [
            -72.471471,
            43.636278
          ],
          [
            -72.47393,
            43.638093
          ],
          [
            -72.477692,
            43.638583
          ],
          [
            -72.482683,
            43.63812
          ],
          [
            -72.486102,
            43.638808
          ],
          [
            -72.488755,
            43.638733
          ],
          [
            -72.494627,
            43.636315
          ],
          [
            -72.499341,
            43.636099
          ],
          [
            -72.500889,
            43.635508
          ],
          [
            -72.504632,
            43.632384
          ],
          [
            -72.507038,
            43.626553
          ],
          [
            -72.514003,
            43.626832
          ],
          [
            -72.517815,
            43.625319
          ],
          [
            -72.518438,
            43.623476
          ],
          [
            -72.518356,
            43.624072
          ]
        ],
        "type": "LineString"
      }
    },
    {
      "type": "Feature",
      "id": "d10-woodstock-lodging-to-lost-river-gorge",
      "properties": {
        "feature_kind": "drive_leg",
        "route_id": "route-04",
        "day": 10,
        "date": "2026-10-13",
        "from": "woodstock-lodging",
        "to": "lost-river-gorge",
        "distance_miles": 67.7,
        "baseline_minutes": 112,
        "traffic_risk": "low",
        "map_color": "#F59E0B",
        "energy_rebuild": true
      },
      "geometry": {
        "coordinates": [
          [
            -72.518356,
            43.624072
          ],
          [
            -72.507038,
            43.626553
          ],
          [
            -72.500423,
            43.635771
          ],
          [
            -72.487579,
            43.638845
          ],
          [
            -72.47393,
            43.638093
          ],
          [
            -72.468313,
            43.630296
          ],
          [
            -72.457071,
            43.627046
          ],
          [
            -72.454985,
            43.633917
          ],
          [
            -72.437897,
            43.644412
          ],
          [
            -72.406627,
            43.648234
          ],
          [
            -72.397704,
            43.645909
          ],
          [
            -72.382613,
            43.664036
          ],
          [
            -72.35224,
            43.658247
          ],
          [
            -72.346219,
            43.645049
          ],
          [
            -72.336896,
            43.638676
          ],
          [
            -72.337038,
            43.647312
          ],
          [
            -72.320644,
            43.661855
          ],
          [
            -72.306457,
            43.705452
          ],
          [
            -72.271151,
            43.738241
          ],
          [
            -72.240874,
            43.751821
          ],
          [
            -72.224149,
            43.765511
          ],
          [
            -72.214001,
            43.790693
          ],
          [
            -72.219297,
            43.800837
          ],
          [
            -72.217055,
            43.810939
          ],
          [
            -72.171712,
            43.89271
          ],
          [
            -72.151299,
            43.905093
          ],
          [
            -72.140819,
            43.908502
          ],
          [
            -72.137086,
            43.905278
          ],
          [
            -72.12204,
            43.911762
          ],
          [
            -72.113555,
            43.922541
          ],
          [
            -72.111573,
            43.942694
          ],
          [
            -72.096084,
            43.958021
          ],
          [
            -72.083284,
            43.962549
          ],
          [
            -72.080692,
            43.984442
          ],
          [
            -72.067933,
            44.015205
          ],
          [
            -72.06915,
            44.0256
          ],
          [
            -72.05788,
            44.043067
          ],
          [
            -72.047552,
            44.035267
          ],
          [
            -72.023314,
            44.027619
          ],
          [
            -72.01518,
            44.029026
          ],
          [
            -72.007678,
            44.051924
          ],
          [
            -72.009708,
            44.064183
          ],
          [
            -71.9963,
            44.065223
          ],
          [
            -71.985199,
            44.077192
          ],
          [
            -71.952911,
            44.087513
          ],
          [
            -71.936135,
            44.100477
          ],
          [
            -71.915805,
            44.098608
          ],
          [
            -71.903459,
            44.103251
          ],
          [
            -71.886619,
            44.096175
          ],
          [
            -71.837393,
            44.097739
          ],
          [
            -71.796184,
            44.077007
          ],
          [
            -71.78897,
            44.038015
          ]
        ],
        "type": "LineString"
      }
    },
    {
      "type": "Feature",
      "id": "d10-lost-river-gorge-to-manchester-lodging",
      "properties": {
        "feature_kind": "drive_leg",
        "route_id": "route-04",
        "day": 10,
        "date": "2026-10-13",
        "from": "lost-river-gorge",
        "to": "manchester-lodging",
        "distance_miles": 86.2,
        "baseline_minutes": 104,
        "traffic_risk": "low",
        "map_color": "#F59E0B",
        "energy_rebuild": true
      },
      "geometry": {
        "coordinates": [
          [
            -71.78897,
            44.038015
          ],
          [
            -71.743295,
            44.019559
          ],
          [
            -71.698527,
            44.032792
          ],
          [
            -71.680828,
            44.034298
          ],
          [
            -71.67772,
            44.027579
          ],
          [
            -71.671102,
            43.994605
          ],
          [
            -71.691949,
            43.909145
          ],
          [
            -71.674154,
            43.873566
          ],
          [
            -71.645639,
            43.848479
          ],
          [
            -71.677062,
            43.802329
          ],
          [
            -71.682917,
            43.770336
          ],
          [
            -71.64301,
            43.691961
          ],
          [
            -71.65295,
            43.631137
          ],
          [
            -71.621647,
            43.591856
          ],
          [
            -71.617822,
            43.507309
          ],
          [
            -71.570389,
            43.451095
          ],
          [
            -71.591047,
            43.426211
          ],
          [
            -71.616372,
            43.340073
          ],
          [
            -71.58906,
            43.315311
          ],
          [
            -71.539093,
            43.23677
          ],
          [
            -71.522702,
            43.187409
          ],
          [
            -71.530637,
            43.170769
          ],
          [
            -71.509393,
            43.15673
          ],
          [
            -71.475656,
            43.107975
          ],
          [
            -71.471988,
            43.047443
          ],
          [
            -71.488631,
            43.023408
          ],
          [
            -71.472741,
            42.993759
          ],
          [
            -71.454803,
            42.995617
          ]
        ],
        "type": "LineString"
      }
    },
    {
      "type": "Feature",
      "id": "d11-manchester-lodging-to-flw-houses",
      "properties": {
        "feature_kind": "drive_leg",
        "route_id": "route-04",
        "day": 11,
        "date": "2026-10-14",
        "from": "manchester-lodging",
        "to": "flw-houses",
        "distance_miles": 0.8,
        "baseline_minutes": 2,
        "traffic_risk": "medium",
        "map_color": "#F59E0B",
        "energy_rebuild": true
      },
      "geometry": {
        "coordinates": [
          [
            -71.454803,
            42.995617
          ],
          [
            -71.453734,
            42.995767
          ],
          [
            -71.455748,
            43.006705
          ]
        ],
        "type": "LineString"
      }
    },
    {
      "type": "Feature",
      "id": "d11-flw-houses-to-boston-logan-hotel",
      "properties": {
        "feature_kind": "drive_leg",
        "route_id": "route-04",
        "day": 11,
        "date": "2026-10-14",
        "from": "flw-houses",
        "to": "boston-logan-hotel",
        "distance_miles": 56.2,
        "baseline_minutes": 73,
        "traffic_risk": "medium",
        "map_color": "#F59E0B",
        "energy_rebuild": true
      },
      "geometry": {
        "coordinates": [
          [
            -71.455748,
            43.006705
          ],
          [
            -71.442002,
            43.01966
          ],
          [
            -71.417817,
            42.993705
          ],
          [
            -71.409104,
            42.958697
          ],
          [
            -71.38514,
            42.939168
          ],
          [
            -71.338228,
            42.863996
          ],
          [
            -71.27295,
            42.809558
          ],
          [
            -71.26875,
            42.788275
          ],
          [
            -71.247105,
            42.779447
          ],
          [
            -71.205115,
            42.738214
          ],
          [
            -71.20928,
            42.696875
          ],
          [
            -71.102803,
            42.461965
          ],
          [
            -71.103333,
            42.410611
          ],
          [
            -71.056484,
            42.362066
          ],
          [
            -71.03722,
            42.373724
          ],
          [
            -71.016767,
            42.366379
          ]
        ],
        "type": "LineString"
      }
    },
    {
      "type": "Feature",
      "id": "nubble-light",
      "properties": {
        "feature_kind": "place",
        "route_id": "route-04",
        "place_id": "nubble-light",
        "name": "Nubble Light from Sohier Park",
        "city": "York",
        "state": "ME",
        "visit_date": "2026-10-04",
        "priority": "anchor",
        "included_in_magic_score": true,
        "experience_bucket": "wild-terrain-scenic",
        "energy_rebuild_role": "active-core"
      },
      "geometry": {
        "type": "Point",
        "coordinates": [
          -70.591,
          43.165
        ]
      }
    },
    {
      "type": "Feature",
      "id": "uss-albacore",
      "properties": {
        "feature_kind": "place",
        "route_id": "route-04",
        "place_id": "uss-albacore",
        "name": "USS Albacore: The Teardrop-Hull Experiment",
        "city": "Portsmouth",
        "state": "NH",
        "visit_date": "2026-10-05",
        "priority": "anchor",
        "included_in_magic_score": true,
        "experience_bucket": "working-machine-infrastructure",
        "energy_rebuild_role": "active-core"
      },
      "geometry": {
        "type": "Point",
        "coordinates": [
          -70.7736,
          43.0821
        ]
      }
    },
    {
      "type": "Feature",
      "id": "african-burying-ground",
      "properties": {
        "feature_kind": "place",
        "route_id": "route-04",
        "place_id": "african-burying-ground",
        "name": "African Burying Ground Memorial Park",
        "city": "Portsmouth",
        "state": "NH",
        "visit_date": "2026-10-04",
        "priority": "optional",
        "included_in_magic_score": false,
        "energy_rebuild_role": "documented-alternative"
      },
      "geometry": {
        "type": "Point",
        "coordinates": [
          -70.7597,
          43.076
        ]
      }
    },
    {
      "type": "Feature",
      "id": "victoria-mansion",
      "properties": {
        "feature_kind": "place",
        "route_id": "route-04",
        "place_id": "victoria-mansion",
        "name": "Victoria Mansion: Technology in a Gilded Interior",
        "city": "Portland",
        "state": "ME",
        "visit_date": "2026-10-05",
        "priority": "archive",
        "included_in_magic_score": false,
        "energy_rebuild_role": "preserved-revision-history"
      },
      "geometry": {
        "type": "Point",
        "coordinates": [
          -70.2632,
          43.651
        ]
      }
    },
    {
      "type": "Feature",
      "id": "portland-head-light",
      "properties": {
        "feature_kind": "place",
        "route_id": "route-04",
        "place_id": "portland-head-light",
        "name": "Portland Head Light & Fort Williams",
        "city": "Cape Elizabeth",
        "state": "ME",
        "visit_date": "2026-10-05",
        "priority": "anchor",
        "included_in_magic_score": true,
        "experience_bucket": "wild-terrain-scenic",
        "energy_rebuild_role": "active-core"
      },
      "geometry": {
        "type": "Point",
        "coordinates": [
          -70.2079,
          43.6232
        ]
      }
    },
    {
      "type": "Feature",
      "id": "eastern-promenade",
      "properties": {
        "feature_kind": "place",
        "route_id": "route-04",
        "place_id": "eastern-promenade",
        "name": "Eastern Promenade Blue-Hour Walk",
        "city": "Portland",
        "state": "ME",
        "visit_date": "2026-10-05",
        "priority": "flex",
        "included_in_magic_score": false,
        "energy_rebuild_role": "documented-alternative"
      },
      "geometry": {
        "type": "Point",
        "coordinates": [
          -70.2399,
          43.6726
        ]
      }
    },
    {
      "type": "Feature",
      "id": "arcadia-portland",
      "properties": {
        "feature_kind": "place",
        "route_id": "route-04",
        "place_id": "arcadia-portland",
        "name": "Arcadia Pinball & Local-Tap Night",
        "city": "Portland",
        "state": "ME",
        "visit_date": "2026-10-05",
        "priority": "optional",
        "included_in_magic_score": false,
        "energy_rebuild_role": "documented-alternative"
      },
      "geometry": {
        "type": "Point",
        "coordinates": [
          -70.2605,
          43.657
        ]
      }
    },
    {
      "type": "Feature",
      "id": "coastal-maine-gardens",
      "properties": {
        "feature_kind": "place",
        "route_id": "route-04",
        "place_id": "coastal-maine-gardens",
        "name": "Guardians of the Seeds at Coastal Maine Botanical Gardens",
        "city": "Boothbay",
        "state": "ME",
        "visit_date": "2026-10-06",
        "priority": "anchor",
        "included_in_magic_score": true,
        "experience_bucket": "regional-weird-folklore",
        "energy_rebuild_role": "active-core"
      },
      "geometry": {
        "type": "Point",
        "coordinates": [
          -69.647,
          43.8753
        ]
      }
    },
    {
      "type": "Feature",
      "id": "prison-showroom",
      "properties": {
        "feature_kind": "place",
        "route_id": "route-04",
        "place_id": "prison-showroom",
        "name": "Maine State Prison Showroom",
        "city": "Thomaston",
        "state": "ME",
        "visit_date": "2026-10-06",
        "priority": "optional",
        "included_in_magic_score": false,
        "energy_rebuild_role": "documented-alternative"
      },
      "geometry": {
        "type": "Point",
        "coordinates": [
          -69.1814,
          44.0784
        ]
      }
    },
    {
      "type": "Feature",
      "id": "rockland-breakwater",
      "properties": {
        "feature_kind": "place",
        "route_id": "route-04",
        "place_id": "rockland-breakwater",
        "name": "Rockland Breakwater Lighthouse Walk",
        "city": "Rockland",
        "state": "ME",
        "visit_date": "2026-10-06",
        "priority": "anchor",
        "included_in_magic_score": true,
        "experience_bucket": "wild-terrain-scenic",
        "energy_rebuild_role": "active-core"
      },
      "geometry": {
        "type": "Point",
        "coordinates": [
          -69.0777,
          44.1041
        ]
      }
    },
    {
      "type": "Feature",
      "id": "owls-head-transportation",
      "properties": {
        "feature_kind": "place",
        "route_id": "route-04",
        "place_id": "owls-head-transportation",
        "name": "Owls Head Transportation Museum",
        "city": "Owls Head",
        "state": "ME",
        "visit_date": "2026-10-07",
        "priority": "optional",
        "included_in_magic_score": false,
        "energy_rebuild_role": "documented-alternative"
      },
      "geometry": {
        "type": "Point",
        "coordinates": [
          -69.1012,
          43.9788
        ]
      }
    },
    {
      "type": "Feature",
      "id": "fort-knox-observatory",
      "properties": {
        "feature_kind": "place",
        "route_id": "route-04",
        "place_id": "fort-knox-observatory",
        "name": "Fort Knox & Penobscot Narrows Observatory",
        "city": "Prospect",
        "state": "ME",
        "visit_date": "2026-10-07",
        "priority": "anchor",
        "included_in_magic_score": true,
        "experience_bucket": "working-machine-infrastructure",
        "energy_rebuild_role": "active-core"
      },
      "geometry": {
        "type": "Point",
        "coordinates": [
          -68.8016,
          44.5658
        ]
      }
    },
    {
      "type": "Feature",
      "id": "bar-harbor-shore-path",
      "properties": {
        "feature_kind": "place",
        "route_id": "route-04",
        "place_id": "bar-harbor-shore-path",
        "name": "Bar Harbor Shore Path at Blue Hour",
        "city": "Bar Harbor",
        "state": "ME",
        "visit_date": "2026-10-07",
        "priority": "anchor",
        "included_in_magic_score": true,
        "experience_bucket": "wild-terrain-scenic",
        "energy_rebuild_role": "active-core"
      },
      "geometry": {
        "type": "Point",
        "coordinates": [
          -68.1992,
          44.3876
        ]
      }
    },
    {
      "type": "Feature",
      "id": "cadillac-mountain",
      "properties": {
        "feature_kind": "place",
        "route_id": "route-04",
        "place_id": "cadillac-mountain",
        "name": "Cadillac Mountain Sunrise",
        "city": "Acadia National Park",
        "state": "ME",
        "visit_date": "2026-10-08",
        "priority": "anchor",
        "included_in_magic_score": true,
        "experience_bucket": "wild-terrain-scenic",
        "energy_rebuild_role": "active-core"
      },
      "geometry": {
        "type": "Point",
        "coordinates": [
          -68.225,
          44.3526
        ]
      }
    },
    {
      "type": "Feature",
      "id": "ocean-path",
      "properties": {
        "feature_kind": "place",
        "route_id": "route-04",
        "place_id": "ocean-path",
        "name": "Ocean Path: Sand Beach to Thunder Hole Sampler",
        "city": "Acadia National Park",
        "state": "ME",
        "visit_date": "2026-10-08",
        "priority": "flex",
        "included_in_magic_score": false,
        "energy_rebuild_role": "documented-alternative"
      },
      "geometry": {
        "type": "Point",
        "coordinates": [
          -68.1886,
          44.3204
        ]
      }
    },
    {
      "type": "Feature",
      "id": "jordan-pond",
      "properties": {
        "feature_kind": "place",
        "route_id": "route-04",
        "place_id": "jordan-pond",
        "name": "Jordan Pond & the Bubbles View",
        "city": "Acadia National Park",
        "state": "ME",
        "visit_date": "2026-10-08",
        "priority": "flex",
        "included_in_magic_score": false,
        "energy_rebuild_role": "documented-alternative"
      },
      "geometry": {
        "type": "Point",
        "coordinates": [
          -68.2526,
          44.3204
        ]
      }
    },
    {
      "type": "Feature",
      "id": "crypto-museum",
      "properties": {
        "feature_kind": "place",
        "route_id": "route-04",
        "place_id": "crypto-museum",
        "name": "International Cryptozoology Museum—New Bangor Home",
        "city": "Bangor",
        "state": "ME",
        "visit_date": "2026-10-08",
        "priority": "archive",
        "included_in_magic_score": false,
        "energy_rebuild_role": "preserved-revision-history"
      },
      "geometry": {
        "type": "Point",
        "coordinates": [
          -68.7744,
          44.814
        ]
      }
    },
    {
      "type": "Feature",
      "id": "stephen-king-house",
      "properties": {
        "feature_kind": "place",
        "route_id": "route-04",
        "place_id": "stephen-king-house",
        "name": "Stephen King's House—Public-Road Exterior",
        "city": "Bangor",
        "state": "ME",
        "visit_date": "2026-10-08",
        "priority": "optional",
        "included_in_magic_score": false,
        "energy_rebuild_role": "documented-alternative"
      },
      "geometry": {
        "type": "Point",
        "coordinates": [
          -68.7834,
          44.7965
        ]
      }
    },
    {
      "type": "Feature",
      "id": "thomas-hill-standpipe",
      "properties": {
        "feature_kind": "place",
        "route_id": "route-04",
        "place_id": "thomas-hill-standpipe",
        "name": "Thomas Hill Standpipe at Sunset",
        "city": "Bangor",
        "state": "ME",
        "visit_date": "2026-10-08",
        "priority": "flex",
        "included_in_magic_score": false,
        "energy_rebuild_role": "documented-alternative"
      },
      "geometry": {
        "type": "Point",
        "coordinates": [
          -68.7886,
          44.8079
        ]
      }
    },
    {
      "type": "Feature",
      "id": "cole-transportation",
      "properties": {
        "feature_kind": "place",
        "route_id": "route-04",
        "place_id": "cole-transportation",
        "name": "Cole Land Transportation Museum",
        "city": "Bangor",
        "state": "ME",
        "visit_date": "2026-10-09",
        "priority": "archive",
        "included_in_magic_score": false,
        "energy_rebuild_role": "preserved-revision-history"
      },
      "geometry": {
        "type": "Point",
        "coordinates": [
          -68.7923,
          44.7775
        ]
      }
    },
    {
      "type": "Feature",
      "id": "maine-mineral-gem",
      "properties": {
        "feature_kind": "place",
        "route_id": "route-04",
        "place_id": "maine-mineral-gem",
        "name": "Maine Mineral & Gem Museum: Hold the Moon",
        "city": "Bethel",
        "state": "ME",
        "visit_date": "2026-10-09",
        "priority": "anchor",
        "included_in_magic_score": true,
        "experience_bucket": "passive-museum",
        "energy_rebuild_role": "active-core"
      },
      "geometry": {
        "type": "Point",
        "coordinates": [
          -70.7901,
          44.4041
        ]
      }
    },
    {
      "type": "Feature",
      "id": "bethel-village",
      "properties": {
        "feature_kind": "place",
        "route_id": "route-04",
        "place_id": "bethel-village",
        "name": "Bethel Common & Mountain-Town Evening",
        "city": "Bethel",
        "state": "ME",
        "visit_date": "2026-10-09",
        "priority": "flex",
        "included_in_magic_score": false,
        "energy_rebuild_role": "documented-alternative"
      },
      "geometry": {
        "type": "Point",
        "coordinates": [
          -70.7906,
          44.4045
        ]
      }
    },
    {
      "type": "Feature",
      "id": "weeks-state-park",
      "properties": {
        "feature_kind": "place",
        "route_id": "route-04",
        "place_id": "weeks-state-park",
        "name": "Weeks State Park: Summit House & Fire Tower",
        "city": "Lancaster",
        "state": "NH",
        "visit_date": "2026-10-10",
        "priority": "optional",
        "included_in_magic_score": false,
        "energy_rebuild_role": "documented-alternative"
      },
      "geometry": {
        "type": "Point",
        "coordinates": [
          -71.5777,
          44.4609
        ]
      }
    },
    {
      "type": "Feature",
      "id": "stj-foliage-train",
      "properties": {
        "feature_kind": "place",
        "route_id": "route-04",
        "place_id": "stj-foliage-train",
        "name": "Fall for St. J Foliage Train",
        "city": "St Johnsbury",
        "state": "VT",
        "visit_date": "2026-10-10",
        "priority": "archive",
        "included_in_magic_score": false,
        "energy_rebuild_role": "preserved-revision-history"
      },
      "geometry": {
        "type": "Point",
        "coordinates": [
          -72.0163,
          44.4191
        ]
      }
    },
    {
      "type": "Feature",
      "id": "fairbanks-museum",
      "properties": {
        "feature_kind": "place",
        "route_id": "route-04",
        "place_id": "fairbanks-museum",
        "name": "Fairbanks Museum's Victorian Cabinet",
        "city": "St Johnsbury",
        "state": "VT",
        "visit_date": "2026-10-10",
        "priority": "optional",
        "included_in_magic_score": false,
        "energy_rebuild_role": "documented-alternative"
      },
      "geometry": {
        "type": "Point",
        "coordinates": [
          -72.0208,
          44.4196
        ]
      }
    },
    {
      "type": "Feature",
      "id": "hope-cemetery",
      "properties": {
        "feature_kind": "place",
        "route_id": "route-04",
        "place_id": "hope-cemetery",
        "name": "Hope Cemetery: Barre's Granite Autobiography",
        "city": "Barre",
        "state": "VT",
        "visit_date": "2026-10-12",
        "priority": "optional",
        "included_in_magic_score": false,
        "energy_rebuild_role": "documented-alternative"
      },
      "geometry": {
        "type": "Point",
        "coordinates": [
          -72.4791,
          44.2149
        ]
      }
    },
    {
      "type": "Feature",
      "id": "dormition-orthodox",
      "properties": {
        "feature_kind": "place",
        "route_id": "route-04",
        "place_id": "dormition-orthodox",
        "name": "Sunday at Dormition Greek Orthodox Church",
        "city": "Burlington",
        "state": "VT",
        "visit_date": "2026-10-11",
        "priority": "anchor",
        "included_in_magic_score": true,
        "experience_bucket": "worship-sacred",
        "energy_rebuild_role": "active-core"
      },
      "geometry": {
        "type": "Point",
        "coordinates": [
          -73.2011,
          44.4643
        ]
      }
    },
    {
      "type": "Feature",
      "id": "shelburne-museum",
      "properties": {
        "feature_kind": "place",
        "route_id": "route-04",
        "place_id": "shelburne-museum",
        "name": "Shelburne Museum: The Three-Hour Treasure Hunt",
        "city": "Shelburne",
        "state": "VT",
        "visit_date": "2026-10-11",
        "priority": "archive",
        "included_in_magic_score": false,
        "energy_rebuild_role": "preserved-revision-history"
      },
      "geometry": {
        "type": "Point",
        "coordinates": [
          -73.2321,
          44.3753
        ]
      }
    },
    {
      "type": "Feature",
      "id": "burlington-waterfront",
      "properties": {
        "feature_kind": "place",
        "route_id": "route-04",
        "place_id": "burlington-waterfront",
        "name": "Burlington Waterfront & Church Street",
        "city": "Burlington",
        "state": "VT",
        "visit_date": "2026-10-11",
        "priority": "flex",
        "included_in_magic_score": false,
        "energy_rebuild_role": "documented-alternative"
      },
      "geometry": {
        "type": "Point",
        "coordinates": [
          -73.219,
          44.4776
        ]
      }
    },
    {
      "type": "Feature",
      "id": "radio-bean",
      "properties": {
        "feature_kind": "place",
        "route_id": "route-04",
        "place_id": "radio-bean",
        "name": "Radio Bean Calendar-Gated Music Night",
        "city": "Burlington",
        "state": "VT",
        "visit_date": "2026-10-11",
        "priority": "optional",
        "included_in_magic_score": false,
        "energy_rebuild_role": "documented-alternative"
      },
      "geometry": {
        "type": "Point",
        "coordinates": [
          -73.2105,
          44.4811
        ]
      }
    },
    {
      "type": "Feature",
      "id": "ben-jerrys-graveyard",
      "properties": {
        "feature_kind": "place",
        "route_id": "route-04",
        "place_id": "ben-jerrys-graveyard",
        "name": "Ben & Jerry's Flavor Graveyard—No Fake Factory Tour",
        "city": "Waterbury",
        "state": "VT",
        "visit_date": "2026-10-12",
        "priority": "optional",
        "included_in_magic_score": false,
        "energy_rebuild_role": "documented-alternative"
      },
      "geometry": {
        "type": "Point",
        "coordinates": [
          -72.709,
          44.352
        ]
      }
    },
    {
      "type": "Feature",
      "id": "coolidge-site",
      "properties": {
        "feature_kind": "place",
        "route_id": "route-04",
        "place_id": "coolidge-site",
        "name": "Plymouth Notch: The Night a Farmhouse Became the White House",
        "city": "Plymouth Notch",
        "state": "VT",
        "visit_date": "2026-10-12",
        "priority": "optional",
        "included_in_magic_score": false,
        "energy_rebuild_role": "documented-alternative"
      },
      "geometry": {
        "type": "Point",
        "coordinates": [
          -72.7203,
          43.5359
        ]
      }
    },
    {
      "type": "Feature",
      "id": "quechee-gorge",
      "properties": {
        "feature_kind": "place",
        "route_id": "route-04",
        "place_id": "quechee-gorge",
        "name": "Quechee Gorge from the Reopened Bridge",
        "city": "Quechee",
        "state": "VT",
        "visit_date": "2026-10-12",
        "priority": "anchor",
        "included_in_magic_score": true,
        "experience_bucket": "wild-terrain-scenic",
        "energy_rebuild_role": "active-core"
      },
      "geometry": {
        "type": "Point",
        "coordinates": [
          -72.408,
          43.6371
        ]
      }
    },
    {
      "type": "Feature",
      "id": "american-precision",
      "properties": {
        "feature_kind": "place",
        "route_id": "route-04",
        "place_id": "american-precision",
        "name": "American Precision Museum in the 1846 Armory",
        "city": "Windsor",
        "state": "VT",
        "visit_date": "2026-10-13",
        "priority": "optional",
        "included_in_magic_score": false,
        "energy_rebuild_role": "documented-alternative"
      },
      "geometry": {
        "type": "Point",
        "coordinates": [
          -72.3872,
          43.4773
        ]
      }
    },
    {
      "type": "Feature",
      "id": "saint-gaudens",
      "properties": {
        "feature_kind": "place",
        "route_id": "route-04",
        "place_id": "saint-gaudens",
        "name": "Saint-Gaudens Sculpture Grounds—Tuesday Exterior Edition",
        "city": "Cornish",
        "state": "NH",
        "visit_date": "2026-10-13",
        "priority": "archive",
        "included_in_magic_score": false,
        "energy_rebuild_role": "preserved-revision-history"
      },
      "geometry": {
        "type": "Point",
        "coordinates": [
          -72.3697,
          43.5009
        ]
      }
    },
    {
      "type": "Feature",
      "id": "flw-houses",
      "properties": {
        "feature_kind": "place",
        "route_id": "route-04",
        "place_id": "flw-houses",
        "name": "Frank Lloyd Wright's Zimmerman & Kalil Houses",
        "city": "Manchester",
        "state": "NH",
        "visit_date": "2026-10-14",
        "priority": "anchor",
        "included_in_magic_score": true,
        "experience_bucket": "living-architecture",
        "energy_rebuild_role": "active-core"
      },
      "geometry": {
        "type": "Point",
        "coordinates": [
          -71.4558,
          43.0067
        ]
      }
    },
    {
      "type": "Feature",
      "id": "currier-museum",
      "properties": {
        "feature_kind": "place",
        "route_id": "route-04",
        "place_id": "currier-museum",
        "name": "Currier Museum Highlights",
        "city": "Manchester",
        "state": "NH",
        "visit_date": "2026-10-14",
        "priority": "archive",
        "included_in_magic_score": false,
        "energy_rebuild_role": "preserved-revision-history"
      },
      "geometry": {
        "type": "Point",
        "coordinates": [
          -71.4558,
          43.0067
        ]
      }
    },
    {
      "type": "Feature",
      "id": "woodman-museum",
      "properties": {
        "feature_kind": "place",
        "route_id": "route-04",
        "place_id": "woodman-museum",
        "name": "The Woodman Museum",
        "city": "Dover",
        "state": "NH",
        "visit_date": "2026-10-04",
        "priority": "alternative",
        "included_in_magic_score": false,
        "energy_rebuild_role": "documented-alternative"
      },
      "geometry": {
        "type": "Point",
        "coordinates": [
          -70.8762,
          43.193
        ]
      }
    },
    {
      "type": "Feature",
      "id": "desert-of-maine",
      "properties": {
        "feature_kind": "place",
        "route_id": "route-04",
        "place_id": "desert-of-maine",
        "name": "Desert of Maine",
        "city": "Freeport",
        "state": "ME",
        "visit_date": "2026-10-05",
        "priority": "alternative",
        "included_in_magic_score": false,
        "energy_rebuild_role": "documented-alternative"
      },
      "geometry": {
        "type": "Point",
        "coordinates": [
          -70.1559,
          43.8528
        ]
      }
    },
    {
      "type": "Feature",
      "id": "maine-maritime",
      "properties": {
        "feature_kind": "place",
        "route_id": "route-04",
        "place_id": "maine-maritime",
        "name": "Maine Maritime Museum & Percy and Small Shipyard",
        "city": "Bath",
        "state": "ME",
        "visit_date": "2026-10-06",
        "priority": "alternative",
        "included_in_magic_score": false,
        "energy_rebuild_role": "documented-alternative"
      },
      "geometry": {
        "type": "Point",
        "coordinates": [
          -69.8152,
          43.8934
        ]
      }
    },
    {
      "type": "Feature",
      "id": "penobscot-marine",
      "properties": {
        "feature_kind": "place",
        "route_id": "route-04",
        "place_id": "penobscot-marine",
        "name": "Penobscot Marine Museum's Sea-Captain Village",
        "city": "Searsport",
        "state": "ME",
        "visit_date": "2026-10-07",
        "priority": "alternative",
        "included_in_magic_score": false,
        "energy_rebuild_role": "documented-alternative"
      },
      "geometry": {
        "type": "Point",
        "coordinates": [
          -68.9263,
          44.4564
        ]
      }
    },
    {
      "type": "Feature",
      "id": "seal-cove-auto",
      "properties": {
        "feature_kind": "place",
        "route_id": "route-04",
        "place_id": "seal-cove-auto",
        "name": "Seal Cove Auto Museum",
        "city": "Seal Cove",
        "state": "ME",
        "visit_date": "2026-10-08",
        "priority": "alternative",
        "included_in_magic_score": false,
        "energy_rebuild_role": "documented-alternative"
      },
      "geometry": {
        "type": "Point",
        "coordinates": [
          -68.399,
          44.2997
        ]
      }
    },
    {
      "type": "Feature",
      "id": "colby-art",
      "properties": {
        "feature_kind": "place",
        "route_id": "route-04",
        "place_id": "colby-art",
        "name": "Colby College Museum of Art",
        "city": "Waterville",
        "state": "ME",
        "visit_date": "2026-10-09",
        "priority": "alternative",
        "included_in_magic_score": false,
        "energy_rebuild_role": "documented-alternative"
      },
      "geometry": {
        "type": "Point",
        "coordinates": [
          -69.6615,
          44.5645
        ]
      }
    },
    {
      "type": "Feature",
      "id": "dog-mountain",
      "properties": {
        "feature_kind": "place",
        "route_id": "route-04",
        "place_id": "dog-mountain",
        "name": "Dog Mountain & the Dog Chapel",
        "city": "St Johnsbury",
        "state": "VT",
        "visit_date": "2026-10-10",
        "priority": "alternative",
        "included_in_magic_score": false,
        "energy_rebuild_role": "documented-alternative"
      },
      "geometry": {
        "type": "Point",
        "coordinates": [
          -71.9559,
          44.4237
        ]
      }
    },
    {
      "type": "Feature",
      "id": "museum-everyday-life",
      "properties": {
        "feature_kind": "place",
        "route_id": "route-04",
        "place_id": "museum-everyday-life",
        "name": "Museum of Everyday Life: Deep Seated",
        "city": "Glover",
        "state": "VT",
        "visit_date": "2026-10-11",
        "priority": "alternative",
        "included_in_magic_score": false,
        "energy_rebuild_role": "documented-alternative"
      },
      "geometry": {
        "type": "Point",
        "coordinates": [
          -72.214,
          44.7008
        ]
      }
    },
    {
      "type": "Feature",
      "id": "vins",
      "properties": {
        "feature_kind": "place",
        "route_id": "route-04",
        "place_id": "vins",
        "name": "VINS Raptor Center & Forest Canopy",
        "city": "Quechee",
        "state": "VT",
        "visit_date": "2026-10-12",
        "priority": "alternative",
        "included_in_magic_score": false,
        "energy_rebuild_role": "documented-alternative"
      },
      "geometry": {
        "type": "Point",
        "coordinates": [
          -72.4186,
          43.6438
        ]
      }
    },
    {
      "type": "Feature",
      "id": "path-of-life",
      "properties": {
        "feature_kind": "place",
        "route_id": "route-04",
        "place_id": "path-of-life",
        "name": "Path of Life Sculpture Garden",
        "city": "Windsor",
        "state": "VT",
        "visit_date": "2026-10-13",
        "priority": "alternative",
        "included_in_magic_score": false,
        "energy_rebuild_role": "documented-alternative"
      },
      "geometry": {
        "type": "Point",
        "coordinates": [
          -72.3952,
          43.493
        ]
      }
    },
    {
      "type": "Feature",
      "id": "see-science",
      "properties": {
        "feature_kind": "place",
        "route_id": "route-04",
        "place_id": "see-science",
        "name": "SEE Science Center & LEGO Millyard",
        "city": "Manchester",
        "state": "NH",
        "visit_date": "2026-10-14",
        "priority": "alternative",
        "included_in_magic_score": false,
        "energy_rebuild_role": "documented-alternative"
      },
      "geometry": {
        "type": "Point",
        "coordinates": [
          -71.4682,
          42.9917
        ]
      }
    },
    {
      "type": "Feature",
      "id": "kittery-outlets",
      "properties": {
        "feature_kind": "place",
        "route_id": "route-04",
        "place_id": "kittery-outlets",
        "name": "Kittery Premium Outlets",
        "city": "Kittery",
        "state": "ME",
        "visit_date": "2026-10-04",
        "priority": "anchor",
        "included_in_magic_score": true,
        "experience_bucket": "shopping",
        "energy_rebuild_role": "active-core"
      },
      "geometry": {
        "type": "Point",
        "coordinates": [
          -70.7276,
          43.1179
        ]
      }
    },
    {
      "type": "Feature",
      "id": "lucky-catch-lobstering",
      "properties": {
        "feature_kind": "place",
        "route_id": "route-04",
        "place_id": "lucky-catch-lobstering",
        "name": "Lucky Catch Lobstering Cruise",
        "city": "Portland",
        "state": "ME",
        "visit_date": "2026-10-05",
        "priority": "anchor",
        "included_in_magic_score": true,
        "experience_bucket": "working-machine-infrastructure",
        "energy_rebuild_role": "active-core"
      },
      "geometry": {
        "type": "Point",
        "coordinates": [
          -70.2523,
          43.6558
        ]
      }
    },
    {
      "type": "Feature",
      "id": "bath-iron-works-story",
      "properties": {
        "feature_kind": "place",
        "route_id": "route-04",
        "place_id": "bath-iron-works-story",
        "name": "Bath Iron Works Story — by Land & Sea",
        "city": "Bath",
        "state": "ME",
        "visit_date": "2026-10-06",
        "priority": "anchor",
        "included_in_magic_score": true,
        "experience_bucket": "working-machine-infrastructure",
        "energy_rebuild_role": "active-core"
      },
      "geometry": {
        "type": "Point",
        "coordinates": [
          -69.8159,
          43.8938
        ]
      }
    },
    {
      "type": "Feature",
      "id": "maiden-cliff",
      "properties": {
        "feature_kind": "place",
        "route_id": "route-04",
        "place_id": "maiden-cliff",
        "name": "Maiden Cliff Memorial Hike",
        "city": "Camden",
        "state": "ME",
        "visit_date": "2026-10-07",
        "priority": "anchor",
        "included_in_magic_score": true,
        "experience_bucket": "wild-terrain-scenic",
        "energy_rebuild_role": "active-core"
      },
      "geometry": {
        "type": "Point",
        "coordinates": [
          -69.0882,
          44.2522
        ]
      }
    },
    {
      "type": "Feature",
      "id": "beehive-bowl-climb",
      "properties": {
        "feature_kind": "place",
        "route_id": "route-04",
        "place_id": "beehive-bowl-climb",
        "name": "Beehive & Bowl Split-Route Climb",
        "city": "Bar Harbor",
        "state": "ME",
        "visit_date": "2026-10-08",
        "priority": "anchor",
        "included_in_magic_score": true,
        "experience_bucket": "wild-terrain-scenic",
        "energy_rebuild_role": "active-core"
      },
      "geometry": {
        "type": "Point",
        "coordinates": [
          -68.1823,
          44.3292
        ]
      }
    },
    {
      "type": "Feature",
      "id": "sk-tours-derry",
      "properties": {
        "feature_kind": "place",
        "route_id": "route-04",
        "place_id": "sk-tours-derry",
        "name": "SK Tours — The Derry, Maine Tour",
        "city": "Bangor",
        "state": "ME",
        "visit_date": "2026-10-08",
        "priority": "anchor",
        "included_in_magic_score": true,
        "experience_bucket": "regional-weird-folklore",
        "energy_rebuild_role": "active-core"
      },
      "geometry": {
        "type": "Point",
        "coordinates": [
          -68.7713,
          44.8016
        ]
      }
    },
    {
      "type": "Feature",
      "id": "skowhegan-falls-langlais",
      "properties": {
        "feature_kind": "place",
        "route_id": "route-04",
        "place_id": "skowhegan-falls-langlais",
        "name": "Skowhegan Falls & Langlais Sculpture Reset",
        "city": "Skowhegan",
        "state": "ME",
        "visit_date": "2026-10-09",
        "priority": "anchor",
        "included_in_magic_score": true,
        "experience_bucket": "regional-weird-folklore",
        "energy_rebuild_role": "active-core"
      },
      "geometry": {
        "type": "Point",
        "coordinates": [
          -69.6656,
          44.7559
        ]
      }
    },
    {
      "type": "Feature",
      "id": "wife-carrying-championship",
      "properties": {
        "feature_kind": "place",
        "route_id": "route-04",
        "place_id": "wife-carrying-championship",
        "name": "North American Wife Carrying Championship",
        "city": "Newry",
        "state": "ME",
        "visit_date": "2026-10-10",
        "priority": "anchor",
        "included_in_magic_score": true,
        "experience_bucket": "regional-weird-folklore",
        "energy_rebuild_role": "active-core"
      },
      "geometry": {
        "type": "Point",
        "coordinates": [
          -70.8673,
          44.4718
        ]
      }
    },
    {
      "type": "Feature",
      "id": "mount-washington-cog",
      "properties": {
        "feature_kind": "place",
        "route_id": "route-04",
        "place_id": "mount-washington-cog",
        "name": "Mount Washington Cog Railway",
        "city": "Bretton Woods",
        "state": "NH",
        "visit_date": "2026-10-10",
        "priority": "anchor",
        "included_in_magic_score": true,
        "experience_bucket": "working-machine-infrastructure",
        "energy_rebuild_role": "active-core"
      },
      "geometry": {
        "type": "Point",
        "coordinates": [
          -71.3507,
          44.2705
        ]
      }
    },
    {
      "type": "Feature",
      "id": "arbortrek-smugglers",
      "properties": {
        "feature_kind": "place",
        "route_id": "route-04",
        "place_id": "arbortrek-smugglers",
        "name": "ArborTrek Smugglers' Notch Canopy Tour",
        "city": "Jeffersonville",
        "state": "VT",
        "visit_date": "2026-10-11",
        "priority": "anchor",
        "included_in_magic_score": true,
        "experience_bucket": "adventure-competitive",
        "energy_rebuild_role": "active-core"
      },
      "geometry": {
        "type": "Point",
        "coordinates": [
          -72.7676,
          44.5727
        ]
      }
    },
    {
      "type": "Feature",
      "id": "beast-mountain-coaster",
      "properties": {
        "feature_kind": "place",
        "route_id": "route-04",
        "place_id": "beast-mountain-coaster",
        "name": "Beast Mountain Coaster",
        "city": "Killington",
        "state": "VT",
        "visit_date": "2026-10-12",
        "priority": "anchor",
        "included_in_magic_score": true,
        "experience_bucket": "adventure-competitive",
        "energy_rebuild_role": "active-core"
      },
      "geometry": {
        "type": "Point",
        "coordinates": [
          -72.7967,
          43.6259
        ]
      }
    },
    {
      "type": "Feature",
      "id": "k1-scenic-gondola",
      "properties": {
        "feature_kind": "place",
        "route_id": "route-04",
        "place_id": "k1-scenic-gondola",
        "name": "K-1 Express Gondola",
        "city": "Killington",
        "state": "VT",
        "visit_date": "2026-10-12",
        "priority": "anchor",
        "included_in_magic_score": true,
        "experience_bucket": "working-machine-infrastructure",
        "energy_rebuild_role": "active-core"
      },
      "geometry": {
        "type": "Point",
        "coordinates": [
          -72.8037,
          43.6171
        ]
      }
    },
    {
      "type": "Feature",
      "id": "lost-river-gorge",
      "properties": {
        "feature_kind": "place",
        "route_id": "route-04",
        "place_id": "lost-river-gorge",
        "name": "Lost River Gorge & Boulder Caves",
        "city": "North Woodstock",
        "state": "NH",
        "visit_date": "2026-10-13",
        "priority": "anchor",
        "included_in_magic_score": true,
        "experience_bucket": "wild-terrain-scenic",
        "energy_rebuild_role": "active-core"
      },
      "geometry": {
        "type": "Point",
        "coordinates": [
          -71.7893,
          44.0374
        ]
      }
    },
    {
      "type": "Feature",
      "id": "node-boston-logan-rental",
      "properties": {
        "feature_kind": "route_node",
        "route_id": "route-04",
        "node_id": "boston-logan-rental",
        "name": "Boston Logan Rental Car Center"
      },
      "geometry": {
        "type": "Point",
        "coordinates": [
          -71.0304,
          42.3682
        ]
      }
    },
    {
      "type": "Feature",
      "id": "node-portsmouth-lodging",
      "properties": {
        "feature_kind": "route_node",
        "route_id": "route-04",
        "node_id": "portsmouth-lodging",
        "name": "Portsmouth safe central lodging zone"
      },
      "geometry": {
        "type": "Point",
        "coordinates": [
          -70.7626,
          43.0718
        ]
      }
    },
    {
      "type": "Feature",
      "id": "node-portland-lodging",
      "properties": {
        "feature_kind": "route_node",
        "route_id": "route-04",
        "node_id": "portland-lodging",
        "name": "Portland peninsula lodging zone"
      },
      "geometry": {
        "type": "Point",
        "coordinates": [
          -70.2553,
          43.6572
        ]
      }
    },
    {
      "type": "Feature",
      "id": "node-rockland-lodging",
      "properties": {
        "feature_kind": "route_node",
        "route_id": "route-04",
        "node_id": "rockland-lodging",
        "name": "Rockland harbor lodging zone"
      },
      "geometry": {
        "type": "Point",
        "coordinates": [
          -69.1089,
          44.1037
        ]
      }
    },
    {
      "type": "Feature",
      "id": "node-bar-harbor-lodging",
      "properties": {
        "feature_kind": "route_node",
        "route_id": "route-04",
        "node_id": "bar-harbor-lodging",
        "name": "Bar Harbor village lodging zone"
      },
      "geometry": {
        "type": "Point",
        "coordinates": [
          -68.2039,
          44.3876
        ]
      }
    },
    {
      "type": "Feature",
      "id": "node-bangor-lodging",
      "properties": {
        "feature_kind": "route_node",
        "route_id": "route-04",
        "node_id": "bangor-lodging",
        "name": "Bangor Broadway lodging zone"
      },
      "geometry": {
        "type": "Point",
        "coordinates": [
          -68.7712,
          44.8016
        ]
      }
    },
    {
      "type": "Feature",
      "id": "node-bethel-lodging",
      "properties": {
        "feature_kind": "route_node",
        "route_id": "route-04",
        "node_id": "bethel-lodging",
        "name": "Bethel village lodging zone"
      },
      "geometry": {
        "type": "Point",
        "coordinates": [
          -70.7906,
          44.4042
        ]
      }
    },
    {
      "type": "Feature",
      "id": "node-montpelier-lodging",
      "properties": {
        "feature_kind": "route_node",
        "route_id": "route-04",
        "node_id": "montpelier-lodging",
        "name": "Montpelier downtown lodging zone"
      },
      "geometry": {
        "type": "Point",
        "coordinates": [
          -72.5754,
          44.2601
        ]
      }
    },
    {
      "type": "Feature",
      "id": "node-burlington-lodging",
      "properties": {
        "feature_kind": "route_node",
        "route_id": "route-04",
        "node_id": "burlington-lodging",
        "name": "Burlington South End lodging zone"
      },
      "geometry": {
        "type": "Point",
        "coordinates": [
          -73.2121,
          44.4759
        ]
      }
    },
    {
      "type": "Feature",
      "id": "node-st-johnsbury-lodging",
      "properties": {
        "feature_kind": "route_node",
        "route_id": "route-04",
        "node_id": "st-johnsbury-lodging",
        "name": "St. Johnsbury lodging zone"
      },
      "geometry": {
        "type": "Point",
        "coordinates": [
          -72.0157,
          44.4195
        ]
      }
    },
    {
      "type": "Feature",
      "id": "node-stowe-lodging",
      "properties": {
        "feature_kind": "route_node",
        "route_id": "route-04",
        "node_id": "stowe-lodging",
        "name": "Stowe village lodging zone"
      },
      "geometry": {
        "type": "Point",
        "coordinates": [
          -72.6856,
          44.4644
        ]
      }
    },
    {
      "type": "Feature",
      "id": "node-woodstock-lodging",
      "properties": {
        "feature_kind": "route_node",
        "route_id": "route-04",
        "node_id": "woodstock-lodging",
        "name": "Woodstock village lodging zone"
      },
      "geometry": {
        "type": "Point",
        "coordinates": [
          -72.5184,
          43.6242
        ]
      }
    },
    {
      "type": "Feature",
      "id": "node-manchester-lodging",
      "properties": {
        "feature_kind": "route_node",
        "route_id": "route-04",
        "node_id": "manchester-lodging",
        "name": "Manchester north/downtown lodging zone"
      },
      "geometry": {
        "type": "Point",
        "coordinates": [
          -71.4548,
          42.9956
        ]
      }
    },
    {
      "type": "Feature",
      "id": "node-boston-logan-hotel",
      "properties": {
        "feature_kind": "route_node",
        "route_id": "route-04",
        "node_id": "boston-logan-hotel",
        "name": "Boston Logan hotel zone"
      },
      "geometry": {
        "type": "Point",
        "coordinates": [
          -71.0155,
          42.3655
        ]
      }
    },
    {
      "type": "Feature",
      "id": "node-african-burying-ground",
      "properties": {
        "feature_kind": "route_node",
        "route_id": "route-04",
        "node_id": "african-burying-ground",
        "name": "African Burying Ground Memorial Park, Chestnut Street, Portsmouth, New Hampshire"
      },
      "geometry": {
        "type": "Point",
        "coordinates": [
          -70.7597,
          43.076
        ]
      }
    },
    {
      "type": "Feature",
      "id": "node-uss-albacore",
      "properties": {
        "feature_kind": "route_node",
        "route_id": "route-04",
        "node_id": "uss-albacore",
        "name": "USS Albacore Museum, 600 Market Street, Portsmouth, New Hampshire"
      },
      "geometry": {
        "type": "Point",
        "coordinates": [
          -70.7736,
          43.0821
        ]
      }
    },
    {
      "type": "Feature",
      "id": "node-nubble-light",
      "properties": {
        "feature_kind": "route_node",
        "route_id": "route-04",
        "node_id": "nubble-light",
        "name": "Sohier Park, Nubble Road, York, Maine"
      },
      "geometry": {
        "type": "Point",
        "coordinates": [
          -70.591,
          43.165
        ]
      }
    },
    {
      "type": "Feature",
      "id": "node-woodman-museum",
      "properties": {
        "feature_kind": "route_node",
        "route_id": "route-04",
        "node_id": "woodman-museum",
        "name": "Woodman Museum, 182 Central Avenue, Dover, New Hampshire"
      },
      "geometry": {
        "type": "Point",
        "coordinates": [
          -70.8762,
          43.193
        ]
      }
    },
    {
      "type": "Feature",
      "id": "node-victoria-mansion",
      "properties": {
        "feature_kind": "route_node",
        "route_id": "route-04",
        "node_id": "victoria-mansion",
        "name": "Victoria Mansion, 109 Danforth Street, Portland, Maine"
      },
      "geometry": {
        "type": "Point",
        "coordinates": [
          -70.2632,
          43.651
        ]
      }
    },
    {
      "type": "Feature",
      "id": "node-portland-head-light",
      "properties": {
        "feature_kind": "route_node",
        "route_id": "route-04",
        "node_id": "portland-head-light",
        "name": "Portland Head Light, 1000 Shore Road, Cape Elizabeth, Maine"
      },
      "geometry": {
        "type": "Point",
        "coordinates": [
          -70.2079,
          43.6232
        ]
      }
    },
    {
      "type": "Feature",
      "id": "node-eastern-promenade",
      "properties": {
        "feature_kind": "route_node",
        "route_id": "route-04",
        "node_id": "eastern-promenade",
        "name": "Eastern Promenade, Portland, Maine"
      },
      "geometry": {
        "type": "Point",
        "coordinates": [
          -70.2399,
          43.6726
        ]
      }
    },
    {
      "type": "Feature",
      "id": "node-arcadia-portland",
      "properties": {
        "feature_kind": "route_node",
        "route_id": "route-04",
        "node_id": "arcadia-portland",
        "name": "Arcadia, 504 Congress Street, Portland, Maine"
      },
      "geometry": {
        "type": "Point",
        "coordinates": [
          -70.2605,
          43.657
        ]
      }
    },
    {
      "type": "Feature",
      "id": "node-desert-of-maine",
      "properties": {
        "feature_kind": "route_node",
        "route_id": "route-04",
        "node_id": "desert-of-maine",
        "name": "Desert of Maine, 95 Desert Road, Freeport, Maine"
      },
      "geometry": {
        "type": "Point",
        "coordinates": [
          -70.1559,
          43.8528
        ]
      }
    },
    {
      "type": "Feature",
      "id": "node-coastal-maine-gardens",
      "properties": {
        "feature_kind": "route_node",
        "route_id": "route-04",
        "node_id": "coastal-maine-gardens",
        "name": "Coastal Maine Botanical Gardens, 105 Botanical Gardens Drive, Boothbay, Maine"
      },
      "geometry": {
        "type": "Point",
        "coordinates": [
          -69.647,
          43.8753
        ]
      }
    },
    {
      "type": "Feature",
      "id": "node-prison-showroom",
      "properties": {
        "feature_kind": "route_node",
        "route_id": "route-04",
        "node_id": "prison-showroom",
        "name": "Maine State Prison Showroom, 358 Main Street, Thomaston, Maine"
      },
      "geometry": {
        "type": "Point",
        "coordinates": [
          -69.1814,
          44.0784
        ]
      }
    },
    {
      "type": "Feature",
      "id": "node-rockland-breakwater",
      "properties": {
        "feature_kind": "route_node",
        "route_id": "route-04",
        "node_id": "rockland-breakwater",
        "name": "Rockland Breakwater Lighthouse, Rockland, Maine"
      },
      "geometry": {
        "type": "Point",
        "coordinates": [
          -69.0777,
          44.1041
        ]
      }
    },
    {
      "type": "Feature",
      "id": "node-maine-maritime",
      "properties": {
        "feature_kind": "route_node",
        "route_id": "route-04",
        "node_id": "maine-maritime",
        "name": "Maine Maritime Museum, 243 Washington Street, Bath, Maine"
      },
      "geometry": {
        "type": "Point",
        "coordinates": [
          -69.8152,
          43.8934
        ]
      }
    },
    {
      "type": "Feature",
      "id": "node-owls-head-transportation",
      "properties": {
        "feature_kind": "route_node",
        "route_id": "route-04",
        "node_id": "owls-head-transportation",
        "name": "Owls Head Transportation Museum, 117 Museum Street, Owls Head, Maine"
      },
      "geometry": {
        "type": "Point",
        "coordinates": [
          -69.1012,
          43.9788
        ]
      }
    },
    {
      "type": "Feature",
      "id": "node-fort-knox-observatory",
      "properties": {
        "feature_kind": "route_node",
        "route_id": "route-04",
        "node_id": "fort-knox-observatory",
        "name": "Penobscot Narrows Bridge Observatory, Prospect, Maine"
      },
      "geometry": {
        "type": "Point",
        "coordinates": [
          -68.8016,
          44.5658
        ]
      }
    },
    {
      "type": "Feature",
      "id": "node-bar-harbor-shore-path",
      "properties": {
        "feature_kind": "route_node",
        "route_id": "route-04",
        "node_id": "bar-harbor-shore-path",
        "name": "Bar Harbor Shore Path, Bar Harbor, Maine"
      },
      "geometry": {
        "type": "Point",
        "coordinates": [
          -68.1992,
          44.3876
        ]
      }
    },
    {
      "type": "Feature",
      "id": "node-penobscot-marine",
      "properties": {
        "feature_kind": "route_node",
        "route_id": "route-04",
        "node_id": "penobscot-marine",
        "name": "Penobscot Marine Museum, 2 Church Street, Searsport, Maine"
      },
      "geometry": {
        "type": "Point",
        "coordinates": [
          -68.9263,
          44.4564
        ]
      }
    },
    {
      "type": "Feature",
      "id": "node-cadillac-mountain",
      "properties": {
        "feature_kind": "route_node",
        "route_id": "route-04",
        "node_id": "cadillac-mountain",
        "name": "Cadillac Mountain Summit, Acadia National Park, Maine"
      },
      "geometry": {
        "type": "Point",
        "coordinates": [
          -68.225,
          44.3526
        ]
      }
    },
    {
      "type": "Feature",
      "id": "node-ocean-path",
      "properties": {
        "feature_kind": "route_node",
        "route_id": "route-04",
        "node_id": "ocean-path",
        "name": "Thunder Hole, Park Loop Road, Acadia National Park, Maine"
      },
      "geometry": {
        "type": "Point",
        "coordinates": [
          -68.1886,
          44.3204
        ]
      }
    },
    {
      "type": "Feature",
      "id": "node-jordan-pond",
      "properties": {
        "feature_kind": "route_node",
        "route_id": "route-04",
        "node_id": "jordan-pond",
        "name": "Jordan Pond House, Acadia National Park, Maine"
      },
      "geometry": {
        "type": "Point",
        "coordinates": [
          -68.2526,
          44.3204
        ]
      }
    },
    {
      "type": "Feature",
      "id": "node-crypto-museum",
      "properties": {
        "feature_kind": "route_node",
        "route_id": "route-04",
        "node_id": "crypto-museum",
        "name": "International Cryptozoology Museum, 490 Broadway, Bangor, Maine"
      },
      "geometry": {
        "type": "Point",
        "coordinates": [
          -68.7744,
          44.814
        ]
      }
    },
    {
      "type": "Feature",
      "id": "node-stephen-king-house",
      "properties": {
        "feature_kind": "route_node",
        "route_id": "route-04",
        "node_id": "stephen-king-house",
        "name": "Stephen King House, 47 West Broadway, Bangor, Maine"
      },
      "geometry": {
        "type": "Point",
        "coordinates": [
          -68.7834,
          44.7965
        ]
      }
    },
    {
      "type": "Feature",
      "id": "node-thomas-hill-standpipe",
      "properties": {
        "feature_kind": "route_node",
        "route_id": "route-04",
        "node_id": "thomas-hill-standpipe",
        "name": "Thomas Hill Standpipe, 41 Thomas Hill Road, Bangor, Maine"
      },
      "geometry": {
        "type": "Point",
        "coordinates": [
          -68.7886,
          44.8079
        ]
      }
    },
    {
      "type": "Feature",
      "id": "node-seal-cove-auto",
      "properties": {
        "feature_kind": "route_node",
        "route_id": "route-04",
        "node_id": "seal-cove-auto",
        "name": "Seal Cove Auto Museum, 1414 Tremont Road, Seal Cove, Maine"
      },
      "geometry": {
        "type": "Point",
        "coordinates": [
          -68.399,
          44.2997
        ]
      }
    },
    {
      "type": "Feature",
      "id": "node-cole-transportation",
      "properties": {
        "feature_kind": "route_node",
        "route_id": "route-04",
        "node_id": "cole-transportation",
        "name": "Cole Land Transportation Museum, 405 Perry Road, Bangor, Maine"
      },
      "geometry": {
        "type": "Point",
        "coordinates": [
          -68.7923,
          44.7775
        ]
      }
    },
    {
      "type": "Feature",
      "id": "node-maine-mineral-gem",
      "properties": {
        "feature_kind": "route_node",
        "route_id": "route-04",
        "node_id": "maine-mineral-gem",
        "name": "Maine Mineral and Gem Museum, 99 Main Street, Bethel, Maine"
      },
      "geometry": {
        "type": "Point",
        "coordinates": [
          -70.7901,
          44.4041
        ]
      }
    },
    {
      "type": "Feature",
      "id": "node-bethel-village",
      "properties": {
        "feature_kind": "route_node",
        "route_id": "route-04",
        "node_id": "bethel-village",
        "name": "Bethel Common, Bethel, Maine"
      },
      "geometry": {
        "type": "Point",
        "coordinates": [
          -70.7906,
          44.4045
        ]
      }
    },
    {
      "type": "Feature",
      "id": "node-colby-art",
      "properties": {
        "feature_kind": "route_node",
        "route_id": "route-04",
        "node_id": "colby-art",
        "name": "Colby College Museum of Art, 5600 Mayflower Hill Drive, Waterville, Maine"
      },
      "geometry": {
        "type": "Point",
        "coordinates": [
          -69.6615,
          44.5645
        ]
      }
    },
    {
      "type": "Feature",
      "id": "node-weeks-state-park",
      "properties": {
        "feature_kind": "route_node",
        "route_id": "route-04",
        "node_id": "weeks-state-park",
        "name": "Weeks State Park, 200 Weeks State Park Road, Lancaster, New Hampshire"
      },
      "geometry": {
        "type": "Point",
        "coordinates": [
          -71.5777,
          44.4609
        ]
      }
    },
    {
      "type": "Feature",
      "id": "node-stj-foliage-train",
      "properties": {
        "feature_kind": "route_node",
        "route_id": "route-04",
        "node_id": "stj-foliage-train",
        "name": "St. Johnsbury Welcome Center, 51 Depot Square, St Johnsbury, Vermont"
      },
      "geometry": {
        "type": "Point",
        "coordinates": [
          -72.0163,
          44.4191
        ]
      }
    },
    {
      "type": "Feature",
      "id": "node-fairbanks-museum",
      "properties": {
        "feature_kind": "route_node",
        "route_id": "route-04",
        "node_id": "fairbanks-museum",
        "name": "Fairbanks Museum and Planetarium, 1302 Main Street, St Johnsbury, Vermont"
      },
      "geometry": {
        "type": "Point",
        "coordinates": [
          -72.0208,
          44.4196
        ]
      }
    },
    {
      "type": "Feature",
      "id": "node-dog-mountain",
      "properties": {
        "feature_kind": "route_node",
        "route_id": "route-04",
        "node_id": "dog-mountain",
        "name": "Dog Mountain, 143 Parks Road, St Johnsbury, Vermont"
      },
      "geometry": {
        "type": "Point",
        "coordinates": [
          -71.9559,
          44.4237
        ]
      }
    },
    {
      "type": "Feature",
      "id": "node-dormition-orthodox",
      "properties": {
        "feature_kind": "route_node",
        "route_id": "route-04",
        "node_id": "dormition-orthodox",
        "name": "Dormition of the Mother of God Greek Orthodox Church, 600 South Willard Street, Burlington, Vermont"
      },
      "geometry": {
        "type": "Point",
        "coordinates": [
          -73.2011,
          44.4643
        ]
      }
    },
    {
      "type": "Feature",
      "id": "node-shelburne-museum",
      "properties": {
        "feature_kind": "route_node",
        "route_id": "route-04",
        "node_id": "shelburne-museum",
        "name": "Shelburne Museum, 6000 Shelburne Road, Shelburne, Vermont"
      },
      "geometry": {
        "type": "Point",
        "coordinates": [
          -73.2321,
          44.3753
        ]
      }
    },
    {
      "type": "Feature",
      "id": "node-burlington-waterfront",
      "properties": {
        "feature_kind": "route_node",
        "route_id": "route-04",
        "node_id": "burlington-waterfront",
        "name": "Waterfront Park, Burlington, Vermont"
      },
      "geometry": {
        "type": "Point",
        "coordinates": [
          -73.219,
          44.4776
        ]
      }
    },
    {
      "type": "Feature",
      "id": "node-radio-bean",
      "properties": {
        "feature_kind": "route_node",
        "route_id": "route-04",
        "node_id": "radio-bean",
        "name": "Radio Bean, 8 North Winooski Avenue, Burlington, Vermont"
      },
      "geometry": {
        "type": "Point",
        "coordinates": [
          -73.2105,
          44.4811
        ]
      }
    },
    {
      "type": "Feature",
      "id": "node-museum-everyday-life",
      "properties": {
        "feature_kind": "route_node",
        "route_id": "route-04",
        "node_id": "museum-everyday-life",
        "name": "Museum of Everyday Life, 3482 Dry Pond Road, Glover, Vermont"
      },
      "geometry": {
        "type": "Point",
        "coordinates": [
          -72.214,
          44.7008
        ]
      }
    },
    {
      "type": "Feature",
      "id": "node-ben-jerrys-graveyard",
      "properties": {
        "feature_kind": "route_node",
        "route_id": "route-04",
        "node_id": "ben-jerrys-graveyard",
        "name": "Ben and Jerry's Factory, 1281 Waterbury-Stowe Road, Waterbury, Vermont"
      },
      "geometry": {
        "type": "Point",
        "coordinates": [
          -72.709,
          44.352
        ]
      }
    },
    {
      "type": "Feature",
      "id": "node-hope-cemetery",
      "properties": {
        "feature_kind": "route_node",
        "route_id": "route-04",
        "node_id": "hope-cemetery",
        "name": "Hope Cemetery, 201 Maple Avenue, Barre, Vermont"
      },
      "geometry": {
        "type": "Point",
        "coordinates": [
          -72.4791,
          44.2149
        ]
      }
    },
    {
      "type": "Feature",
      "id": "node-coolidge-site",
      "properties": {
        "feature_kind": "route_node",
        "route_id": "route-04",
        "node_id": "coolidge-site",
        "name": "President Calvin Coolidge State Historic Site, 3780 Vermont Route 100A, Plymouth Notch, Vermont"
      },
      "geometry": {
        "type": "Point",
        "coordinates": [
          -72.7203,
          43.5359
        ]
      }
    },
    {
      "type": "Feature",
      "id": "node-vins",
      "properties": {
        "feature_kind": "route_node",
        "route_id": "route-04",
        "node_id": "vins",
        "name": "VINS Nature Center, 149 Natures Way, Quechee, Vermont"
      },
      "geometry": {
        "type": "Point",
        "coordinates": [
          -72.4186,
          43.6438
        ]
      }
    },
    {
      "type": "Feature",
      "id": "node-quechee-gorge",
      "properties": {
        "feature_kind": "route_node",
        "route_id": "route-04",
        "node_id": "quechee-gorge",
        "name": "Quechee Gorge Bridge, Quechee, Vermont"
      },
      "geometry": {
        "type": "Point",
        "coordinates": [
          -72.408,
          43.6371
        ]
      }
    },
    {
      "type": "Feature",
      "id": "node-american-precision",
      "properties": {
        "feature_kind": "route_node",
        "route_id": "route-04",
        "node_id": "american-precision",
        "name": "American Precision Museum, 196 Main Street, Windsor, Vermont"
      },
      "geometry": {
        "type": "Point",
        "coordinates": [
          -72.3872,
          43.4773
        ]
      }
    },
    {
      "type": "Feature",
      "id": "node-saint-gaudens",
      "properties": {
        "feature_kind": "route_node",
        "route_id": "route-04",
        "node_id": "saint-gaudens",
        "name": "Saint-Gaudens National Historical Park, 139 Saint Gaudens Road, Cornish, New Hampshire"
      },
      "geometry": {
        "type": "Point",
        "coordinates": [
          -72.3697,
          43.5009
        ]
      }
    },
    {
      "type": "Feature",
      "id": "node-path-of-life",
      "properties": {
        "feature_kind": "route_node",
        "route_id": "route-04",
        "node_id": "path-of-life",
        "name": "Path of Life Sculpture Garden, 36 Park Road, Windsor, Vermont"
      },
      "geometry": {
        "type": "Point",
        "coordinates": [
          -72.3952,
          43.493
        ]
      }
    },
    {
      "type": "Feature",
      "id": "node-flw-houses",
      "properties": {
        "feature_kind": "route_node",
        "route_id": "route-04",
        "node_id": "flw-houses",
        "name": "Currier Museum of Art, 150 Ash Street, Manchester, New Hampshire"
      },
      "geometry": {
        "type": "Point",
        "coordinates": [
          -71.4558,
          43.0067
        ]
      }
    },
    {
      "type": "Feature",
      "id": "node-currier-museum",
      "properties": {
        "feature_kind": "route_node",
        "route_id": "route-04",
        "node_id": "currier-museum",
        "name": "Currier Museum of Art, 150 Ash Street, Manchester, New Hampshire"
      },
      "geometry": {
        "type": "Point",
        "coordinates": [
          -71.4558,
          43.0067
        ]
      }
    },
    {
      "type": "Feature",
      "id": "node-see-science",
      "properties": {
        "feature_kind": "route_node",
        "route_id": "route-04",
        "node_id": "see-science",
        "name": "SEE Science Center, 200 Bedford Street, Manchester, New Hampshire"
      },
      "geometry": {
        "type": "Point",
        "coordinates": [
          -71.4682,
          42.9917
        ]
      }
    },
    {
      "type": "Feature",
      "id": "node-kittery-outlets",
      "properties": {
        "feature_kind": "route_node",
        "route_id": "route-04",
        "node_id": "kittery-outlets",
        "name": "Kittery Premium Outlets, US Route 1, Kittery, Maine"
      },
      "geometry": {
        "type": "Point",
        "coordinates": [
          -70.7276,
          43.1179
        ]
      }
    },
    {
      "type": "Feature",
      "id": "node-lucky-catch-lobstering",
      "properties": {
        "feature_kind": "route_node",
        "route_id": "route-04",
        "node_id": "lucky-catch-lobstering",
        "name": "Lucky Catch Cruises, Long Wharf, 170 Commercial Street, Portland, Maine"
      },
      "geometry": {
        "type": "Point",
        "coordinates": [
          -70.2523,
          43.6558
        ]
      }
    },
    {
      "type": "Feature",
      "id": "node-bath-iron-works-story",
      "properties": {
        "feature_kind": "route_node",
        "route_id": "route-04",
        "node_id": "bath-iron-works-story",
        "name": "Maine Maritime Museum, 243 Washington Street, Bath, Maine"
      },
      "geometry": {
        "type": "Point",
        "coordinates": [
          -69.8159,
          43.8938
        ]
      }
    },
    {
      "type": "Feature",
      "id": "node-maiden-cliff",
      "properties": {
        "feature_kind": "route_node",
        "route_id": "route-04",
        "node_id": "maiden-cliff",
        "name": "Maiden Cliff Trail, Camden Hills State Park, Camden, Maine"
      },
      "geometry": {
        "type": "Point",
        "coordinates": [
          -69.0882,
          44.2522
        ]
      }
    },
    {
      "type": "Feature",
      "id": "node-beehive-bowl-climb",
      "properties": {
        "feature_kind": "route_node",
        "route_id": "route-04",
        "node_id": "beehive-bowl-climb",
        "name": "Beehive and Bowl Trail, Sand Beach, Acadia National Park, Maine"
      },
      "geometry": {
        "type": "Point",
        "coordinates": [
          -68.1823,
          44.3292
        ]
      }
    },
    {
      "type": "Feature",
      "id": "node-sk-tours-derry",
      "properties": {
        "feature_kind": "route_node",
        "route_id": "route-04",
        "node_id": "sk-tours-derry",
        "name": "SK Tours of Maine, Bangor, Maine"
      },
      "geometry": {
        "type": "Point",
        "coordinates": [
          -68.7713,
          44.8016
        ]
      }
    },
    {
      "type": "Feature",
      "id": "node-skowhegan-falls-langlais",
      "properties": {
        "feature_kind": "route_node",
        "route_id": "route-04",
        "node_id": "skowhegan-falls-langlais",
        "name": "Skowhegan Falls and Langlais sculpture, Skowhegan, Maine"
      },
      "geometry": {
        "type": "Point",
        "coordinates": [
          -69.6656,
          44.7559
        ]
      }
    },
    {
      "type": "Feature",
      "id": "node-wife-carrying-championship",
      "properties": {
        "feature_kind": "route_node",
        "route_id": "route-04",
        "node_id": "wife-carrying-championship",
        "name": "Sunday River Resort, 15 South Ridge Road, Newry, Maine"
      },
      "geometry": {
        "type": "Point",
        "coordinates": [
          -70.8673,
          44.4718
        ]
      }
    },
    {
      "type": "Feature",
      "id": "node-mount-washington-cog",
      "properties": {
        "feature_kind": "route_node",
        "route_id": "route-04",
        "node_id": "mount-washington-cog",
        "name": "Mount Washington Cog Railway Base Station, Bretton Woods, New Hampshire"
      },
      "geometry": {
        "type": "Point",
        "coordinates": [
          -71.3507,
          44.2705
        ]
      }
    },
    {
      "type": "Feature",
      "id": "node-arbortrek-smugglers",
      "properties": {
        "feature_kind": "route_node",
        "route_id": "route-04",
        "node_id": "arbortrek-smugglers",
        "name": "ArborTrek Canopy Adventures, Smugglers Notch Resort, Jeffersonville, Vermont"
      },
      "geometry": {
        "type": "Point",
        "coordinates": [
          -72.7676,
          44.5727
        ]
      }
    },
    {
      "type": "Feature",
      "id": "node-beast-mountain-coaster",
      "properties": {
        "feature_kind": "route_node",
        "route_id": "route-04",
        "node_id": "beast-mountain-coaster",
        "name": "Killington Adventure Center, Snowshed Base, Killington, Vermont"
      },
      "geometry": {
        "type": "Point",
        "coordinates": [
          -72.7967,
          43.6259
        ]
      }
    },
    {
      "type": "Feature",
      "id": "node-k1-scenic-gondola",
      "properties": {
        "feature_kind": "route_node",
        "route_id": "route-04",
        "node_id": "k1-scenic-gondola",
        "name": "K-1 Express Gondola, K-1 Base Lodge, Killington, Vermont"
      },
      "geometry": {
        "type": "Point",
        "coordinates": [
          -72.8037,
          43.6171
        ]
      }
    },
    {
      "type": "Feature",
      "id": "node-lost-river-gorge",
      "properties": {
        "feature_kind": "route_node",
        "route_id": "route-04",
        "node_id": "lost-river-gorge",
        "name": "Lost River Gorge and Boulder Caves, 1712 Lost River Road, North Woodstock, New Hampshire"
      },
      "geometry": {
        "type": "Point",
        "coordinates": [
          -71.7893,
          44.0374
        ]
      }
    }
  ]
}
