{
  "type": "FeatureCollection",
  "name": "route-02-falls-fire-clockwork-loop-energy-v2",
  "features": [
    {
      "type": "Feature",
      "id": "d1-boston-logan-rental-to-charlton-service-plaza",
      "properties": {
        "feature_kind": "drive_leg",
        "route_id": "route-02",
        "day": 1,
        "date": "2026-10-04",
        "from": "boston-logan-rental",
        "to": "charlton-service-plaza",
        "distance_miles": 64.9,
        "baseline_minutes": 84,
        "traffic_risk": "medium",
        "map_color": "#6C5CE7",
        "energy_rebuild": true
      },
      "geometry": {
        "coordinates": [
          [
            -71.023514,
            42.367084
          ],
          [
            -71.027786,
            42.36704
          ],
          [
            -71.026285,
            42.357664
          ],
          [
            -71.037429,
            42.346811
          ],
          [
            -71.100848,
            42.347963
          ],
          [
            -71.122854,
            42.357683
          ],
          [
            -71.177949,
            42.35787
          ],
          [
            -71.249459,
            42.34591
          ],
          [
            -71.265166,
            42.339004
          ],
          [
            -71.314741,
            42.33468
          ],
          [
            -71.368117,
            42.311437
          ],
          [
            -71.412596,
            42.315404
          ],
          [
            -71.45152,
            42.302428
          ],
          [
            -71.472928,
            42.30005
          ],
          [
            -71.496004,
            42.286088
          ],
          [
            -71.557712,
            42.269721
          ],
          [
            -71.574545,
            42.262096
          ],
          [
            -71.593321,
            42.243108
          ],
          [
            -71.618632,
            42.229395
          ],
          [
            -71.695016,
            42.227682
          ],
          [
            -71.7586,
            42.220469
          ],
          [
            -71.787613,
            42.207398
          ],
          [
            -71.834819,
            42.201153
          ],
          [
            -71.85277,
            42.192648
          ],
          [
            -71.925596,
            42.173429
          ],
          [
            -71.966867,
            42.15452
          ],
          [
            -72.008615,
            42.148013
          ],
          [
            -72.060408,
            42.131268
          ],
          [
            -72.083443,
            42.111948
          ],
          [
            -72.063254,
            42.128446
          ],
          [
            -72.024165,
            42.140024
          ]
        ],
        "type": "LineString"
      }
    },
    {
      "type": "Feature",
      "id": "d1-charlton-service-plaza-to-three-sisters-sanctuary",
      "properties": {
        "feature_kind": "drive_leg",
        "route_id": "route-02",
        "day": 1,
        "date": "2026-10-04",
        "from": "charlton-service-plaza",
        "to": "three-sisters-sanctuary",
        "distance_miles": 84.3,
        "baseline_minutes": 115,
        "traffic_risk": "medium",
        "map_color": "#6C5CE7",
        "energy_rebuild": true
      },
      "geometry": {
        "coordinates": [
          [
            -72.024165,
            42.140024
          ],
          [
            -72.007904,
            42.148003
          ],
          [
            -71.96598,
            42.154621
          ],
          [
            -71.926099,
            42.173063
          ],
          [
            -71.86694,
            42.190399
          ],
          [
            -71.855939,
            42.191329
          ],
          [
            -71.85302,
            42.185363
          ],
          [
            -71.850954,
            42.194146
          ],
          [
            -71.924914,
            42.173663
          ],
          [
            -71.966867,
            42.15452
          ],
          [
            -72.009456,
            42.147795
          ],
          [
            -72.062012,
            42.12964
          ],
          [
            -72.086217,
            42.136085
          ],
          [
            -72.125546,
            42.135283
          ],
          [
            -72.213602,
            42.182504
          ],
          [
            -72.244175,
            42.179114
          ],
          [
            -72.282382,
            42.164903
          ],
          [
            -72.318532,
            42.17708
          ],
          [
            -72.349506,
            42.169557
          ],
          [
            -72.367993,
            42.157184
          ],
          [
            -72.380572,
            42.153946
          ],
          [
            -72.413222,
            42.15796
          ],
          [
            -72.448664,
            42.17055
          ],
          [
            -72.538734,
            42.16158
          ],
          [
            -72.586113,
            42.169804
          ],
          [
            -72.616208,
            42.155187
          ],
          [
            -72.638022,
            42.154291
          ],
          [
            -72.63676,
            42.158764
          ],
          [
            -72.645376,
            42.162633
          ],
          [
            -72.638427,
            42.205416
          ],
          [
            -72.632414,
            42.214123
          ],
          [
            -72.636578,
            42.228233
          ],
          [
            -72.605542,
            42.274059
          ],
          [
            -72.608271,
            42.28052
          ],
          [
            -72.628708,
            42.293534
          ],
          [
            -72.624157,
            42.311569
          ],
          [
            -72.648447,
            42.324298
          ],
          [
            -72.652698,
            42.331359
          ],
          [
            -72.673374,
            42.336066
          ],
          [
            -72.68991,
            42.349635
          ],
          [
            -72.695427,
            42.372062
          ],
          [
            -72.721584,
            42.390113
          ],
          [
            -72.740228,
            42.395904
          ],
          [
            -72.761303,
            42.414751
          ],
          [
            -72.775442,
            42.417987
          ],
          [
            -72.797639,
            42.43594
          ],
          [
            -72.809829,
            42.472472
          ]
        ],
        "type": "LineString"
      }
    },
    {
      "type": "Feature",
      "id": "d1-three-sisters-sanctuary-to-northampton-lodging",
      "properties": {
        "feature_kind": "drive_leg",
        "route_id": "route-02",
        "day": 1,
        "date": "2026-10-04",
        "from": "three-sisters-sanctuary",
        "to": "northampton-lodging",
        "distance_miles": 15.1,
        "baseline_minutes": 28,
        "traffic_risk": "medium",
        "map_color": "#6C5CE7",
        "energy_rebuild": true
      },
      "geometry": {
        "coordinates": [
          [
            -72.809829,
            42.472472
          ],
          [
            -72.806011,
            42.462957
          ],
          [
            -72.804582,
            42.448373
          ],
          [
            -72.801781,
            42.445038
          ],
          [
            -72.797639,
            42.43594
          ],
          [
            -72.78032,
            42.425105
          ],
          [
            -72.775442,
            42.417987
          ],
          [
            -72.765155,
            42.41675
          ],
          [
            -72.761303,
            42.414751
          ],
          [
            -72.759196,
            42.412728
          ],
          [
            -72.757384,
            42.40778
          ],
          [
            -72.754973,
            42.405782
          ],
          [
            -72.745785,
            42.402548
          ],
          [
            -72.740228,
            42.395904
          ],
          [
            -72.728824,
            42.391436
          ],
          [
            -72.721584,
            42.390113
          ],
          [
            -72.717637,
            42.387456
          ],
          [
            -72.714827,
            42.382667
          ],
          [
            -72.707176,
            42.380466
          ],
          [
            -72.704078,
            42.375228
          ],
          [
            -72.6955,
            42.372118
          ],
          [
            -72.693755,
            42.368886
          ],
          [
            -72.693977,
            42.362737
          ],
          [
            -72.689737,
            42.349439
          ],
          [
            -72.684014,
            42.346118
          ],
          [
            -72.672949,
            42.335809
          ],
          [
            -72.663205,
            42.334358
          ],
          [
            -72.652447,
            42.331215
          ],
          [
            -72.649151,
            42.324919
          ],
          [
            -72.640101,
            42.320342
          ],
          [
            -72.640484,
            42.319104
          ]
        ],
        "type": "LineString"
      }
    },
    {
      "type": "Feature",
      "id": "d2-northampton-lodging-to-grafton-peace-pagoda",
      "properties": {
        "feature_kind": "drive_leg",
        "route_id": "route-02",
        "day": 2,
        "date": "2026-10-05",
        "from": "northampton-lodging",
        "to": "grafton-peace-pagoda",
        "distance_miles": 89,
        "baseline_minutes": 120,
        "traffic_risk": "low",
        "map_color": "#6C5CE7",
        "energy_rebuild": true
      },
      "geometry": {
        "coordinates": [
          [
            -72.640484,
            42.319104
          ],
          [
            -72.634022,
            42.317636
          ],
          [
            -72.633374,
            42.312922
          ],
          [
            -72.654797,
            42.3023
          ],
          [
            -72.658791,
            42.291324
          ],
          [
            -72.673967,
            42.276531
          ],
          [
            -72.672566,
            42.270264
          ],
          [
            -72.729574,
            42.229752
          ],
          [
            -72.732503,
            42.220211
          ],
          [
            -72.72582,
            42.209174
          ],
          [
            -72.725529,
            42.153649
          ],
          [
            -72.733298,
            42.142041
          ],
          [
            -72.733874,
            42.14608
          ],
          [
            -72.759029,
            42.154856
          ],
          [
            -72.816755,
            42.156936
          ],
          [
            -72.858148,
            42.167957
          ],
          [
            -72.908572,
            42.173238
          ],
          [
            -72.968671,
            42.224685
          ],
          [
            -72.993536,
            42.236973
          ],
          [
            -73.043933,
            42.23304
          ],
          [
            -73.075122,
            42.244336
          ],
          [
            -73.110157,
            42.248037
          ],
          [
            -73.157912,
            42.289345
          ],
          [
            -73.191414,
            42.299975
          ],
          [
            -73.29784,
            42.297775
          ],
          [
            -73.35375,
            42.308273
          ],
          [
            -73.36745,
            42.329948
          ],
          [
            -73.409162,
            42.345898
          ],
          [
            -73.431563,
            42.367021
          ],
          [
            -73.427594,
            42.379781
          ],
          [
            -73.408725,
            42.398114
          ],
          [
            -73.396645,
            42.464137
          ],
          [
            -73.373241,
            42.479239
          ],
          [
            -73.366448,
            42.510222
          ],
          [
            -73.356091,
            42.52853
          ],
          [
            -73.361176,
            42.54203
          ],
          [
            -73.374611,
            42.553815
          ],
          [
            -73.367249,
            42.585039
          ],
          [
            -73.375922,
            42.61318
          ],
          [
            -73.358685,
            42.634613
          ],
          [
            -73.370498,
            42.663219
          ],
          [
            -73.366752,
            42.682549
          ],
          [
            -73.378534,
            42.709187
          ],
          [
            -73.361771,
            42.733426
          ],
          [
            -73.362483,
            42.736158
          ],
          [
            -73.370661,
            42.734363
          ],
          [
            -73.401484,
            42.740226
          ],
          [
            -73.408647,
            42.75032
          ]
        ],
        "type": "LineString"
      }
    },
    {
      "type": "Feature",
      "id": "d2-grafton-peace-pagoda-to-revolution-rail-hadley",
      "properties": {
        "feature_kind": "drive_leg",
        "route_id": "route-02",
        "day": 2,
        "date": "2026-10-05",
        "from": "grafton-peace-pagoda",
        "to": "revolution-rail-hadley",
        "distance_miles": 63,
        "baseline_minutes": 101,
        "traffic_risk": "low",
        "map_color": "#6C5CE7",
        "energy_rebuild": true
      },
      "geometry": {
        "coordinates": [
          [
            -73.408647,
            42.75032
          ],
          [
            -73.407821,
            42.744302
          ],
          [
            -73.420372,
            42.754518
          ],
          [
            -73.427662,
            42.770305
          ],
          [
            -73.434763,
            42.772638
          ],
          [
            -73.471415,
            42.76793
          ],
          [
            -73.488741,
            42.759536
          ],
          [
            -73.508587,
            42.76055
          ],
          [
            -73.519693,
            42.769439
          ],
          [
            -73.536965,
            42.75093
          ],
          [
            -73.549312,
            42.74669
          ],
          [
            -73.572361,
            42.750063
          ],
          [
            -73.597052,
            42.761318
          ],
          [
            -73.616316,
            42.757075
          ],
          [
            -73.638511,
            42.770259
          ],
          [
            -73.651395,
            42.784561
          ],
          [
            -73.681591,
            42.791297
          ],
          [
            -73.684784,
            42.810911
          ],
          [
            -73.712322,
            42.827986
          ],
          [
            -73.739743,
            42.837841
          ],
          [
            -73.770419,
            42.840252
          ],
          [
            -73.780196,
            42.894546
          ],
          [
            -73.800305,
            42.92162
          ],
          [
            -73.805188,
            42.944271
          ],
          [
            -73.802812,
            42.99976
          ],
          [
            -73.797703,
            43.015293
          ],
          [
            -73.788751,
            43.021605
          ],
          [
            -73.792391,
            43.027045
          ],
          [
            -73.784774,
            43.083251
          ],
          [
            -73.819094,
            43.086277
          ],
          [
            -73.837336,
            43.095412
          ],
          [
            -73.847401,
            43.136428
          ],
          [
            -73.8647,
            43.176666
          ],
          [
            -73.861534,
            43.211378
          ],
          [
            -73.83962,
            43.245187
          ],
          [
            -73.832994,
            43.246365
          ],
          [
            -73.831861,
            43.263761
          ],
          [
            -73.821425,
            43.285785
          ],
          [
            -73.824368,
            43.306721
          ],
          [
            -73.840773,
            43.316976
          ],
          [
            -73.849264,
            43.317211
          ]
        ],
        "type": "LineString"
      }
    },
    {
      "type": "Feature",
      "id": "d2-revolution-rail-hadley-to-saratoga-mineral-springs",
      "properties": {
        "feature_kind": "drive_leg",
        "route_id": "route-02",
        "day": 2,
        "date": "2026-10-05",
        "from": "revolution-rail-hadley",
        "to": "saratoga-mineral-springs",
        "distance_miles": 21.7,
        "baseline_minutes": 38,
        "traffic_risk": "low",
        "map_color": "#6C5CE7",
        "energy_rebuild": true
      },
      "geometry": {
        "coordinates": [
          [
            -73.849264,
            43.317211
          ],
          [
            -73.840773,
            43.316976
          ],
          [
            -73.840847,
            43.315118
          ],
          [
            -73.829616,
            43.31092
          ],
          [
            -73.824368,
            43.306721
          ],
          [
            -73.821425,
            43.285785
          ],
          [
            -73.823344,
            43.27652
          ],
          [
            -73.831861,
            43.263761
          ],
          [
            -73.832994,
            43.246365
          ],
          [
            -73.83962,
            43.245187
          ],
          [
            -73.842178,
            43.237263
          ],
          [
            -73.8492,
            43.22925
          ],
          [
            -73.850569,
            43.222476
          ],
          [
            -73.861534,
            43.211378
          ],
          [
            -73.865452,
            43.194704
          ],
          [
            -73.862665,
            43.186206
          ],
          [
            -73.8647,
            43.176666
          ],
          [
            -73.847401,
            43.136428
          ],
          [
            -73.843924,
            43.110941
          ],
          [
            -73.837465,
            43.095597
          ],
          [
            -73.832295,
            43.091263
          ],
          [
            -73.819335,
            43.086337
          ],
          [
            -73.80458,
            43.085136
          ],
          [
            -73.801414,
            43.064381
          ],
          [
            -73.809801,
            43.055317
          ],
          [
            -73.807924,
            43.053963
          ]
        ],
        "type": "LineString"
      }
    },
    {
      "type": "Feature",
      "id": "d2-saratoga-mineral-springs-to-saratoga-lodging",
      "properties": {
        "feature_kind": "drive_leg",
        "route_id": "route-02",
        "day": 2,
        "date": "2026-10-05",
        "from": "saratoga-mineral-springs",
        "to": "saratoga-lodging",
        "distance_miles": 2.6,
        "baseline_minutes": 7,
        "traffic_risk": "low",
        "map_color": "#6C5CE7",
        "energy_rebuild": true
      },
      "geometry": {
        "coordinates": [
          [
            -73.807924,
            43.053963
          ],
          [
            -73.808274,
            43.053708
          ],
          [
            -73.810136,
            43.054347
          ],
          [
            -73.809132,
            43.056061
          ],
          [
            -73.807702,
            43.057657
          ],
          [
            -73.804157,
            43.060522
          ],
          [
            -73.800492,
            43.062204
          ],
          [
            -73.791115,
            43.072978
          ],
          [
            -73.789154,
            43.074746
          ],
          [
            -73.787051,
            43.075397
          ],
          [
            -73.785985,
            43.07882
          ],
          [
            -73.785756,
            43.080877
          ],
          [
            -73.784774,
            43.083251
          ],
          [
            -73.784558,
            43.083205
          ]
        ],
        "type": "LineString"
      }
    },
    {
      "type": "Feature",
      "id": "d3-saratoga-lodging-to-secret-caverns",
      "properties": {
        "feature_kind": "drive_leg",
        "route_id": "route-02",
        "day": 3,
        "date": "2026-10-06",
        "from": "saratoga-lodging",
        "to": "secret-caverns",
        "distance_miles": 53.2,
        "baseline_minutes": 82,
        "traffic_risk": "low",
        "map_color": "#6C5CE7",
        "energy_rebuild": true
      },
      "geometry": {
        "coordinates": [
          [
            -73.784558,
            43.083205
          ],
          [
            -73.787051,
            43.075397
          ],
          [
            -73.849476,
            43.010727
          ],
          [
            -73.84879,
            43.002633
          ],
          [
            -73.920068,
            42.994854
          ],
          [
            -73.94122,
            42.979801
          ],
          [
            -73.972067,
            42.974226
          ],
          [
            -74.029679,
            42.973093
          ],
          [
            -74.024268,
            42.942222
          ],
          [
            -74.013319,
            42.928684
          ],
          [
            -74.016582,
            42.926759
          ],
          [
            -74.011547,
            42.914024
          ],
          [
            -74.020644,
            42.900256
          ],
          [
            -74.024704,
            42.868529
          ],
          [
            -74.004846,
            42.852633
          ],
          [
            -74.006372,
            42.840708
          ],
          [
            -74.01715,
            42.840472
          ],
          [
            -74.011182,
            42.832572
          ],
          [
            -74.019569,
            42.813749
          ],
          [
            -74.016971,
            42.790629
          ],
          [
            -74.053702,
            42.774347
          ],
          [
            -74.094544,
            42.770361
          ],
          [
            -74.151109,
            42.752118
          ],
          [
            -74.195326,
            42.728474
          ],
          [
            -74.241249,
            42.72372
          ],
          [
            -74.262683,
            42.71622
          ],
          [
            -74.309092,
            42.708061
          ],
          [
            -74.314666,
            42.710976
          ],
          [
            -74.335302,
            42.70526
          ],
          [
            -74.337701,
            42.717884
          ],
          [
            -74.352073,
            42.722007
          ],
          [
            -74.391854,
            42.709337
          ]
        ],
        "type": "LineString"
      }
    },
    {
      "type": "Feature",
      "id": "d3-secret-caverns-to-cooperstown-lakefront",
      "properties": {
        "feature_kind": "drive_leg",
        "route_id": "route-02",
        "day": 3,
        "date": "2026-10-06",
        "from": "secret-caverns",
        "to": "cooperstown-lakefront",
        "distance_miles": 39.7,
        "baseline_minutes": 67,
        "traffic_risk": "low",
        "map_color": "#6C5CE7",
        "energy_rebuild": true
      },
      "geometry": {
        "coordinates": [
          [
            -74.391854,
            42.709337
          ],
          [
            -74.398034,
            42.704695
          ],
          [
            -74.418672,
            42.71821
          ],
          [
            -74.419935,
            42.723333
          ],
          [
            -74.425845,
            42.72442
          ],
          [
            -74.428958,
            42.736598
          ],
          [
            -74.428804,
            42.75686
          ],
          [
            -74.500952,
            42.756854
          ],
          [
            -74.526824,
            42.759314
          ],
          [
            -74.58506,
            42.779434
          ],
          [
            -74.646751,
            42.796873
          ],
          [
            -74.662418,
            42.803824
          ],
          [
            -74.703688,
            42.810312
          ],
          [
            -74.723561,
            42.822501
          ],
          [
            -74.739262,
            42.821919
          ],
          [
            -74.74762,
            42.829466
          ],
          [
            -74.753607,
            42.83178
          ],
          [
            -74.772218,
            42.832555
          ],
          [
            -74.805819,
            42.830186
          ],
          [
            -74.869966,
            42.837741
          ],
          [
            -74.876713,
            42.829156
          ],
          [
            -74.901267,
            42.812571
          ],
          [
            -74.90287,
            42.806733
          ],
          [
            -74.898385,
            42.784518
          ],
          [
            -74.902893,
            42.756402
          ],
          [
            -74.910444,
            42.739554
          ],
          [
            -74.929771,
            42.722038
          ],
          [
            -74.929845,
            42.70617
          ],
          [
            -74.920563,
            42.700968
          ]
        ],
        "type": "LineString"
      }
    },
    {
      "type": "Feature",
      "id": "d3-cooperstown-lakefront-to-cooperstown-lodging",
      "properties": {
        "feature_kind": "drive_leg",
        "route_id": "route-02",
        "day": 3,
        "date": "2026-10-06",
        "from": "cooperstown-lakefront",
        "to": "cooperstown-lodging",
        "distance_miles": 0.3,
        "baseline_minutes": 2,
        "traffic_risk": "low",
        "map_color": "#6C5CE7",
        "energy_rebuild": true
      },
      "geometry": {
        "coordinates": [
          [
            -74.920563,
            42.700968
          ],
          [
            -74.920627,
            42.701048
          ],
          [
            -74.923818,
            42.701683
          ],
          [
            -74.924238,
            42.700588
          ]
        ],
        "type": "LineString"
      }
    },
    {
      "type": "Feature",
      "id": "d4-cooperstown-lodging-to-leatherstocking-bat-mill",
      "properties": {
        "feature_kind": "drive_leg",
        "route_id": "route-02",
        "day": 4,
        "date": "2026-10-07",
        "from": "cooperstown-lodging",
        "to": "leatherstocking-bat-mill",
        "distance_miles": 21.9,
        "baseline_minutes": 36,
        "traffic_risk": "low",
        "map_color": "#6C5CE7",
        "energy_rebuild": true
      },
      "geometry": {
        "coordinates": [
          [
            -74.924238,
            42.700588
          ],
          [
            -74.926814,
            42.701023
          ],
          [
            -74.93448,
            42.693941
          ],
          [
            -74.937026,
            42.687921
          ],
          [
            -74.943644,
            42.684044
          ],
          [
            -74.951101,
            42.672831
          ],
          [
            -74.95863,
            42.666768
          ],
          [
            -74.958231,
            42.660077
          ],
          [
            -74.964315,
            42.654053
          ],
          [
            -74.965419,
            42.637292
          ],
          [
            -74.958026,
            42.611888
          ],
          [
            -74.951974,
            42.60044
          ],
          [
            -74.944271,
            42.593303
          ],
          [
            -74.954265,
            42.56024
          ],
          [
            -74.953435,
            42.553036
          ],
          [
            -74.968309,
            42.529264
          ],
          [
            -74.982157,
            42.5295
          ],
          [
            -74.989905,
            42.522786
          ],
          [
            -74.991923,
            42.511997
          ],
          [
            -74.982382,
            42.49994
          ],
          [
            -74.981811,
            42.491008
          ],
          [
            -74.992015,
            42.484889
          ],
          [
            -75.0062,
            42.46733
          ],
          [
            -75.012486,
            42.463099
          ],
          [
            -75.008203,
            42.457126
          ],
          [
            -74.997399,
            42.451394
          ],
          [
            -74.989242,
            42.447839
          ],
          [
            -74.974933,
            42.445522
          ]
        ],
        "type": "LineString"
      }
    },
    {
      "type": "Feature",
      "id": "d4-leatherstocking-bat-mill-to-cayuga-fall-eco-cruise",
      "properties": {
        "feature_kind": "drive_leg",
        "route_id": "route-02",
        "day": 4,
        "date": "2026-10-07",
        "from": "leatherstocking-bat-mill",
        "to": "cayuga-fall-eco-cruise",
        "distance_miles": 92.2,
        "baseline_minutes": 130,
        "traffic_risk": "low",
        "map_color": "#6C5CE7",
        "energy_rebuild": true
      },
      "geometry": {
        "coordinates": [
          [
            -74.974933,
            42.445522
          ],
          [
            -75.011251,
            42.46121
          ],
          [
            -75.072757,
            42.4415
          ],
          [
            -75.099835,
            42.443473
          ],
          [
            -75.135474,
            42.42292
          ],
          [
            -75.140649,
            42.39473
          ],
          [
            -75.177453,
            42.386557
          ],
          [
            -75.215972,
            42.363577
          ],
          [
            -75.252404,
            42.360401
          ],
          [
            -75.28166,
            42.331496
          ],
          [
            -75.32539,
            42.312378
          ],
          [
            -75.366133,
            42.310579
          ],
          [
            -75.393531,
            42.293442
          ],
          [
            -75.473423,
            42.28984
          ],
          [
            -75.563458,
            42.31984
          ],
          [
            -75.598422,
            42.313518
          ],
          [
            -75.683715,
            42.3232
          ],
          [
            -75.73683,
            42.318466
          ],
          [
            -75.8083,
            42.3494
          ],
          [
            -75.890815,
            42.338081
          ],
          [
            -75.926355,
            42.341474
          ],
          [
            -75.949593,
            42.328726
          ],
          [
            -75.965741,
            42.329125
          ],
          [
            -76.007837,
            42.353226
          ],
          [
            -76.156401,
            42.371917
          ],
          [
            -76.203063,
            42.355995
          ],
          [
            -76.217833,
            42.365764
          ],
          [
            -76.238247,
            42.361998
          ],
          [
            -76.270606,
            42.378705
          ],
          [
            -76.305369,
            42.379296
          ],
          [
            -76.345421,
            42.393959
          ],
          [
            -76.410924,
            42.396453
          ],
          [
            -76.48953,
            42.43924
          ],
          [
            -76.512222,
            42.439997
          ],
          [
            -76.516457,
            42.457732
          ]
        ],
        "type": "LineString"
      }
    },
    {
      "type": "Feature",
      "id": "d4-cayuga-fall-eco-cruise-to-ithaca-lodging",
      "properties": {
        "feature_kind": "drive_leg",
        "route_id": "route-02",
        "day": 4,
        "date": "2026-10-07",
        "from": "cayuga-fall-eco-cruise",
        "to": "ithaca-lodging",
        "distance_miles": 2.6,
        "baseline_minutes": 9,
        "traffic_risk": "low",
        "map_color": "#6C5CE7",
        "energy_rebuild": true
      },
      "geometry": {
        "coordinates": [
          [
            -76.516457,
            42.457732
          ],
          [
            -76.516693,
            42.457026
          ],
          [
            -76.515815,
            42.456771
          ],
          [
            -76.514947,
            42.456247
          ],
          [
            -76.51667,
            42.455004
          ],
          [
            -76.517811,
            42.454648
          ],
          [
            -76.517391,
            42.453906
          ],
          [
            -76.516702,
            42.453223
          ],
          [
            -76.515871,
            42.45272
          ],
          [
            -76.512975,
            42.451817
          ],
          [
            -76.51239,
            42.451348
          ],
          [
            -76.512084,
            42.45074
          ],
          [
            -76.512146,
            42.450035
          ],
          [
            -76.513453,
            42.4475
          ],
          [
            -76.514184,
            42.444402
          ],
          [
            -76.513947,
            42.443653
          ],
          [
            -76.51271,
            42.442331
          ],
          [
            -76.512481,
            42.440903
          ],
          [
            -76.494234,
            42.441448
          ],
          [
            -76.494206,
            42.440543
          ],
          [
            -76.496633,
            42.440487
          ],
          [
            -76.496623,
            42.440292
          ],
          [
            -76.496466,
            42.440268
          ]
        ],
        "type": "LineString"
      }
    },
    {
      "type": "Feature",
      "id": "d5-ithaca-lodging-to-watkins-glen-gorge",
      "properties": {
        "feature_kind": "drive_leg",
        "route_id": "route-02",
        "day": 5,
        "date": "2026-10-08",
        "from": "ithaca-lodging",
        "to": "watkins-glen-gorge",
        "distance_miles": 24,
        "baseline_minutes": 40,
        "traffic_risk": "low",
        "map_color": "#6C5CE7",
        "energy_rebuild": true
      },
      "geometry": {
        "coordinates": [
          [
            -76.496466,
            42.440268
          ],
          [
            -76.513099,
            42.439918
          ],
          [
            -76.523092,
            42.45238
          ],
          [
            -76.527227,
            42.448563
          ],
          [
            -76.570666,
            42.447342
          ],
          [
            -76.592383,
            42.452148
          ],
          [
            -76.67925,
            42.449296
          ],
          [
            -76.708479,
            42.455595
          ],
          [
            -76.713425,
            42.461187
          ],
          [
            -76.723528,
            42.457126
          ],
          [
            -76.765971,
            42.455793
          ],
          [
            -76.787078,
            42.444266
          ],
          [
            -76.805668,
            42.426572
          ],
          [
            -76.848816,
            42.420237
          ],
          [
            -76.852273,
            42.409366
          ],
          [
            -76.857747,
            42.403319
          ],
          [
            -76.855146,
            42.386885
          ],
          [
            -76.873448,
            42.380576
          ],
          [
            -76.871427,
            42.376315
          ]
        ],
        "type": "LineString"
      }
    },
    {
      "type": "Feature",
      "id": "d5-watkins-glen-gorge-to-make-your-own-glass",
      "properties": {
        "feature_kind": "drive_leg",
        "route_id": "route-02",
        "day": 5,
        "date": "2026-10-08",
        "from": "watkins-glen-gorge",
        "to": "make-your-own-glass",
        "distance_miles": 20.7,
        "baseline_minutes": 36,
        "traffic_risk": "low",
        "map_color": "#6C5CE7",
        "energy_rebuild": true
      },
      "geometry": {
        "coordinates": [
          [
            -76.871427,
            42.376315
          ],
          [
            -76.867351,
            42.361568
          ],
          [
            -76.897469,
            42.319544
          ],
          [
            -76.90276,
            42.316763
          ],
          [
            -76.937091,
            42.313543
          ],
          [
            -76.950133,
            42.303274
          ],
          [
            -76.957641,
            42.27875
          ],
          [
            -76.955931,
            42.244616
          ],
          [
            -76.961794,
            42.230756
          ],
          [
            -76.985198,
            42.20925
          ],
          [
            -77.001933,
            42.20136
          ],
          [
            -77.052535,
            42.166306
          ],
          [
            -77.055453,
            42.162836
          ],
          [
            -77.053062,
            42.14892
          ],
          [
            -77.056515,
            42.149961
          ]
        ],
        "type": "LineString"
      }
    },
    {
      "type": "Feature",
      "id": "d5-make-your-own-glass-to-rochester-lodging",
      "properties": {
        "feature_kind": "drive_leg",
        "route_id": "route-02",
        "day": 5,
        "date": "2026-10-08",
        "from": "make-your-own-glass",
        "to": "rochester-lodging",
        "distance_miles": 100.3,
        "baseline_minutes": 125,
        "traffic_risk": "low",
        "map_color": "#6C5CE7",
        "energy_rebuild": true
      },
      "geometry": {
        "coordinates": [
          [
            -77.056515,
            42.149961
          ],
          [
            -77.085682,
            42.156806
          ],
          [
            -77.128081,
            42.184129
          ],
          [
            -77.158058,
            42.188657
          ],
          [
            -77.223095,
            42.272675
          ],
          [
            -77.225239,
            42.291209
          ],
          [
            -77.255082,
            42.313543
          ],
          [
            -77.285175,
            42.31657
          ],
          [
            -77.334641,
            42.336897
          ],
          [
            -77.35868,
            42.376403
          ],
          [
            -77.471101,
            42.445281
          ],
          [
            -77.507077,
            42.484578
          ],
          [
            -77.515936,
            42.509856
          ],
          [
            -77.575729,
            42.541625
          ],
          [
            -77.653722,
            42.529612
          ],
          [
            -77.678099,
            42.534733
          ],
          [
            -77.7437,
            42.58254
          ],
          [
            -77.811339,
            42.663671
          ],
          [
            -77.799754,
            42.686431
          ],
          [
            -77.834386,
            42.709347
          ],
          [
            -77.838775,
            42.75555
          ],
          [
            -77.810774,
            42.773873
          ],
          [
            -77.774491,
            42.777409
          ],
          [
            -77.740229,
            42.805359
          ],
          [
            -77.727651,
            42.861631
          ],
          [
            -77.69855,
            42.874033
          ],
          [
            -77.696355,
            42.957801
          ],
          [
            -77.635464,
            43.069518
          ],
          [
            -77.604054,
            43.088139
          ],
          [
            -77.599548,
            43.109666
          ],
          [
            -77.615684,
            43.109567
          ],
          [
            -77.61678,
            43.118681
          ],
          [
            -77.600681,
            43.157248
          ]
        ],
        "type": "LineString"
      }
    },
    {
      "type": "Feature",
      "id": "d6-rochester-lodging-to-house-of-guitars",
      "properties": {
        "feature_kind": "drive_leg",
        "route_id": "route-02",
        "day": 6,
        "date": "2026-10-09",
        "from": "rochester-lodging",
        "to": "house-of-guitars",
        "distance_miles": 4,
        "baseline_minutes": 8,
        "traffic_risk": "low",
        "map_color": "#6C5CE7",
        "energy_rebuild": true
      },
      "geometry": {
        "coordinates": [
          [
            -77.600681,
            43.157248
          ],
          [
            -77.60101,
            43.156733
          ],
          [
            -77.602393,
            43.157077
          ],
          [
            -77.603009,
            43.160388
          ],
          [
            -77.601941,
            43.16319
          ],
          [
            -77.602049,
            43.167566
          ],
          [
            -77.59882,
            43.175358
          ],
          [
            -77.60093,
            43.210613
          ],
          [
            -77.599472,
            43.210658
          ],
          [
            -77.599453,
            43.210228
          ]
        ],
        "type": "LineString"
      }
    },
    {
      "type": "Feature",
      "id": "d6-house-of-guitars-to-nut-house-hacker-witch",
      "properties": {
        "feature_kind": "drive_leg",
        "route_id": "route-02",
        "day": 6,
        "date": "2026-10-09",
        "from": "house-of-guitars",
        "to": "nut-house-hacker-witch",
        "distance_miles": 8.6,
        "baseline_minutes": 19,
        "traffic_risk": "low",
        "map_color": "#6C5CE7",
        "energy_rebuild": true
      },
      "geometry": {
        "coordinates": [
          [
            -77.599453,
            43.210228
          ],
          [
            -77.60093,
            43.210613
          ],
          [
            -77.59882,
            43.175358
          ],
          [
            -77.600825,
            43.170816
          ],
          [
            -77.605199,
            43.171544
          ],
          [
            -77.61314,
            43.169943
          ],
          [
            -77.62191,
            43.16508
          ],
          [
            -77.621608,
            43.16321
          ],
          [
            -77.627002,
            43.159398
          ],
          [
            -77.625294,
            43.15803
          ],
          [
            -77.636086,
            43.15029
          ],
          [
            -77.636016,
            43.131162
          ],
          [
            -77.637444,
            43.127941
          ],
          [
            -77.639412,
            43.125733
          ],
          [
            -77.661829,
            43.116292
          ],
          [
            -77.660891,
            43.115915
          ]
        ],
        "type": "LineString"
      }
    },
    {
      "type": "Feature",
      "id": "d6-nut-house-hacker-witch-to-mount-morris-lodging",
      "properties": {
        "feature_kind": "drive_leg",
        "route_id": "route-02",
        "day": 6,
        "date": "2026-10-09",
        "from": "nut-house-hacker-witch",
        "to": "mount-morris-lodging",
        "distance_miles": 37.4,
        "baseline_minutes": 48,
        "traffic_risk": "low",
        "map_color": "#6C5CE7",
        "energy_rebuild": true
      },
      "geometry": {
        "coordinates": [
          [
            -77.660891,
            43.115915
          ],
          [
            -77.649117,
            43.122846
          ],
          [
            -77.616817,
            43.108019
          ],
          [
            -77.60308,
            43.109577
          ],
          [
            -77.600842,
            43.099466
          ],
          [
            -77.606594,
            43.085342
          ],
          [
            -77.635713,
            43.069761
          ],
          [
            -77.662009,
            43.01307
          ],
          [
            -77.696478,
            42.959043
          ],
          [
            -77.691391,
            42.93687
          ],
          [
            -77.698902,
            42.874269
          ],
          [
            -77.728193,
            42.862224
          ],
          [
            -77.741679,
            42.805498
          ],
          [
            -77.758405,
            42.798516
          ],
          [
            -77.775016,
            42.778341
          ],
          [
            -77.808285,
            42.774981
          ],
          [
            -77.834142,
            42.761834
          ],
          [
            -77.83979,
            42.753551
          ],
          [
            -77.838344,
            42.734188
          ],
          [
            -77.840247,
            42.736924
          ],
          [
            -77.874074,
            42.725641
          ]
        ],
        "type": "LineString"
      }
    },
    {
      "type": "Feature",
      "id": "d7-mount-morris-lodging-to-balloons-over-letchworth",
      "properties": {
        "feature_kind": "drive_leg",
        "route_id": "route-02",
        "day": 7,
        "date": "2026-10-10",
        "from": "mount-morris-lodging",
        "to": "balloons-over-letchworth",
        "distance_miles": 18.9,
        "baseline_minutes": 32,
        "traffic_risk": "low",
        "map_color": "#6C5CE7",
        "energy_rebuild": true
      },
      "geometry": {
        "coordinates": [
          [
            -77.874074,
            42.725641
          ],
          [
            -77.880476,
            42.722737
          ],
          [
            -77.884693,
            42.722388
          ],
          [
            -77.900772,
            42.711715
          ],
          [
            -77.926082,
            42.637431
          ],
          [
            -77.942679,
            42.579514
          ],
          [
            -77.953551,
            42.578094
          ],
          [
            -77.98063,
            42.578089
          ],
          [
            -77.994532,
            42.57222
          ],
          [
            -78.015483,
            42.57243
          ],
          [
            -78.028129,
            42.577581
          ],
          [
            -78.035622,
            42.578016
          ],
          [
            -78.040287,
            42.574618
          ],
          [
            -78.040024,
            42.569825
          ],
          [
            -78.045794,
            42.568027
          ],
          [
            -78.050823,
            42.570337
          ],
          [
            -78.05254,
            42.574636
          ],
          [
            -78.049541,
            42.580777
          ],
          [
            -78.04513,
            42.584517
          ],
          [
            -78.046327,
            42.581145
          ],
          [
            -78.045132,
            42.58192
          ]
        ],
        "type": "LineString"
      }
    },
    {
      "type": "Feature",
      "id": "d7-balloons-over-letchworth-to-letchworth-falls",
      "properties": {
        "feature_kind": "drive_leg",
        "route_id": "route-02",
        "day": 7,
        "date": "2026-10-10",
        "from": "balloons-over-letchworth",
        "to": "letchworth-falls",
        "distance_miles": 4.4,
        "baseline_minutes": 13,
        "traffic_risk": "low",
        "map_color": "#6C5CE7",
        "energy_rebuild": true
      },
      "geometry": {
        "coordinates": [
          [
            -78.045132,
            42.58192
          ],
          [
            -78.044916,
            42.581914
          ],
          [
            -78.044388,
            42.582765
          ],
          [
            -78.04345,
            42.583737
          ],
          [
            -78.042,
            42.584278
          ],
          [
            -78.04076,
            42.584577
          ],
          [
            -78.040439,
            42.585053
          ],
          [
            -78.040746,
            42.585488
          ],
          [
            -78.040858,
            42.584773
          ],
          [
            -78.041231,
            42.584607
          ],
          [
            -78.042943,
            42.585032
          ],
          [
            -78.04465,
            42.584776
          ],
          [
            -78.047876,
            42.582446
          ],
          [
            -78.048414,
            42.581478
          ],
          [
            -78.049479,
            42.580839
          ],
          [
            -78.049804,
            42.58015
          ],
          [
            -78.050574,
            42.579363
          ],
          [
            -78.050689,
            42.578983
          ],
          [
            -78.050448,
            42.578274
          ],
          [
            -78.051809,
            42.576664
          ],
          [
            -78.05254,
            42.574636
          ],
          [
            -78.052178,
            42.572083
          ],
          [
            -78.050932,
            42.570332
          ],
          [
            -78.050953,
            42.570013
          ],
          [
            -78.046823,
            42.568874
          ],
          [
            -78.046346,
            42.56862
          ],
          [
            -78.045794,
            42.568027
          ],
          [
            -78.042716,
            42.569201
          ],
          [
            -78.040024,
            42.569825
          ],
          [
            -78.040904,
            42.572404
          ],
          [
            -78.040455,
            42.574298
          ],
          [
            -78.03972,
            42.575277
          ],
          [
            -78.036698,
            42.577682
          ],
          [
            -78.035869,
            42.577976
          ],
          [
            -78.034783,
            42.578057
          ],
          [
            -78.030765,
            42.577587
          ],
          [
            -78.028744,
            42.577674
          ],
          [
            -78.028577,
            42.577918
          ],
          [
            -78.030263,
            42.579138
          ],
          [
            -78.0314,
            42.579433
          ],
          [
            -78.032695,
            42.579475
          ],
          [
            -78.036607,
            42.578223
          ],
          [
            -78.039898,
            42.576955
          ],
          [
            -78.044321,
            42.576979
          ]
        ],
        "type": "LineString"
      }
    },
    {
      "type": "Feature",
      "id": "d7-letchworth-falls-to-mount-morris-dam",
      "properties": {
        "feature_kind": "drive_leg",
        "route_id": "route-02",
        "day": 7,
        "date": "2026-10-10",
        "from": "letchworth-falls",
        "to": "mount-morris-dam",
        "distance_miles": 16.4,
        "baseline_minutes": 31,
        "traffic_risk": "low",
        "map_color": "#6C5CE7",
        "energy_rebuild": true
      },
      "geometry": {
        "coordinates": [
          [
            -78.044321,
            42.576979
          ],
          [
            -78.039898,
            42.576955
          ],
          [
            -78.0321,
            42.579506
          ],
          [
            -78.015483,
            42.57243
          ],
          [
            -77.994532,
            42.57222
          ],
          [
            -77.98063,
            42.578089
          ],
          [
            -77.953551,
            42.578094
          ],
          [
            -77.942679,
            42.579514
          ],
          [
            -77.926082,
            42.637431
          ],
          [
            -77.899569,
            42.712765
          ],
          [
            -77.908702,
            42.727931
          ],
          [
            -77.905673,
            42.73084
          ]
        ],
        "type": "LineString"
      }
    },
    {
      "type": "Feature",
      "id": "d7-mount-morris-dam-to-fashion-outlets-niagara",
      "properties": {
        "feature_kind": "drive_leg",
        "route_id": "route-02",
        "day": 7,
        "date": "2026-10-10",
        "from": "mount-morris-dam",
        "to": "fashion-outlets-niagara",
        "distance_miles": 79.9,
        "baseline_minutes": 123,
        "traffic_risk": "low",
        "map_color": "#6C5CE7",
        "energy_rebuild": true
      },
      "geometry": {
        "coordinates": [
          [
            -77.905673,
            42.73084
          ],
          [
            -77.904326,
            42.720408
          ],
          [
            -77.873827,
            42.725229
          ],
          [
            -77.884667,
            42.756291
          ],
          [
            -78.06079,
            42.744022
          ],
          [
            -78.124465,
            42.74661
          ],
          [
            -78.128534,
            42.740255
          ],
          [
            -78.189914,
            42.739282
          ],
          [
            -78.280522,
            42.756247
          ],
          [
            -78.29998,
            42.755201
          ],
          [
            -78.320431,
            42.768753
          ],
          [
            -78.331263,
            42.770565
          ],
          [
            -78.367153,
            42.769447
          ],
          [
            -78.372029,
            42.773243
          ],
          [
            -78.377522,
            42.770281
          ],
          [
            -78.478101,
            42.770664
          ],
          [
            -78.502759,
            42.768988
          ],
          [
            -78.511759,
            42.764728
          ],
          [
            -78.532928,
            42.768412
          ],
          [
            -78.592271,
            42.767599
          ],
          [
            -78.590763,
            42.778225
          ],
          [
            -78.600865,
            42.794089
          ],
          [
            -78.635157,
            42.798654
          ],
          [
            -78.645197,
            42.810262
          ],
          [
            -78.676186,
            42.828605
          ],
          [
            -78.711275,
            42.839453
          ],
          [
            -78.769949,
            42.843937
          ],
          [
            -78.789157,
            42.850123
          ],
          [
            -78.789489,
            42.875847
          ],
          [
            -78.809352,
            42.876032
          ],
          [
            -78.82921,
            42.868014
          ],
          [
            -78.881119,
            42.881776
          ],
          [
            -78.900873,
            42.902957
          ],
          [
            -78.898698,
            42.928785
          ],
          [
            -78.910605,
            42.954794
          ],
          [
            -78.921008,
            42.963517
          ],
          [
            -78.912211,
            42.972618
          ],
          [
            -78.910586,
            42.98219
          ],
          [
            -78.968455,
            43.013991
          ],
          [
            -78.989145,
            43.043908
          ],
          [
            -78.990556,
            43.0876
          ],
          [
            -78.984319,
            43.096103
          ],
          [
            -78.978693,
            43.096604
          ]
        ],
        "type": "LineString"
      }
    },
    {
      "type": "Feature",
      "id": "d7-fashion-outlets-niagara-to-buffalo-lodging",
      "properties": {
        "feature_kind": "drive_leg",
        "route_id": "route-02",
        "day": 7,
        "date": "2026-10-10",
        "from": "fashion-outlets-niagara",
        "to": "buffalo-lodging",
        "distance_miles": 16.7,
        "baseline_minutes": 30,
        "traffic_risk": "low",
        "map_color": "#6C5CE7",
        "energy_rebuild": true
      },
      "geometry": {
        "coordinates": [
          [
            -78.978693,
            43.096604
          ],
          [
            -78.980247,
            43.095168
          ],
          [
            -78.984319,
            43.096103
          ],
          [
            -78.988154,
            43.089332
          ],
          [
            -78.991018,
            43.089536
          ],
          [
            -78.989823,
            43.044579
          ],
          [
            -78.969355,
            43.014313
          ],
          [
            -78.914,
            42.986109
          ],
          [
            -78.910147,
            42.980585
          ],
          [
            -78.911319,
            42.975107
          ],
          [
            -78.920491,
            42.966747
          ],
          [
            -78.921052,
            42.963168
          ],
          [
            -78.910561,
            42.954441
          ],
          [
            -78.908969,
            42.944256
          ],
          [
            -78.897597,
            42.9279
          ],
          [
            -78.884731,
            42.927817
          ],
          [
            -78.885677,
            42.915412
          ],
          [
            -78.877798,
            42.913185
          ]
        ],
        "type": "LineString"
      }
    },
    {
      "type": "Feature",
      "id": "d8-buffalo-lodging-to-annunciation-buffalo",
      "properties": {
        "feature_kind": "drive_leg",
        "route_id": "route-02",
        "day": 8,
        "date": "2026-10-11",
        "from": "buffalo-lodging",
        "to": "annunciation-buffalo",
        "distance_miles": 0.4,
        "baseline_minutes": 2,
        "traffic_risk": "medium",
        "map_color": "#6C5CE7",
        "energy_rebuild": true
      },
      "geometry": {
        "coordinates": [
          [
            -78.877798,
            42.913185
          ],
          [
            -78.872815,
            42.913154
          ],
          [
            -78.87283,
            42.911283
          ],
          [
            -78.872373,
            42.91128
          ]
        ],
        "type": "LineString"
      }
    },
    {
      "type": "Feature",
      "id": "d8-annunciation-buffalo-to-niagara-power-vista",
      "properties": {
        "feature_kind": "drive_leg",
        "route_id": "route-02",
        "day": 8,
        "date": "2026-10-11",
        "from": "annunciation-buffalo",
        "to": "niagara-power-vista",
        "distance_miles": 24.1,
        "baseline_minutes": 36,
        "traffic_risk": "medium",
        "map_color": "#6C5CE7",
        "energy_rebuild": true
      },
      "geometry": {
        "coordinates": [
          [
            -78.872373,
            42.91128
          ],
          [
            -78.880322,
            42.911323
          ],
          [
            -78.881922,
            42.906483
          ],
          [
            -78.89662,
            42.899045
          ],
          [
            -78.899781,
            42.901117
          ],
          [
            -78.901481,
            42.914181
          ],
          [
            -78.898698,
            42.928785
          ],
          [
            -78.907773,
            42.943284
          ],
          [
            -78.910605,
            42.954794
          ],
          [
            -78.921161,
            42.964202
          ],
          [
            -78.912211,
            42.972618
          ],
          [
            -78.910586,
            42.98219
          ],
          [
            -78.917687,
            42.98902
          ],
          [
            -78.970305,
            43.015743
          ],
          [
            -78.990218,
            43.04739
          ],
          [
            -78.990633,
            43.088158
          ],
          [
            -78.982266,
            43.099038
          ],
          [
            -78.982314,
            43.103092
          ],
          [
            -78.994595,
            43.109731
          ],
          [
            -79.002634,
            43.119321
          ],
          [
            -79.016018,
            43.125444
          ],
          [
            -79.02264,
            43.145874
          ],
          [
            -79.028677,
            43.152791
          ],
          [
            -79.039585,
            43.149936
          ],
          [
            -79.039611,
            43.140108
          ]
        ],
        "type": "LineString"
      }
    },
    {
      "type": "Feature",
      "id": "d8-niagara-power-vista-to-whirlpool-jet-boat",
      "properties": {
        "feature_kind": "drive_leg",
        "route_id": "route-02",
        "day": 8,
        "date": "2026-10-11",
        "from": "niagara-power-vista",
        "to": "whirlpool-jet-boat",
        "distance_miles": 4,
        "baseline_minutes": 8,
        "traffic_risk": "medium",
        "map_color": "#6C5CE7",
        "energy_rebuild": true
      },
      "geometry": {
        "coordinates": [
          [
            -79.039611,
            43.140108
          ],
          [
            -79.039195,
            43.144706
          ],
          [
            -79.039621,
            43.147327
          ],
          [
            -79.039371,
            43.149418
          ],
          [
            -79.039785,
            43.150431
          ],
          [
            -79.041511,
            43.152161
          ],
          [
            -79.042117,
            43.153406
          ],
          [
            -79.042629,
            43.159302
          ],
          [
            -79.042453,
            43.160716
          ],
          [
            -79.04067,
            43.162807
          ],
          [
            -79.033848,
            43.166815
          ],
          [
            -79.031324,
            43.168696
          ],
          [
            -79.029322,
            43.170868
          ],
          [
            -79.028171,
            43.173979
          ],
          [
            -79.027332,
            43.174217
          ],
          [
            -79.026604,
            43.17368
          ],
          [
            -79.026467,
            43.172962
          ],
          [
            -79.034817,
            43.172446
          ],
          [
            -79.048866,
            43.17319
          ],
          [
            -79.04893,
            43.172671
          ]
        ],
        "type": "LineString"
      }
    },
    {
      "type": "Feature",
      "id": "d8-whirlpool-jet-boat-to-cave-of-the-winds",
      "properties": {
        "feature_kind": "drive_leg",
        "route_id": "route-02",
        "day": 8,
        "date": "2026-10-11",
        "from": "whirlpool-jet-boat",
        "to": "cave-of-the-winds",
        "distance_miles": 8.5,
        "baseline_minutes": 19,
        "traffic_risk": "medium",
        "map_color": "#6C5CE7",
        "energy_rebuild": true
      },
      "geometry": {
        "coordinates": [
          [
            -79.04893,
            43.172671
          ],
          [
            -79.030158,
            43.172739
          ],
          [
            -79.03003,
            43.168954
          ],
          [
            -79.03784,
            43.163093
          ],
          [
            -79.037975,
            43.150309
          ],
          [
            -79.040999,
            43.136633
          ],
          [
            -79.046589,
            43.132416
          ],
          [
            -79.050086,
            43.126814
          ],
          [
            -79.056638,
            43.121198
          ],
          [
            -79.055884,
            43.114594
          ],
          [
            -79.057207,
            43.114002
          ],
          [
            -79.055165,
            43.104625
          ],
          [
            -79.059522,
            43.097339
          ],
          [
            -79.059452,
            43.091799
          ],
          [
            -79.063224,
            43.089022
          ],
          [
            -79.061833,
            43.08427
          ],
          [
            -79.06514,
            43.080195
          ],
          [
            -79.070682,
            43.082527
          ]
        ],
        "type": "LineString"
      }
    },
    {
      "type": "Feature",
      "id": "d8-cave-of-the-winds-to-goat-island-illumination",
      "properties": {
        "feature_kind": "drive_leg",
        "route_id": "route-02",
        "day": 8,
        "date": "2026-10-11",
        "from": "cave-of-the-winds",
        "to": "goat-island-illumination",
        "distance_miles": 0.2,
        "baseline_minutes": 2,
        "traffic_risk": "medium",
        "map_color": "#6C5CE7",
        "energy_rebuild": true
      },
      "geometry": {
        "coordinates": [
          [
            -79.070682,
            43.082527
          ],
          [
            -79.070236,
            43.082152
          ],
          [
            -79.06993,
            43.081823
          ],
          [
            -79.070419,
            43.08176
          ],
          [
            -79.071372,
            43.081563
          ],
          [
            -79.071518,
            43.081431
          ],
          [
            -79.071647,
            43.080731
          ],
          [
            -79.072,
            43.080742
          ],
          [
            -79.072249,
            43.080631
          ]
        ],
        "type": "LineString"
      }
    },
    {
      "type": "Feature",
      "id": "d8-goat-island-illumination-to-buffalo-lodging",
      "properties": {
        "feature_kind": "drive_leg",
        "route_id": "route-02",
        "day": 8,
        "date": "2026-10-11",
        "from": "goat-island-illumination",
        "to": "buffalo-lodging",
        "distance_miles": 19.4,
        "baseline_minutes": 36,
        "traffic_risk": "medium",
        "map_color": "#6C5CE7",
        "energy_rebuild": true
      },
      "geometry": {
        "coordinates": [
          [
            -79.072249,
            43.080631
          ],
          [
            -79.070252,
            43.079185
          ],
          [
            -79.066973,
            43.081413
          ],
          [
            -79.065034,
            43.08022
          ],
          [
            -79.061305,
            43.084513
          ],
          [
            -79.05236,
            43.083675
          ],
          [
            -79.051116,
            43.080752
          ],
          [
            -79.040859,
            43.078302
          ],
          [
            -79.019045,
            43.078549
          ],
          [
            -79.002776,
            43.074433
          ],
          [
            -78.991357,
            43.075201
          ],
          [
            -78.990123,
            43.045389
          ],
          [
            -78.971034,
            43.016189
          ],
          [
            -78.914,
            42.986109
          ],
          [
            -78.910147,
            42.980585
          ],
          [
            -78.911319,
            42.975107
          ],
          [
            -78.920491,
            42.966747
          ],
          [
            -78.921052,
            42.963168
          ],
          [
            -78.910561,
            42.954441
          ],
          [
            -78.908969,
            42.944256
          ],
          [
            -78.897597,
            42.9279
          ],
          [
            -78.884731,
            42.927817
          ],
          [
            -78.885677,
            42.915412
          ],
          [
            -78.877798,
            42.913185
          ]
        ],
        "type": "LineString"
      }
    },
    {
      "type": "Feature",
      "id": "d9-buffalo-lodging-to-lockport-locks-cruise",
      "properties": {
        "feature_kind": "drive_leg",
        "route_id": "route-02",
        "day": 9,
        "date": "2026-10-12",
        "from": "buffalo-lodging",
        "to": "lockport-locks-cruise",
        "distance_miles": 26.7,
        "baseline_minutes": 41,
        "traffic_risk": "low",
        "map_color": "#6C5CE7",
        "energy_rebuild": true
      },
      "geometry": {
        "coordinates": [
          [
            -78.877798,
            42.913185
          ],
          [
            -78.869819,
            42.913154
          ],
          [
            -78.869184,
            42.915392
          ],
          [
            -78.864449,
            42.915347
          ],
          [
            -78.857289,
            42.922203
          ],
          [
            -78.842831,
            42.921918
          ],
          [
            -78.834616,
            42.928743
          ],
          [
            -78.820854,
            42.92993
          ],
          [
            -78.811373,
            42.933013
          ],
          [
            -78.765557,
            42.932474
          ],
          [
            -78.759958,
            42.930123
          ],
          [
            -78.741267,
            42.928283
          ],
          [
            -78.710363,
            42.936907
          ],
          [
            -78.696933,
            42.937936
          ],
          [
            -78.69684,
            43.168868
          ],
          [
            -78.690265,
            43.170366
          ],
          [
            -78.687067,
            43.175058
          ]
        ],
        "type": "LineString"
      }
    },
    {
      "type": "Feature",
      "id": "d9-lockport-locks-cruise-to-ontario-travel-plaza",
      "properties": {
        "feature_kind": "drive_leg",
        "route_id": "route-02",
        "day": 9,
        "date": "2026-10-12",
        "from": "lockport-locks-cruise",
        "to": "ontario-travel-plaza",
        "distance_miles": 80.6,
        "baseline_minutes": 106,
        "traffic_risk": "low",
        "map_color": "#6C5CE7",
        "energy_rebuild": true
      },
      "geometry": {
        "coordinates": [
          [
            -78.687067,
            43.175058
          ],
          [
            -78.680278,
            43.173287
          ],
          [
            -78.658455,
            43.181318
          ],
          [
            -78.643048,
            43.181161
          ],
          [
            -78.594603,
            43.195312
          ],
          [
            -78.578589,
            43.193908
          ],
          [
            -78.515377,
            43.205917
          ],
          [
            -78.414293,
            43.206388
          ],
          [
            -78.406428,
            43.220888
          ],
          [
            -78.370594,
            43.22084
          ],
          [
            -78.341512,
            43.229539
          ],
          [
            -78.282428,
            43.225296
          ],
          [
            -78.242286,
            43.230011
          ],
          [
            -78.215879,
            43.240726
          ],
          [
            -78.092137,
            43.244448
          ],
          [
            -78.082028,
            43.226187
          ],
          [
            -78.02683,
            43.226442
          ],
          [
            -78.022168,
            43.220775
          ],
          [
            -77.967017,
            43.219994
          ],
          [
            -77.967197,
            43.19833
          ],
          [
            -77.897696,
            43.197912
          ],
          [
            -77.879705,
            43.18878
          ],
          [
            -77.766471,
            43.174439
          ],
          [
            -77.757685,
            43.1604
          ],
          [
            -77.683412,
            43.156365
          ],
          [
            -77.656885,
            43.126245
          ],
          [
            -77.617236,
            43.108152
          ],
          [
            -77.60134,
            43.107661
          ],
          [
            -77.605411,
            43.086532
          ],
          [
            -77.634285,
            43.071269
          ],
          [
            -77.652207,
            43.048149
          ],
          [
            -77.711301,
            43.041896
          ],
          [
            -77.743012,
            43.045519
          ],
          [
            -77.785579,
            43.043998
          ],
          [
            -77.837644,
            43.030001
          ],
          [
            -77.906615,
            43.031069
          ]
        ],
        "type": "LineString"
      }
    },
    {
      "type": "Feature",
      "id": "d9-ontario-travel-plaza-to-montezuma-wildlife-drive",
      "properties": {
        "feature_kind": "drive_leg",
        "route_id": "route-02",
        "day": 9,
        "date": "2026-10-12",
        "from": "ontario-travel-plaza",
        "to": "montezuma-wildlife-drive",
        "distance_miles": 77.8,
        "baseline_minutes": 99,
        "traffic_risk": "low",
        "map_color": "#6C5CE7",
        "energy_rebuild": true
      },
      "geometry": {
        "coordinates": [
          [
            -77.906615,
            43.031069
          ],
          [
            -77.960895,
            43.029019
          ],
          [
            -77.96212,
            43.036354
          ],
          [
            -77.967014,
            43.027698
          ],
          [
            -77.834205,
            43.029706
          ],
          [
            -77.782032,
            43.044043
          ],
          [
            -77.743068,
            43.045277
          ],
          [
            -77.713306,
            43.041449
          ],
          [
            -77.660604,
            43.047405
          ],
          [
            -77.577098,
            43.047175
          ],
          [
            -77.544082,
            43.040773
          ],
          [
            -77.483017,
            43.015824
          ],
          [
            -77.445277,
            43.011172
          ],
          [
            -77.416108,
            42.998634
          ],
          [
            -77.343242,
            42.994043
          ],
          [
            -77.265968,
            42.979358
          ],
          [
            -77.181815,
            42.973558
          ],
          [
            -77.092302,
            42.973955
          ],
          [
            -77.056282,
            42.967593
          ],
          [
            -77.026749,
            42.956326
          ],
          [
            -76.970753,
            42.954679
          ],
          [
            -76.946812,
            42.95969
          ],
          [
            -76.909461,
            42.95853
          ],
          [
            -76.846989,
            42.965859
          ],
          [
            -76.87263,
            43.075118
          ],
          [
            -76.869657,
            43.083901
          ],
          [
            -76.854428,
            43.07077
          ],
          [
            -76.8406,
            43.067296
          ],
          [
            -76.778457,
            43.0723
          ],
          [
            -76.774817,
            43.054846
          ]
        ],
        "type": "LineString"
      }
    },
    {
      "type": "Feature",
      "id": "d9-montezuma-wildlife-drive-to-syracuse-lodging",
      "properties": {
        "feature_kind": "drive_leg",
        "route_id": "route-02",
        "day": 9,
        "date": "2026-10-12",
        "from": "montezuma-wildlife-drive",
        "to": "syracuse-lodging",
        "distance_miles": 38,
        "baseline_minutes": 54,
        "traffic_risk": "low",
        "map_color": "#6C5CE7",
        "energy_rebuild": true
      },
      "geometry": {
        "coordinates": [
          [
            -76.774817,
            43.054846
          ],
          [
            -76.772792,
            43.044147
          ],
          [
            -76.75411,
            43.04469
          ],
          [
            -76.743988,
            43.022893
          ],
          [
            -76.704965,
            43.016293
          ],
          [
            -76.682271,
            43.017645
          ],
          [
            -76.668894,
            43.019587
          ],
          [
            -76.670037,
            43.023786
          ],
          [
            -76.667882,
            43.025846
          ],
          [
            -76.642995,
            43.034022
          ],
          [
            -76.605983,
            43.052689
          ],
          [
            -76.511037,
            43.072782
          ],
          [
            -76.459566,
            43.080196
          ],
          [
            -76.381828,
            43.089281
          ],
          [
            -76.34448,
            43.087808
          ],
          [
            -76.32341,
            43.09008
          ],
          [
            -76.296737,
            43.104225
          ],
          [
            -76.285609,
            43.107532
          ],
          [
            -76.284268,
            43.105944
          ],
          [
            -76.28928,
            43.112056
          ],
          [
            -76.269456,
            43.113133
          ],
          [
            -76.246109,
            43.105256
          ],
          [
            -76.228058,
            43.084225
          ],
          [
            -76.195347,
            43.06459
          ],
          [
            -76.178153,
            43.05649
          ],
          [
            -76.159427,
            43.05444
          ],
          [
            -76.15352,
            43.051296
          ],
          [
            -76.154117,
            43.04695
          ]
        ],
        "type": "LineString"
      }
    },
    {
      "type": "Feature",
      "id": "d10-syracuse-lodging-to-moss-island-lock-e17",
      "properties": {
        "feature_kind": "drive_leg",
        "route_id": "route-02",
        "day": 10,
        "date": "2026-10-13",
        "from": "syracuse-lodging",
        "to": "moss-island-lock-e17",
        "distance_miles": 75.2,
        "baseline_minutes": 97,
        "traffic_risk": "low",
        "map_color": "#6C5CE7",
        "energy_rebuild": true
      },
      "geometry": {
        "coordinates": [
          [
            -76.154117,
            43.04695
          ],
          [
            -76.152871,
            43.057355
          ],
          [
            -76.16041,
            43.065421
          ],
          [
            -76.153173,
            43.07512
          ],
          [
            -76.135286,
            43.084116
          ],
          [
            -76.117747,
            43.081285
          ],
          [
            -76.110709,
            43.08794
          ],
          [
            -76.089869,
            43.087161
          ],
          [
            -76.088882,
            43.092293
          ],
          [
            -76.083276,
            43.093416
          ],
          [
            -75.922629,
            43.091138
          ],
          [
            -75.846031,
            43.095631
          ],
          [
            -75.76145,
            43.089958
          ],
          [
            -75.727018,
            43.101137
          ],
          [
            -75.673982,
            43.107774
          ],
          [
            -75.610232,
            43.125686
          ],
          [
            -75.582408,
            43.123646
          ],
          [
            -75.483271,
            43.136066
          ],
          [
            -75.387384,
            43.122749
          ],
          [
            -75.309126,
            43.127515
          ],
          [
            -75.276038,
            43.13702
          ],
          [
            -75.206364,
            43.112309
          ],
          [
            -75.175689,
            43.107176
          ],
          [
            -75.116292,
            43.082357
          ],
          [
            -75.068841,
            43.056322
          ],
          [
            -75.041706,
            43.030114
          ],
          [
            -75.010951,
            43.017937
          ],
          [
            -74.989751,
            43.01689
          ],
          [
            -74.995422,
            43.01436
          ],
          [
            -74.963933,
            43.018521
          ],
          [
            -74.943865,
            43.01285
          ],
          [
            -74.87974,
            43.01665
          ],
          [
            -74.860986,
            43.042243
          ],
          [
            -74.853917,
            43.044602
          ],
          [
            -74.845693,
            43.040073
          ]
        ],
        "type": "LineString"
      }
    },
    {
      "type": "Feature",
      "id": "d10-moss-island-lock-e17-to-thacher-indian-ladder",
      "properties": {
        "feature_kind": "drive_leg",
        "route_id": "route-02",
        "day": 10,
        "date": "2026-10-13",
        "from": "moss-island-lock-e17",
        "to": "thacher-indian-ladder",
        "distance_miles": 61.2,
        "baseline_minutes": 88,
        "traffic_risk": "low",
        "map_color": "#6C5CE7",
        "energy_rebuild": true
      },
      "geometry": {
        "coordinates": [
          [
            -74.845693,
            43.040073
          ],
          [
            -74.850097,
            43.042705
          ],
          [
            -74.822008,
            43.029641
          ],
          [
            -74.819071,
            43.014593
          ],
          [
            -74.802488,
            43.016234
          ],
          [
            -74.72518,
            42.989652
          ],
          [
            -74.679992,
            42.990653
          ],
          [
            -74.667629,
            42.987565
          ],
          [
            -74.636709,
            42.95942
          ],
          [
            -74.628715,
            42.94171
          ],
          [
            -74.605973,
            42.914726
          ],
          [
            -74.585018,
            42.906377
          ],
          [
            -74.565706,
            42.907557
          ],
          [
            -74.518987,
            42.890956
          ],
          [
            -74.488488,
            42.869005
          ],
          [
            -74.450504,
            42.854304
          ],
          [
            -74.439,
            42.841994
          ],
          [
            -74.43381,
            42.82749
          ],
          [
            -74.377419,
            42.787727
          ],
          [
            -74.332961,
            42.76503
          ],
          [
            -74.327956,
            42.743653
          ],
          [
            -74.319606,
            42.735741
          ],
          [
            -74.313781,
            42.706819
          ],
          [
            -74.297162,
            42.693454
          ],
          [
            -74.300456,
            42.680962
          ],
          [
            -74.2467,
            42.673277
          ],
          [
            -74.187048,
            42.639009
          ],
          [
            -74.18277,
            42.628624
          ],
          [
            -74.170171,
            42.630947
          ],
          [
            -74.149185,
            42.624458
          ],
          [
            -74.125001,
            42.626873
          ],
          [
            -74.082334,
            42.614895
          ],
          [
            -74.074823,
            42.616474
          ],
          [
            -74.069953,
            42.625722
          ],
          [
            -74.04031,
            42.639155
          ],
          [
            -74.027394,
            42.654823
          ],
          [
            -74.01746,
            42.654552
          ]
        ],
        "type": "LineString"
      }
    },
    {
      "type": "Feature",
      "id": "d10-thacher-indian-ladder-to-albany-lodging",
      "properties": {
        "feature_kind": "drive_leg",
        "route_id": "route-02",
        "day": 10,
        "date": "2026-10-13",
        "from": "thacher-indian-ladder",
        "to": "albany-lodging",
        "distance_miles": 30.7,
        "baseline_minutes": 47,
        "traffic_risk": "low",
        "map_color": "#6C5CE7",
        "energy_rebuild": true
      },
      "geometry": {
        "coordinates": [
          [
            -74.01746,
            42.654552
          ],
          [
            -74.014226,
            42.651834
          ],
          [
            -74.00816,
            42.652151
          ],
          [
            -74.005246,
            42.647962
          ],
          [
            -73.997221,
            42.6462
          ],
          [
            -73.987513,
            42.638843
          ],
          [
            -73.984118,
            42.632483
          ],
          [
            -73.982037,
            42.624261
          ],
          [
            -73.976954,
            42.614994
          ],
          [
            -73.975333,
            42.616028
          ],
          [
            -73.975325,
            42.623001
          ],
          [
            -73.973084,
            42.624087
          ],
          [
            -73.968644,
            42.622702
          ],
          [
            -73.951151,
            42.626567
          ],
          [
            -73.942642,
            42.624022
          ],
          [
            -73.919938,
            42.629005
          ],
          [
            -73.911893,
            42.628968
          ],
          [
            -73.903638,
            42.632387
          ],
          [
            -73.89753,
            42.631653
          ],
          [
            -73.879851,
            42.626916
          ],
          [
            -73.869836,
            42.627927
          ],
          [
            -73.859723,
            42.63059
          ],
          [
            -73.855679,
            42.637091
          ],
          [
            -73.858834,
            42.638467
          ],
          [
            -73.858906,
            42.640434
          ],
          [
            -73.854608,
            42.642327
          ],
          [
            -73.844888,
            42.65144
          ],
          [
            -73.839231,
            42.653999
          ],
          [
            -73.828128,
            42.655818
          ],
          [
            -73.824992,
            42.657346
          ],
          [
            -73.802893,
            42.676055
          ],
          [
            -73.801941,
            42.685592
          ],
          [
            -73.800481,
            42.686812
          ],
          [
            -73.797514,
            42.687107
          ],
          [
            -73.792158,
            42.686086
          ],
          [
            -73.784621,
            42.68231
          ],
          [
            -73.768577,
            42.679641
          ],
          [
            -73.752565,
            42.670063
          ],
          [
            -73.737472,
            42.669644
          ],
          [
            -73.723532,
            42.661693
          ],
          [
            -73.711997,
            42.647926
          ],
          [
            -73.708648,
            42.637563
          ],
          [
            -73.704213,
            42.630021
          ],
          [
            -73.695471,
            42.6244
          ],
          [
            -73.691605,
            42.619956
          ],
          [
            -73.677556,
            42.591953
          ],
          [
            -73.677124,
            42.586653
          ],
          [
            -73.680297,
            42.579504
          ],
          [
            -73.67785,
            42.579837
          ],
          [
            -73.676608,
            42.587988
          ],
          [
            -73.677563,
            42.592969
          ],
          [
            -73.691552,
            42.620499
          ],
          [
            -73.698339,
            42.626819
          ]
        ],
        "type": "LineString"
      }
    },
    {
      "type": "Feature",
      "id": "d11-albany-lodging-to-turnpark-art-space",
      "properties": {
        "feature_kind": "drive_leg",
        "route_id": "route-02",
        "day": 11,
        "date": "2026-10-14",
        "from": "albany-lodging",
        "to": "turnpark-art-space",
        "distance_miles": 32.5,
        "baseline_minutes": 43,
        "traffic_risk": "high",
        "map_color": "#6C5CE7",
        "energy_rebuild": true
      },
      "geometry": {
        "coordinates": [
          [
            -73.698339,
            42.626819
          ],
          [
            -73.700619,
            42.629306
          ],
          [
            -73.701766,
            42.625974
          ],
          [
            -73.701272,
            42.627431
          ],
          [
            -73.698342,
            42.626325
          ],
          [
            -73.691755,
            42.620211
          ],
          [
            -73.677155,
            42.590365
          ],
          [
            -73.678933,
            42.561124
          ],
          [
            -73.684145,
            42.553004
          ],
          [
            -73.687196,
            42.539284
          ],
          [
            -73.689358,
            42.511853
          ],
          [
            -73.683258,
            42.493416
          ],
          [
            -73.670682,
            42.484046
          ],
          [
            -73.670187,
            42.480621
          ],
          [
            -73.672326,
            42.480166
          ],
          [
            -73.670942,
            42.481652
          ],
          [
            -73.64028,
            42.483317
          ],
          [
            -73.622311,
            42.478852
          ],
          [
            -73.605684,
            42.464031
          ],
          [
            -73.58594,
            42.460405
          ],
          [
            -73.571734,
            42.448351
          ],
          [
            -73.557826,
            42.442883
          ],
          [
            -73.552062,
            42.424878
          ],
          [
            -73.538065,
            42.412093
          ],
          [
            -73.507949,
            42.400088
          ],
          [
            -73.494681,
            42.389393
          ],
          [
            -73.479029,
            42.389371
          ],
          [
            -73.471614,
            42.387221
          ],
          [
            -73.466362,
            42.383081
          ],
          [
            -73.456917,
            42.368288
          ],
          [
            -73.435755,
            42.365685
          ],
          [
            -73.427461,
            42.356506
          ],
          [
            -73.415502,
            42.34969
          ],
          [
            -73.41093,
            42.349596
          ],
          [
            -73.394214,
            42.337851
          ],
          [
            -73.370442,
            42.336997
          ],
          [
            -73.369533,
            42.332769
          ]
        ],
        "type": "LineString"
      }
    },
    {
      "type": "Feature",
      "id": "d11-turnpark-art-space-to-charlton-service-plaza",
      "properties": {
        "feature_kind": "drive_leg",
        "route_id": "route-02",
        "day": 11,
        "date": "2026-10-14",
        "from": "turnpark-art-space",
        "to": "charlton-service-plaza",
        "distance_miles": 78.3,
        "baseline_minutes": 93,
        "traffic_risk": "high",
        "map_color": "#6C5CE7",
        "energy_rebuild": true
      },
      "geometry": {
        "coordinates": [
          [
            -73.369533,
            42.332769
          ],
          [
            -73.356297,
            42.310014
          ],
          [
            -73.344982,
            42.305293
          ],
          [
            -73.298103,
            42.296991
          ],
          [
            -73.192721,
            42.300152
          ],
          [
            -73.157793,
            42.28879
          ],
          [
            -73.111092,
            42.248188
          ],
          [
            -73.074928,
            42.244113
          ],
          [
            -73.043996,
            42.232895
          ],
          [
            -72.994615,
            42.237249
          ],
          [
            -72.970091,
            42.225359
          ],
          [
            -72.907853,
            42.172748
          ],
          [
            -72.857932,
            42.167756
          ],
          [
            -72.816762,
            42.156853
          ],
          [
            -72.759172,
            42.154541
          ],
          [
            -72.739189,
            42.145752
          ],
          [
            -72.710454,
            42.139892
          ],
          [
            -72.689001,
            42.13939
          ],
          [
            -72.658142,
            42.152929
          ],
          [
            -72.617871,
            42.154639
          ],
          [
            -72.585608,
            42.169495
          ],
          [
            -72.538508,
            42.161273
          ],
          [
            -72.446582,
            42.170118
          ],
          [
            -72.414066,
            42.158033
          ],
          [
            -72.380936,
            42.153791
          ],
          [
            -72.368397,
            42.156821
          ],
          [
            -72.349379,
            42.169443
          ],
          [
            -72.318581,
            42.176923
          ],
          [
            -72.282202,
            42.164777
          ],
          [
            -72.243839,
            42.179049
          ],
          [
            -72.214838,
            42.182399
          ],
          [
            -72.121696,
            42.134046
          ],
          [
            -72.086559,
            42.135965
          ],
          [
            -72.062229,
            42.129507
          ],
          [
            -72.024165,
            42.140024
          ]
        ],
        "type": "LineString"
      }
    },
    {
      "type": "Feature",
      "id": "d11-charlton-service-plaza-to-boston-logan-hotel",
      "properties": {
        "feature_kind": "drive_leg",
        "route_id": "route-02",
        "day": 11,
        "date": "2026-10-14",
        "from": "charlton-service-plaza",
        "to": "boston-logan-hotel",
        "distance_miles": 57.7,
        "baseline_minutes": 73,
        "traffic_risk": "high",
        "map_color": "#6C5CE7",
        "energy_rebuild": true
      },
      "geometry": {
        "coordinates": [
          [
            -72.024165,
            42.140024
          ],
          [
            -72.007904,
            42.148003
          ],
          [
            -71.96598,
            42.154621
          ],
          [
            -71.925444,
            42.173296
          ],
          [
            -71.852565,
            42.192549
          ],
          [
            -71.834818,
            42.200974
          ],
          [
            -71.787567,
            42.207227
          ],
          [
            -71.756282,
            42.220853
          ],
          [
            -71.694831,
            42.227522
          ],
          [
            -71.618119,
            42.229365
          ],
          [
            -71.593267,
            42.242907
          ],
          [
            -71.574342,
            42.262002
          ],
          [
            -71.557662,
            42.269541
          ],
          [
            -71.496589,
            42.2857
          ],
          [
            -71.472546,
            42.299997
          ],
          [
            -71.45178,
            42.302221
          ],
          [
            -71.411699,
            42.315475
          ],
          [
            -71.368027,
            42.311283
          ],
          [
            -71.315058,
            42.334425
          ],
          [
            -71.264965,
            42.338839
          ],
          [
            -71.249437,
            42.345778
          ],
          [
            -71.178254,
            42.357713
          ],
          [
            -71.12219,
            42.357305
          ],
          [
            -71.101264,
            42.34785
          ],
          [
            -71.037544,
            42.346671
          ],
          [
            -71.025741,
            42.358299
          ],
          [
            -71.027372,
            42.368784
          ],
          [
            -71.016767,
            42.366379
          ]
        ],
        "type": "LineString"
      }
    },
    {
      "type": "Feature",
      "id": "smith-botanic-garden",
      "properties": {
        "feature_kind": "place",
        "route_id": "route-02",
        "place_id": "smith-botanic-garden",
        "name": "Lyman Conservatory & Smith Botanic Garden",
        "city": "Northampton",
        "state": "MA",
        "visit_date": "2026-10-04",
        "priority": "optional",
        "included_in_magic_score": false,
        "energy_rebuild_role": "documented-alternative"
      },
      "geometry": {
        "type": "Point",
        "coordinates": [
          -72.6399966,
          42.3189684
        ]
      }
    },
    {
      "type": "Feature",
      "id": "three-sisters-sanctuary",
      "properties": {
        "feature_kind": "place",
        "route_id": "route-02",
        "place_id": "three-sisters-sanctuary",
        "name": "Three Sisters Sanctuary",
        "city": "Goshen",
        "state": "MA",
        "visit_date": "2026-10-04",
        "priority": "anchor",
        "included_in_magic_score": true,
        "experience_bucket": "nature-geology-terrain",
        "energy_rebuild_role": "active-core"
      },
      "geometry": {
        "type": "Point",
        "coordinates": [
          -72.8097182,
          42.4724782
        ]
      }
    },
    {
      "type": "Feature",
      "id": "tunnel-bar-northampton",
      "properties": {
        "feature_kind": "place",
        "route_id": "route-02",
        "place_id": "tunnel-bar-northampton",
        "name": "The Tunnel Bar",
        "city": "Northampton",
        "state": "MA",
        "visit_date": "2026-10-04",
        "priority": "optional",
        "included_in_magic_score": false,
        "energy_rebuild_role": "documented-alternative"
      },
      "geometry": {
        "type": "Point",
        "coordinates": [
          -72.6274035,
          42.3193898
        ]
      }
    },
    {
      "type": "Feature",
      "id": "mass-moca",
      "properties": {
        "feature_kind": "place",
        "route_id": "route-02",
        "place_id": "mass-moca",
        "name": "MASS MoCA",
        "city": "North Adams",
        "state": "MA",
        "visit_date": "2026-10-05",
        "priority": "optional",
        "included_in_magic_score": false,
        "energy_rebuild_role": "documented-alternative"
      },
      "geometry": {
        "type": "Point",
        "coordinates": [
          -73.1158854,
          42.7012857
        ]
      }
    },
    {
      "type": "Feature",
      "id": "grafton-peace-pagoda",
      "properties": {
        "feature_kind": "place",
        "route_id": "route-02",
        "place_id": "grafton-peace-pagoda",
        "name": "Grafton Peace Pagoda",
        "city": "Petersburgh",
        "state": "NY",
        "visit_date": "2026-10-05",
        "priority": "anchor",
        "included_in_magic_score": true,
        "experience_bucket": "sacred-living-worship",
        "energy_rebuild_role": "active-core"
      },
      "geometry": {
        "type": "Point",
        "coordinates": [
          -73.4103466,
          42.750208
        ]
      }
    },
    {
      "type": "Feature",
      "id": "saratoga-mineral-springs",
      "properties": {
        "feature_kind": "place",
        "route_id": "route-02",
        "place_id": "saratoga-mineral-springs",
        "name": "Saratoga Mineral-Spring Tasting Walk",
        "city": "Saratoga Springs",
        "state": "NY",
        "visit_date": "2026-10-05",
        "priority": "anchor",
        "included_in_magic_score": true,
        "experience_bucket": "local-ritual-discovery",
        "energy_rebuild_role": "active-core"
      },
      "geometry": {
        "type": "Point",
        "coordinates": [
          -73.8070547,
          43.0537779
        ]
      }
    },
    {
      "type": "Feature",
      "id": "congress-park",
      "properties": {
        "feature_kind": "place",
        "route_id": "route-02",
        "place_id": "congress-park",
        "name": "Congress Park & Canfield Casino",
        "city": "Saratoga Springs",
        "state": "NY",
        "visit_date": "2026-10-05",
        "priority": "flex",
        "included_in_magic_score": false,
        "energy_rebuild_role": "documented-alternative"
      },
      "geometry": {
        "type": "Point",
        "coordinates": [
          -73.7843636,
          43.0774545
        ]
      }
    },
    {
      "type": "Feature",
      "id": "howe-caverns",
      "properties": {
        "feature_kind": "place",
        "route_id": "route-02",
        "place_id": "howe-caverns",
        "name": "Howe Caverns Traditional Tour",
        "city": "Howes Cave",
        "state": "NY",
        "visit_date": "2026-10-06",
        "priority": "optional",
        "included_in_magic_score": false,
        "energy_rebuild_role": "documented-alternative"
      },
      "geometry": {
        "type": "Point",
        "coordinates": [
          -74.3987702,
          42.6957642
        ]
      }
    },
    {
      "type": "Feature",
      "id": "iroquois-museum",
      "properties": {
        "feature_kind": "place",
        "route_id": "route-02",
        "place_id": "iroquois-museum",
        "name": "Iroquois Museum",
        "city": "Howes Cave",
        "state": "NY",
        "visit_date": "2026-10-06",
        "priority": "optional",
        "included_in_magic_score": false,
        "energy_rebuild_role": "documented-alternative"
      },
      "geometry": {
        "type": "Point",
        "coordinates": [
          -74.4079298,
          42.6915897
        ]
      }
    },
    {
      "type": "Feature",
      "id": "cooperstown-lakefront",
      "properties": {
        "feature_kind": "place",
        "route_id": "route-02",
        "place_id": "cooperstown-lakefront",
        "name": "Council Rock & Otsego Lakefront",
        "city": "Cooperstown",
        "state": "NY",
        "visit_date": "2026-10-06",
        "priority": "anchor",
        "included_in_magic_score": true,
        "experience_bucket": "nature-geology-terrain",
        "energy_rebuild_role": "active-core"
      },
      "geometry": {
        "type": "Point",
        "coordinates": [
          -74.920262,
          42.7009845
        ]
      }
    },
    {
      "type": "Feature",
      "id": "brewery-ommegang",
      "properties": {
        "feature_kind": "place",
        "route_id": "route-02",
        "place_id": "brewery-ommegang",
        "name": "Brewery Ommegang Farmstead Taproom",
        "city": "Cooperstown",
        "state": "NY",
        "visit_date": "2026-10-06",
        "priority": "optional",
        "included_in_magic_score": false,
        "energy_rebuild_role": "documented-alternative"
      },
      "geometry": {
        "type": "Point",
        "coordinates": [
          -74.9452784,
          42.6266748
        ]
      }
    },
    {
      "type": "Feature",
      "id": "fenimore-farm",
      "properties": {
        "feature_kind": "place",
        "route_id": "route-02",
        "place_id": "fenimore-farm",
        "name": "Fenimore Farm & Country Village",
        "city": "Cooperstown",
        "state": "NY",
        "visit_date": "2026-10-07",
        "priority": "archive",
        "included_in_magic_score": false,
        "energy_rebuild_role": "preserved-revision-history"
      },
      "geometry": {
        "type": "Point",
        "coordinates": [
          -74.9297208,
          42.7123623
        ]
      }
    },
    {
      "type": "Feature",
      "id": "cardiff-giant",
      "properties": {
        "feature_kind": "place",
        "route_id": "route-02",
        "place_id": "cardiff-giant",
        "name": "The Cardiff Giant",
        "city": "Cooperstown",
        "state": "NY",
        "visit_date": "2026-10-07",
        "priority": "flex",
        "included_in_magic_score": false,
        "energy_rebuild_role": "documented-alternative"
      },
      "geometry": {
        "type": "Point",
        "coordinates": [
          -74.92951,
          42.71204
        ]
      }
    },
    {
      "type": "Feature",
      "id": "empire-state-carousel",
      "properties": {
        "feature_kind": "place",
        "route_id": "route-02",
        "place_id": "empire-state-carousel",
        "name": "Empire State Carousel",
        "city": "Cooperstown",
        "state": "NY",
        "visit_date": "2026-10-07",
        "priority": "flex",
        "included_in_magic_score": false,
        "energy_rebuild_role": "documented-alternative"
      },
      "geometry": {
        "type": "Point",
        "coordinates": [
          -74.93016,
          42.71267
        ]
      }
    },
    {
      "type": "Feature",
      "id": "taughannock-falls",
      "properties": {
        "feature_kind": "place",
        "route_id": "route-02",
        "place_id": "taughannock-falls",
        "name": "Taughannock Falls Gorge Walk",
        "city": "Trumansburg",
        "state": "NY",
        "visit_date": "2026-10-07",
        "priority": "optional",
        "included_in_magic_score": false,
        "energy_rebuild_role": "documented-alternative"
      },
      "geometry": {
        "type": "Point",
        "coordinates": [
          -76.59857,
          42.53609
        ]
      }
    },
    {
      "type": "Feature",
      "id": "cornell-botanic-gardens",
      "properties": {
        "feature_kind": "place",
        "route_id": "route-02",
        "place_id": "cornell-botanic-gardens",
        "name": "Cornell Botanic Gardens & Newman Arboretum",
        "city": "Ithaca",
        "state": "NY",
        "visit_date": "2026-10-07",
        "priority": "flex",
        "included_in_magic_score": false,
        "energy_rebuild_role": "documented-alternative"
      },
      "geometry": {
        "type": "Point",
        "coordinates": [
          -76.4722793,
          42.4495732
        ]
      }
    },
    {
      "type": "Feature",
      "id": "ithaca-falls",
      "properties": {
        "feature_kind": "place",
        "route_id": "route-02",
        "place_id": "ithaca-falls",
        "name": "Ithaca Falls at Lake Street",
        "city": "Ithaca",
        "state": "NY",
        "visit_date": "2026-10-08",
        "priority": "flex",
        "included_in_magic_score": false,
        "energy_rebuild_role": "documented-alternative"
      },
      "geometry": {
        "type": "Point",
        "coordinates": [
          -76.4932497,
          42.4526487
        ]
      }
    },
    {
      "type": "Feature",
      "id": "corning-museum-of-glass",
      "properties": {
        "feature_kind": "place",
        "route_id": "route-02",
        "place_id": "corning-museum-of-glass",
        "name": "Corning Museum of Glass",
        "city": "Corning",
        "state": "NY",
        "visit_date": "2026-10-08",
        "priority": "optional",
        "included_in_magic_score": false,
        "energy_rebuild_role": "documented-alternative"
      },
      "geometry": {
        "type": "Point",
        "coordinates": [
          -77.0541641,
          42.1497514
        ]
      }
    },
    {
      "type": "Feature",
      "id": "make-your-own-glass",
      "properties": {
        "feature_kind": "place",
        "route_id": "route-02",
        "place_id": "make-your-own-glass",
        "name": "Make Your Own Glass: Fall Object",
        "city": "Corning",
        "state": "NY",
        "visit_date": "2026-10-08",
        "priority": "anchor",
        "included_in_magic_score": true,
        "experience_bucket": "working-maker-infrastructure",
        "energy_rebuild_role": "active-core"
      },
      "geometry": {
        "type": "Point",
        "coordinates": [
          -77.0561758,
          42.1499845
        ]
      }
    },
    {
      "type": "Feature",
      "id": "rochester-high-falls",
      "properties": {
        "feature_kind": "place",
        "route_id": "route-02",
        "place_id": "rochester-high-falls",
        "name": "High Falls & Pont de Rennes View",
        "city": "Rochester",
        "state": "NY",
        "visit_date": "2026-10-08",
        "priority": "flex",
        "included_in_magic_score": false,
        "energy_rebuild_role": "documented-alternative"
      },
      "geometry": {
        "type": "Point",
        "coordinates": [
          -77.6123226,
          43.162487
        ]
      }
    },
    {
      "type": "Feature",
      "id": "george-eastman-museum",
      "properties": {
        "feature_kind": "place",
        "route_id": "route-02",
        "place_id": "george-eastman-museum",
        "name": "George Eastman Museum",
        "city": "Rochester",
        "state": "NY",
        "visit_date": "2026-10-09",
        "priority": "archive",
        "included_in_magic_score": false,
        "energy_rebuild_role": "preserved-revision-history"
      },
      "geometry": {
        "type": "Point",
        "coordinates": [
          -77.5798264,
          43.1531296
        ]
      }
    },
    {
      "type": "Feature",
      "id": "artisanworks",
      "properties": {
        "feature_kind": "place",
        "route_id": "route-02",
        "place_id": "artisanworks",
        "name": "ARTISANworks",
        "city": "Rochester",
        "state": "NY",
        "visit_date": "2026-10-09",
        "priority": "optional",
        "included_in_magic_score": false,
        "energy_rebuild_role": "documented-alternative"
      },
      "geometry": {
        "type": "Point",
        "coordinates": [
          -77.5575191,
          43.1492641
        ]
      }
    },
    {
      "type": "Feature",
      "id": "house-of-guitars",
      "properties": {
        "feature_kind": "place",
        "route_id": "route-02",
        "place_id": "house-of-guitars",
        "name": "House of Guitars",
        "city": "Rochester",
        "state": "NY",
        "visit_date": "2026-10-09",
        "priority": "anchor",
        "included_in_magic_score": true,
        "experience_bucket": "shopping-music-retail",
        "energy_rebuild_role": "active-core"
      },
      "geometry": {
        "type": "Point",
        "coordinates": [
          -77.599283,
          43.2102317
        ]
      }
    },
    {
      "type": "Feature",
      "id": "radio-social",
      "properties": {
        "feature_kind": "place",
        "route_id": "route-02",
        "place_id": "radio-social",
        "name": "Radio Social Bowling Night",
        "city": "Rochester",
        "state": "NY",
        "visit_date": "2026-10-09",
        "priority": "optional",
        "included_in_magic_score": false,
        "energy_rebuild_role": "documented-alternative"
      },
      "geometry": {
        "type": "Point",
        "coordinates": [
          -77.5614512,
          43.1504626
        ]
      }
    },
    {
      "type": "Feature",
      "id": "rochester-public-market",
      "properties": {
        "feature_kind": "place",
        "route_id": "route-02",
        "place_id": "rochester-public-market",
        "name": "Rochester Public Market",
        "city": "Rochester",
        "state": "NY",
        "visit_date": "2026-10-10",
        "priority": "optional",
        "included_in_magic_score": false,
        "energy_rebuild_role": "documented-alternative"
      },
      "geometry": {
        "type": "Point",
        "coordinates": [
          -77.588983,
          43.1651548
        ]
      }
    },
    {
      "type": "Feature",
      "id": "letchworth-falls",
      "properties": {
        "feature_kind": "place",
        "route_id": "route-02",
        "place_id": "letchworth-falls",
        "name": "Letchworth Three-Falls Drive",
        "city": "Castile",
        "state": "NY",
        "visit_date": "2026-10-10",
        "priority": "anchor",
        "included_in_magic_score": true,
        "experience_bucket": "nature-geology-terrain",
        "energy_rebuild_role": "active-core"
      },
      "geometry": {
        "type": "Point",
        "coordinates": [
          -78.04432,
          42.57877
        ]
      }
    },
    {
      "type": "Feature",
      "id": "buffalo-canalside",
      "properties": {
        "feature_kind": "place",
        "route_id": "route-02",
        "place_id": "buffalo-canalside",
        "name": "Canalside & Grain-Elevator Skyline",
        "city": "Buffalo",
        "state": "NY",
        "visit_date": "2026-10-10",
        "priority": "flex",
        "included_in_magic_score": false,
        "energy_rebuild_role": "documented-alternative"
      },
      "geometry": {
        "type": "Point",
        "coordinates": [
          -78.8787618,
          42.8757092
        ]
      }
    },
    {
      "type": "Feature",
      "id": "elmwood-essex-music-night",
      "properties": {
        "feature_kind": "place",
        "route_id": "route-02",
        "place_id": "elmwood-essex-music-night",
        "name": "Elmwood–Essex–Allentown Music Circuit",
        "city": "Buffalo",
        "state": "NY",
        "visit_date": "2026-10-10",
        "priority": "optional",
        "included_in_magic_score": false,
        "energy_rebuild_role": "documented-alternative"
      },
      "geometry": {
        "type": "Point",
        "coordinates": [
          -78.8827403,
          42.9132991
        ]
      }
    },
    {
      "type": "Feature",
      "id": "annunciation-buffalo",
      "properties": {
        "feature_kind": "place",
        "route_id": "route-02",
        "place_id": "annunciation-buffalo",
        "name": "Orthros & Divine Liturgy at Annunciation",
        "city": "Buffalo",
        "state": "NY",
        "visit_date": "2026-10-11",
        "priority": "anchor",
        "included_in_magic_score": true,
        "experience_bucket": "sacred-living-worship",
        "energy_rebuild_role": "active-core"
      },
      "geometry": {
        "type": "Point",
        "coordinates": [
          -78.8723741,
          42.9111914
        ]
      }
    },
    {
      "type": "Feature",
      "id": "niagara-power-vista",
      "properties": {
        "feature_kind": "place",
        "route_id": "route-02",
        "place_id": "niagara-power-vista",
        "name": "Niagara Power Vista",
        "city": "Lewiston",
        "state": "NY",
        "visit_date": "2026-10-11",
        "priority": "anchor",
        "included_in_magic_score": true,
        "experience_bucket": "working-maker-infrastructure",
        "energy_rebuild_role": "active-core"
      },
      "geometry": {
        "type": "Point",
        "coordinates": [
          -79.0403111,
          43.1401973
        ]
      }
    },
    {
      "type": "Feature",
      "id": "maid-of-the-mist",
      "properties": {
        "feature_kind": "place",
        "route_id": "route-02",
        "place_id": "maid-of-the-mist",
        "name": "Maid of the Mist",
        "city": "Niagara Falls",
        "state": "NY",
        "visit_date": "2026-10-11",
        "priority": "optional",
        "included_in_magic_score": false,
        "energy_rebuild_role": "documented-alternative"
      },
      "geometry": {
        "type": "Point",
        "coordinates": [
          -79.0689984,
          43.0874934
        ]
      }
    },
    {
      "type": "Feature",
      "id": "cave-of-the-winds",
      "properties": {
        "feature_kind": "place",
        "route_id": "route-02",
        "place_id": "cave-of-the-winds",
        "name": "Cave of the Winds",
        "city": "Niagara Falls",
        "state": "NY",
        "visit_date": "2026-10-11",
        "priority": "anchor",
        "included_in_magic_score": true,
        "experience_bucket": "nature-geology-terrain",
        "energy_rebuild_role": "active-core"
      },
      "geometry": {
        "type": "Point",
        "coordinates": [
          -79.0708868,
          43.0823618
        ]
      }
    },
    {
      "type": "Feature",
      "id": "goat-island-illumination",
      "properties": {
        "feature_kind": "place",
        "route_id": "route-02",
        "place_id": "goat-island-illumination",
        "name": "Goat Island & Terrapin Point Illumination",
        "city": "Niagara Falls",
        "state": "NY",
        "visit_date": "2026-10-11",
        "priority": "anchor",
        "included_in_magic_score": true,
        "experience_bucket": "nature-geology-terrain",
        "energy_rebuild_role": "active-core"
      },
      "geometry": {
        "type": "Point",
        "coordinates": [
          -79.074433,
          43.0800772
        ]
      }
    },
    {
      "type": "Feature",
      "id": "martin-house",
      "properties": {
        "feature_kind": "place",
        "route_id": "route-02",
        "place_id": "martin-house",
        "name": "Frank Lloyd Wright's Martin House",
        "city": "Buffalo",
        "state": "NY",
        "visit_date": "2026-10-12",
        "priority": "optional",
        "included_in_magic_score": false,
        "energy_rebuild_role": "documented-alternative"
      },
      "geometry": {
        "type": "Point",
        "coordinates": [
          -78.8480871,
          42.9361233
        ]
      }
    },
    {
      "type": "Feature",
      "id": "tr-inaugural-site",
      "properties": {
        "feature_kind": "place",
        "route_id": "route-02",
        "place_id": "tr-inaugural-site",
        "name": "Theodore Roosevelt Inaugural Site",
        "city": "Buffalo",
        "state": "NY",
        "visit_date": "2026-10-12",
        "priority": "optional",
        "included_in_magic_score": false,
        "energy_rebuild_role": "documented-alternative"
      },
      "geometry": {
        "type": "Point",
        "coordinates": [
          -78.8726259,
          42.9015679
        ]
      }
    },
    {
      "type": "Feature",
      "id": "armory-square",
      "properties": {
        "feature_kind": "place",
        "route_id": "route-02",
        "place_id": "armory-square",
        "name": "Armory Square Slow Evening",
        "city": "Syracuse",
        "state": "NY",
        "visit_date": "2026-10-12",
        "priority": "flex",
        "included_in_magic_score": false,
        "energy_rebuild_role": "documented-alternative"
      },
      "geometry": {
        "type": "Point",
        "coordinates": [
          -76.155121,
          43.0473694
        ]
      }
    },
    {
      "type": "Feature",
      "id": "erie-canal-museum",
      "properties": {
        "feature_kind": "place",
        "route_id": "route-02",
        "place_id": "erie-canal-museum",
        "name": "Erie Canal Museum & 1850 Weighlock",
        "city": "Syracuse",
        "state": "NY",
        "visit_date": "2026-10-13",
        "priority": "archive",
        "included_in_magic_score": false,
        "energy_rebuild_role": "preserved-revision-history"
      },
      "geometry": {
        "type": "Point",
        "coordinates": [
          -76.1487182,
          43.0506446
        ]
      }
    },
    {
      "type": "Feature",
      "id": "albany-pine-bush",
      "properties": {
        "feature_kind": "place",
        "route_id": "route-02",
        "place_id": "albany-pine-bush",
        "name": "Albany Pine Bush Discovery Center",
        "city": "Albany",
        "state": "NY",
        "visit_date": "2026-10-13",
        "priority": "optional",
        "included_in_magic_score": false,
        "energy_rebuild_role": "documented-alternative"
      },
      "geometry": {
        "type": "Point",
        "coordinates": [
          -73.8675,
          42.7031
        ]
      }
    },
    {
      "type": "Feature",
      "id": "ny-state-capitol-plaza",
      "properties": {
        "feature_kind": "place",
        "route_id": "route-02",
        "place_id": "ny-state-capitol-plaza",
        "name": "New York State Capitol & Empire State Plaza",
        "city": "Albany",
        "state": "NY",
        "visit_date": "2026-10-13",
        "priority": "flex",
        "included_in_magic_score": false,
        "energy_rebuild_role": "documented-alternative"
      },
      "geometry": {
        "type": "Point",
        "coordinates": [
          -73.7576,
          42.6526
        ]
      }
    },
    {
      "type": "Feature",
      "id": "turnpark-art-space",
      "properties": {
        "feature_kind": "place",
        "route_id": "route-02",
        "place_id": "turnpark-art-space",
        "name": "TurnPark Art Space",
        "city": "West Stockbridge",
        "state": "MA",
        "visit_date": "2026-10-14",
        "priority": "anchor",
        "included_in_magic_score": true,
        "experience_bucket": "nature-geology-terrain",
        "energy_rebuild_role": "active-core"
      },
      "geometry": {
        "type": "Point",
        "coordinates": [
          -73.3696888,
          42.3326757
        ]
      }
    },
    {
      "type": "Feature",
      "id": "secret-caverns",
      "properties": {
        "feature_kind": "place",
        "route_id": "route-02",
        "place_id": "secret-caverns",
        "name": "Secret Caverns",
        "city": "Howes Cave",
        "state": "NY",
        "visit_date": "2026-10-06",
        "priority": "anchor",
        "included_in_magic_score": true,
        "experience_bucket": "nature-geology-terrain",
        "energy_rebuild_role": "active-core"
      },
      "geometry": {
        "type": "Point",
        "coordinates": [
          -74.391892,
          42.7093406
        ]
      }
    },
    {
      "type": "Feature",
      "id": "magic-wings",
      "properties": {
        "feature_kind": "place",
        "route_id": "route-02",
        "place_id": "magic-wings",
        "name": "Magic Wings Butterfly Conservatory",
        "city": "South Deerfield",
        "state": "MA",
        "visit_date": "2026-10-04",
        "priority": "alternative",
        "included_in_magic_score": false,
        "energy_rebuild_role": "documented-alternative"
      },
      "geometry": {
        "type": "Point",
        "coordinates": [
          -72.605779,
          42.5097749
        ]
      }
    },
    {
      "type": "Feature",
      "id": "clark-art-institute",
      "properties": {
        "feature_kind": "place",
        "route_id": "route-02",
        "place_id": "clark-art-institute",
        "name": "Clark Art Institute Campus",
        "city": "Williamstown",
        "state": "MA",
        "visit_date": "2026-10-05",
        "priority": "alternative",
        "included_in_magic_score": false,
        "energy_rebuild_role": "documented-alternative"
      },
      "geometry": {
        "type": "Point",
        "coordinates": [
          -73.2136571,
          42.7075528
        ]
      }
    },
    {
      "type": "Feature",
      "id": "fly-creek-cider-mill",
      "properties": {
        "feature_kind": "place",
        "route_id": "route-02",
        "place_id": "fly-creek-cider-mill",
        "name": "Fly Creek Cider Mill",
        "city": "Fly Creek",
        "state": "NY",
        "visit_date": "2026-10-07",
        "priority": "alternative",
        "included_in_magic_score": false,
        "energy_rebuild_role": "documented-alternative"
      },
      "geometry": {
        "type": "Point",
        "coordinates": [
          -74.9866,
          42.7186
        ]
      }
    },
    {
      "type": "Feature",
      "id": "museum-of-earth",
      "properties": {
        "feature_kind": "place",
        "route_id": "route-02",
        "place_id": "museum-of-earth",
        "name": "Museum of the Earth",
        "city": "Ithaca",
        "state": "NY",
        "visit_date": "2026-10-08",
        "priority": "alternative",
        "included_in_magic_score": false,
        "energy_rebuild_role": "documented-alternative"
      },
      "geometry": {
        "type": "Point",
        "coordinates": [
          -76.5358098,
          42.4664805
        ]
      }
    },
    {
      "type": "Feature",
      "id": "strong-museum-play",
      "properties": {
        "feature_kind": "place",
        "route_id": "route-02",
        "place_id": "strong-museum-play",
        "name": "The Strong National Museum of Play",
        "city": "Rochester",
        "state": "NY",
        "visit_date": "2026-10-09",
        "priority": "alternative",
        "included_in_magic_score": false,
        "energy_rebuild_role": "documented-alternative"
      },
      "geometry": {
        "type": "Point",
        "coordinates": [
          -77.60087,
          43.15269
        ]
      }
    },
    {
      "type": "Feature",
      "id": "eternal-flame-falls",
      "properties": {
        "feature_kind": "place",
        "route_id": "route-02",
        "place_id": "eternal-flame-falls",
        "name": "Eternal Flame Falls",
        "city": "Orchard Park",
        "state": "NY",
        "visit_date": "2026-10-10",
        "priority": "alternative",
        "included_in_magic_score": false,
        "energy_rebuild_role": "documented-alternative"
      },
      "geometry": {
        "type": "Point",
        "coordinates": [
          -78.75223,
          42.70167
        ]
      }
    },
    {
      "type": "Feature",
      "id": "old-fort-niagara",
      "properties": {
        "feature_kind": "place",
        "route_id": "route-02",
        "place_id": "old-fort-niagara",
        "name": "Old Fort Niagara",
        "city": "Youngstown",
        "state": "NY",
        "visit_date": "2026-10-11",
        "priority": "alternative",
        "included_in_magic_score": false,
        "energy_rebuild_role": "documented-alternative"
      },
      "geometry": {
        "type": "Point",
        "coordinates": [
          -79.0637,
          43.2624
        ]
      }
    },
    {
      "type": "Feature",
      "id": "forest-lawn-blue-sky",
      "properties": {
        "feature_kind": "place",
        "route_id": "route-02",
        "place_id": "forest-lawn-blue-sky",
        "name": "Forest Lawn: Blue Sky Mausoleum Walk",
        "city": "Buffalo",
        "state": "NY",
        "visit_date": "2026-10-12",
        "priority": "alternative",
        "included_in_magic_score": false,
        "energy_rebuild_role": "documented-alternative"
      },
      "geometry": {
        "type": "Point",
        "coordinates": [
          -78.8649,
          42.9286
        ]
      }
    },
    {
      "type": "Feature",
      "id": "schenectady-stockade",
      "properties": {
        "feature_kind": "place",
        "route_id": "route-02",
        "place_id": "schenectady-stockade",
        "name": "Schenectady Stockade Audio Walk",
        "city": "Schenectady",
        "state": "NY",
        "visit_date": "2026-10-13",
        "priority": "alternative",
        "included_in_magic_score": false,
        "energy_rebuild_role": "documented-alternative"
      },
      "geometry": {
        "type": "Point",
        "coordinates": [
          -73.945,
          42.818
        ]
      }
    },
    {
      "type": "Feature",
      "id": "six-depot",
      "properties": {
        "feature_kind": "place",
        "route_id": "route-02",
        "place_id": "six-depot",
        "name": "No. Six Depot Roastery & Gallery",
        "city": "West Stockbridge",
        "state": "MA",
        "visit_date": "2026-10-14",
        "priority": "alternative",
        "included_in_magic_score": false,
        "energy_rebuild_role": "documented-alternative"
      },
      "geometry": {
        "type": "Point",
        "coordinates": [
          -73.3684757,
          42.3341038
        ]
      }
    },
    {
      "type": "Feature",
      "id": "revolution-rail-hadley",
      "properties": {
        "feature_kind": "place",
        "route_id": "route-02",
        "place_id": "revolution-rail-hadley",
        "name": "Revolution Rail — Hadley Run",
        "city": "Hadley",
        "state": "NY",
        "visit_date": "2026-10-05",
        "priority": "anchor",
        "included_in_magic_score": true,
        "experience_bucket": "moving-water-air-rail",
        "energy_rebuild_role": "active-core"
      },
      "geometry": {
        "type": "Point",
        "coordinates": [
          -73.8491458,
          43.317285
        ]
      }
    },
    {
      "type": "Feature",
      "id": "leatherstocking-bat-mill",
      "properties": {
        "feature_kind": "place",
        "route_id": "route-02",
        "place_id": "leatherstocking-bat-mill",
        "name": "Leatherstocking Wood Bat Mill Tour",
        "city": "Oneonta",
        "state": "NY",
        "visit_date": "2026-10-07",
        "priority": "anchor",
        "included_in_magic_score": true,
        "experience_bucket": "working-maker-infrastructure",
        "energy_rebuild_role": "active-core"
      },
      "geometry": {
        "type": "Point",
        "coordinates": [
          -74.9749288,
          42.4456053
        ]
      }
    },
    {
      "type": "Feature",
      "id": "cayuga-fall-eco-cruise",
      "properties": {
        "feature_kind": "place",
        "route_id": "route-02",
        "place_id": "cayuga-fall-eco-cruise",
        "name": "Cayuga Lake Fall Foliage Eco-Cruise",
        "city": "Ithaca",
        "state": "NY",
        "visit_date": "2026-10-07",
        "priority": "anchor",
        "included_in_magic_score": true,
        "experience_bucket": "moving-water-air-rail",
        "energy_rebuild_role": "active-core"
      },
      "geometry": {
        "type": "Point",
        "coordinates": [
          -76.5163604,
          42.4590975
        ]
      }
    },
    {
      "type": "Feature",
      "id": "watkins-glen-gorge",
      "properties": {
        "feature_kind": "place",
        "route_id": "route-02",
        "place_id": "watkins-glen-gorge",
        "name": "Watkins Glen Gorge Trail",
        "city": "Watkins Glen",
        "state": "NY",
        "visit_date": "2026-10-08",
        "priority": "anchor",
        "included_in_magic_score": true,
        "experience_bucket": "nature-geology-terrain",
        "energy_rebuild_role": "active-core"
      },
      "geometry": {
        "type": "Point",
        "coordinates": [
          -76.8716481,
          42.3761611
        ]
      }
    },
    {
      "type": "Feature",
      "id": "nut-house-hacker-witch",
      "properties": {
        "feature_kind": "place",
        "route_id": "route-02",
        "place_id": "nut-house-hacker-witch",
        "name": "Nut House — The Hacker W.I.T.C.H.",
        "city": "Rochester",
        "state": "NY",
        "visit_date": "2026-10-09",
        "priority": "anchor",
        "included_in_magic_score": true,
        "experience_bucket": "puzzle-interactive",
        "energy_rebuild_role": "active-core"
      },
      "geometry": {
        "type": "Point",
        "coordinates": [
          -77.6609686,
          43.1160912
        ]
      }
    },
    {
      "type": "Feature",
      "id": "balloons-over-letchworth",
      "properties": {
        "feature_kind": "place",
        "route_id": "route-02",
        "place_id": "balloons-over-letchworth",
        "name": "Balloons Over Letchworth",
        "city": "Castile",
        "state": "NY",
        "visit_date": "2026-10-10",
        "priority": "anchor",
        "included_in_magic_score": true,
        "experience_bucket": "moving-water-air-rail",
        "energy_rebuild_role": "active-core"
      },
      "geometry": {
        "type": "Point",
        "coordinates": [
          -78.0450913,
          42.581976
        ]
      }
    },
    {
      "type": "Feature",
      "id": "mount-morris-dam",
      "properties": {
        "feature_kind": "place",
        "route_id": "route-02",
        "place_id": "mount-morris-dam",
        "name": "Mount Morris Dam Guided Walking Tour",
        "city": "Mount Morris",
        "state": "NY",
        "visit_date": "2026-10-10",
        "priority": "anchor",
        "included_in_magic_score": true,
        "experience_bucket": "working-maker-infrastructure",
        "energy_rebuild_role": "active-core"
      },
      "geometry": {
        "type": "Point",
        "coordinates": [
          -77.9057858,
          42.7310423
        ]
      }
    },
    {
      "type": "Feature",
      "id": "fashion-outlets-niagara",
      "properties": {
        "feature_kind": "place",
        "route_id": "route-02",
        "place_id": "fashion-outlets-niagara",
        "name": "Fashion Outlets of Niagara Falls USA",
        "city": "Niagara Falls",
        "state": "NY",
        "visit_date": "2026-10-10",
        "priority": "anchor",
        "included_in_magic_score": true,
        "experience_bucket": "shopping-music-retail",
        "energy_rebuild_role": "active-core"
      },
      "geometry": {
        "type": "Point",
        "coordinates": [
          -78.9786935,
          43.0969508
        ]
      }
    },
    {
      "type": "Feature",
      "id": "whirlpool-jet-boat",
      "properties": {
        "feature_kind": "place",
        "route_id": "route-02",
        "place_id": "whirlpool-jet-boat",
        "name": "Whirlpool Jet Boat — Niagara Gorge",
        "city": "Lewiston",
        "state": "NY",
        "visit_date": "2026-10-11",
        "priority": "anchor",
        "included_in_magic_score": true,
        "experience_bucket": "moving-water-air-rail",
        "energy_rebuild_role": "active-core"
      },
      "geometry": {
        "type": "Point",
        "coordinates": [
          -79.0490805,
          43.1726809
        ]
      }
    },
    {
      "type": "Feature",
      "id": "lockport-locks-cruise",
      "properties": {
        "feature_kind": "place",
        "route_id": "route-02",
        "place_id": "lockport-locks-cruise",
        "name": "Lockport Locks & Erie Canal Cruise",
        "city": "Lockport",
        "state": "NY",
        "visit_date": "2026-10-12",
        "priority": "anchor",
        "included_in_magic_score": true,
        "experience_bucket": "moving-water-air-rail",
        "energy_rebuild_role": "active-core"
      },
      "geometry": {
        "type": "Point",
        "coordinates": [
          -78.6872772,
          43.1752042
        ]
      }
    },
    {
      "type": "Feature",
      "id": "montezuma-wildlife-drive",
      "properties": {
        "feature_kind": "place",
        "route_id": "route-02",
        "place_id": "montezuma-wildlife-drive",
        "name": "Montezuma Wildlife Drive",
        "city": "Seneca Falls",
        "state": "NY",
        "visit_date": "2026-10-12",
        "priority": "anchor",
        "included_in_magic_score": true,
        "experience_bucket": "nature-geology-terrain",
        "energy_rebuild_role": "active-core"
      },
      "geometry": {
        "type": "Point",
        "coordinates": [
          -76.7922409,
          43.0526704
        ]
      }
    },
    {
      "type": "Feature",
      "id": "moss-island-lock-e17",
      "properties": {
        "feature_kind": "place",
        "route_id": "route-02",
        "place_id": "moss-island-lock-e17",
        "name": "Moss Island & Lock E17",
        "city": "Little Falls",
        "state": "NY",
        "visit_date": "2026-10-13",
        "priority": "anchor",
        "included_in_magic_score": true,
        "experience_bucket": "nature-geology-terrain",
        "energy_rebuild_role": "active-core"
      },
      "geometry": {
        "type": "Point",
        "coordinates": [
          -74.8478826,
          43.0396085
        ]
      }
    },
    {
      "type": "Feature",
      "id": "thacher-indian-ladder",
      "properties": {
        "feature_kind": "place",
        "route_id": "route-02",
        "place_id": "thacher-indian-ladder",
        "name": "Thacher State Park — Indian Ladder",
        "city": "Voorheesville",
        "state": "NY",
        "visit_date": "2026-10-13",
        "priority": "anchor",
        "included_in_magic_score": true,
        "experience_bucket": "nature-geology-terrain",
        "energy_rebuild_role": "active-core"
      },
      "geometry": {
        "type": "Point",
        "coordinates": [
          -74.0173208,
          42.6547619
        ]
      }
    },
    {
      "type": "Feature",
      "id": "node-boston-logan-rental",
      "properties": {
        "feature_kind": "route_node",
        "route_id": "route-02",
        "node_id": "boston-logan-rental",
        "name": "Boston Logan Rental Car Center"
      },
      "geometry": {
        "type": "Point",
        "coordinates": [
          -71.0236,
          42.367
        ]
      }
    },
    {
      "type": "Feature",
      "id": "node-northampton-lodging",
      "properties": {
        "feature_kind": "route_node",
        "route_id": "route-02",
        "node_id": "northampton-lodging",
        "name": "Downtown Northampton lodging zone"
      },
      "geometry": {
        "type": "Point",
        "coordinates": [
          -72.6412,
          42.319
        ]
      }
    },
    {
      "type": "Feature",
      "id": "node-saratoga-lodging",
      "properties": {
        "feature_kind": "route_node",
        "route_id": "route-02",
        "node_id": "saratoga-lodging",
        "name": "Downtown Saratoga Springs lodging zone"
      },
      "geometry": {
        "type": "Point",
        "coordinates": [
          -73.7846,
          43.0831
        ]
      }
    },
    {
      "type": "Feature",
      "id": "node-cooperstown-lodging",
      "properties": {
        "feature_kind": "route_node",
        "route_id": "route-02",
        "node_id": "cooperstown-lodging",
        "name": "Cooperstown village lodging zone"
      },
      "geometry": {
        "type": "Point",
        "coordinates": [
          -74.9243,
          42.7006
        ]
      }
    },
    {
      "type": "Feature",
      "id": "node-ithaca-lodging",
      "properties": {
        "feature_kind": "route_node",
        "route_id": "route-02",
        "node_id": "ithaca-lodging",
        "name": "Downtown Ithaca lodging zone"
      },
      "geometry": {
        "type": "Point",
        "coordinates": [
          -76.4966,
          42.4396
        ]
      }
    },
    {
      "type": "Feature",
      "id": "node-rochester-lodging",
      "properties": {
        "feature_kind": "route_node",
        "route_id": "route-02",
        "node_id": "rochester-lodging",
        "name": "Rochester East End lodging zone"
      },
      "geometry": {
        "type": "Point",
        "coordinates": [
          -77.6004,
          43.1572
        ]
      }
    },
    {
      "type": "Feature",
      "id": "node-mount-morris-lodging",
      "properties": {
        "feature_kind": "route_node",
        "route_id": "route-02",
        "node_id": "mount-morris-lodging",
        "name": "Mount Morris / Geneseo lodging zone"
      },
      "geometry": {
        "type": "Point",
        "coordinates": [
          -77.8742,
          42.7256
        ]
      }
    },
    {
      "type": "Feature",
      "id": "node-buffalo-lodging",
      "properties": {
        "feature_kind": "route_node",
        "route_id": "route-02",
        "node_id": "buffalo-lodging",
        "name": "Buffalo Elmwood lodging zone"
      },
      "geometry": {
        "type": "Point",
        "coordinates": [
          -78.8778,
          42.913
        ]
      }
    },
    {
      "type": "Feature",
      "id": "node-syracuse-lodging",
      "properties": {
        "feature_kind": "route_node",
        "route_id": "route-02",
        "node_id": "syracuse-lodging",
        "name": "Syracuse Armory Square lodging zone"
      },
      "geometry": {
        "type": "Point",
        "coordinates": [
          -76.1542,
          43.047
        ]
      }
    },
    {
      "type": "Feature",
      "id": "node-albany-lodging",
      "properties": {
        "feature_kind": "route_node",
        "route_id": "route-02",
        "node_id": "albany-lodging",
        "name": "Albany-East Greenbush lodging zone"
      },
      "geometry": {
        "type": "Point",
        "coordinates": [
          -73.698,
          42.627
        ]
      }
    },
    {
      "type": "Feature",
      "id": "node-boston-logan-hotel",
      "properties": {
        "feature_kind": "route_node",
        "route_id": "route-02",
        "node_id": "boston-logan-hotel",
        "name": "Boston Logan hotel zone"
      },
      "geometry": {
        "type": "Point",
        "coordinates": [
          -71.0155,
          42.3655
        ]
      }
    },
    {
      "type": "Feature",
      "id": "node-ontario-travel-plaza",
      "properties": {
        "feature_kind": "route_node",
        "route_id": "route-02",
        "node_id": "ontario-travel-plaza",
        "name": "Ontario Travel Plaza comfort break"
      },
      "geometry": {
        "type": "Point",
        "coordinates": [
          -77.9066146,
          43.0310424
        ]
      }
    },
    {
      "type": "Feature",
      "id": "node-charlton-service-plaza",
      "properties": {
        "feature_kind": "route_node",
        "route_id": "route-02",
        "node_id": "charlton-service-plaza",
        "name": "Charlton Service Plaza comfort break"
      },
      "geometry": {
        "type": "Point",
        "coordinates": [
          -72.0242505,
          42.1400504
        ]
      }
    },
    {
      "type": "Feature",
      "id": "node-three-sisters-sanctuary",
      "properties": {
        "feature_kind": "route_node",
        "route_id": "route-02",
        "node_id": "three-sisters-sanctuary",
        "name": "Three Sisters Sanctuary, 188 Cape Street, Goshen, Massachusetts"
      },
      "geometry": {
        "type": "Point",
        "coordinates": [
          -72.8097182,
          42.4724782
        ]
      }
    },
    {
      "type": "Feature",
      "id": "node-tunnel-bar-northampton",
      "properties": {
        "feature_kind": "route_node",
        "route_id": "route-02",
        "node_id": "tunnel-bar-northampton",
        "name": "The Tunnel Bar, 125 Pleasant Street, Northampton, Massachusetts"
      },
      "geometry": {
        "type": "Point",
        "coordinates": [
          -72.6274035,
          42.3193898
        ]
      }
    },
    {
      "type": "Feature",
      "id": "node-grafton-peace-pagoda",
      "properties": {
        "feature_kind": "route_node",
        "route_id": "route-02",
        "node_id": "grafton-peace-pagoda",
        "name": "Grafton Peace Pagoda, 87 Crandall Road, Petersburgh, New York"
      },
      "geometry": {
        "type": "Point",
        "coordinates": [
          -73.4103466,
          42.750208
        ]
      }
    },
    {
      "type": "Feature",
      "id": "node-saratoga-mineral-springs",
      "properties": {
        "feature_kind": "route_node",
        "route_id": "route-02",
        "node_id": "saratoga-mineral-springs",
        "name": "Orenda Spring, Saratoga Spa State Park, Saratoga Springs, New York"
      },
      "geometry": {
        "type": "Point",
        "coordinates": [
          -73.8070547,
          43.0537779
        ]
      }
    },
    {
      "type": "Feature",
      "id": "node-congress-park",
      "properties": {
        "feature_kind": "route_node",
        "route_id": "route-02",
        "node_id": "congress-park",
        "name": "Canfield Casino, Congress Park, Saratoga Springs, New York"
      },
      "geometry": {
        "type": "Point",
        "coordinates": [
          -73.7843636,
          43.0774545
        ]
      }
    },
    {
      "type": "Feature",
      "id": "node-cooperstown-lakefront",
      "properties": {
        "feature_kind": "route_node",
        "route_id": "route-02",
        "node_id": "cooperstown-lakefront",
        "name": "Council Rock Park, River Street, Cooperstown, New York"
      },
      "geometry": {
        "type": "Point",
        "coordinates": [
          -74.920262,
          42.7009845
        ]
      }
    },
    {
      "type": "Feature",
      "id": "node-fenimore-farm",
      "properties": {
        "feature_kind": "route_node",
        "route_id": "route-02",
        "node_id": "fenimore-farm",
        "name": "Fenimore Farm and Country Village, 5775 State Highway 80, Cooperstown, New York"
      },
      "geometry": {
        "type": "Point",
        "coordinates": [
          -74.9297208,
          42.7123623
        ]
      }
    },
    {
      "type": "Feature",
      "id": "node-cardiff-giant",
      "properties": {
        "feature_kind": "route_node",
        "route_id": "route-02",
        "node_id": "cardiff-giant",
        "name": "Cardiff Giant, Fenimore Farm, Cooperstown, New York"
      },
      "geometry": {
        "type": "Point",
        "coordinates": [
          -74.92951,
          42.71204
        ]
      }
    },
    {
      "type": "Feature",
      "id": "node-empire-state-carousel",
      "properties": {
        "feature_kind": "route_node",
        "route_id": "route-02",
        "node_id": "empire-state-carousel",
        "name": "Empire State Carousel, Fenimore Farm, Cooperstown, New York"
      },
      "geometry": {
        "type": "Point",
        "coordinates": [
          -74.93016,
          42.71267
        ]
      }
    },
    {
      "type": "Feature",
      "id": "node-taughannock-falls",
      "properties": {
        "feature_kind": "route_node",
        "route_id": "route-02",
        "node_id": "taughannock-falls",
        "name": "Taughannock Falls Gorge Trail, Trumansburg, New York"
      },
      "geometry": {
        "type": "Point",
        "coordinates": [
          -76.59857,
          42.53609
        ]
      }
    },
    {
      "type": "Feature",
      "id": "node-cornell-botanic-gardens",
      "properties": {
        "feature_kind": "route_node",
        "route_id": "route-02",
        "node_id": "cornell-botanic-gardens",
        "name": "Nevin Welcome Center, Cornell Botanic Gardens, Ithaca, New York"
      },
      "geometry": {
        "type": "Point",
        "coordinates": [
          -76.4722793,
          42.4495732
        ]
      }
    },
    {
      "type": "Feature",
      "id": "node-ithaca-falls",
      "properties": {
        "feature_kind": "route_node",
        "route_id": "route-02",
        "node_id": "ithaca-falls",
        "name": "Ithaca Falls Natural Area, Lake Street, Ithaca, New York"
      },
      "geometry": {
        "type": "Point",
        "coordinates": [
          -76.4932497,
          42.4526487
        ]
      }
    },
    {
      "type": "Feature",
      "id": "node-make-your-own-glass",
      "properties": {
        "feature_kind": "route_node",
        "route_id": "route-02",
        "node_id": "make-your-own-glass",
        "name": "The Studio, Corning Museum of Glass, 1 Museum Way, Corning, New York"
      },
      "geometry": {
        "type": "Point",
        "coordinates": [
          -77.0561758,
          42.1499845
        ]
      }
    },
    {
      "type": "Feature",
      "id": "node-house-of-guitars",
      "properties": {
        "feature_kind": "route_node",
        "route_id": "route-02",
        "node_id": "house-of-guitars",
        "name": "House of Guitars, 645 Titus Avenue, Rochester, New York"
      },
      "geometry": {
        "type": "Point",
        "coordinates": [
          -77.599283,
          43.2102317
        ]
      }
    },
    {
      "type": "Feature",
      "id": "node-rochester-public-market",
      "properties": {
        "feature_kind": "route_node",
        "route_id": "route-02",
        "node_id": "rochester-public-market",
        "name": "Rochester Public Market, 280 North Union Street, Rochester, New York"
      },
      "geometry": {
        "type": "Point",
        "coordinates": [
          -77.588983,
          43.1651548
        ]
      }
    },
    {
      "type": "Feature",
      "id": "node-letchworth-falls",
      "properties": {
        "feature_kind": "route_node",
        "route_id": "route-02",
        "node_id": "letchworth-falls",
        "name": "Middle Falls, Letchworth State Park, Castile, New York"
      },
      "geometry": {
        "type": "Point",
        "coordinates": [
          -78.04432,
          42.57877
        ]
      }
    },
    {
      "type": "Feature",
      "id": "node-elmwood-essex-music-night",
      "properties": {
        "feature_kind": "route_node",
        "route_id": "route-02",
        "node_id": "elmwood-essex-music-night",
        "name": "Essex Street Pub, 530 Rhode Island Street, Buffalo, New York"
      },
      "geometry": {
        "type": "Point",
        "coordinates": [
          -78.8827403,
          42.9132991
        ]
      }
    },
    {
      "type": "Feature",
      "id": "node-annunciation-buffalo",
      "properties": {
        "feature_kind": "route_node",
        "route_id": "route-02",
        "node_id": "annunciation-buffalo",
        "name": "Hellenic Orthodox Church of the Annunciation, 146 West Utica Street, Buffalo, New York"
      },
      "geometry": {
        "type": "Point",
        "coordinates": [
          -78.8723741,
          42.9111914
        ]
      }
    },
    {
      "type": "Feature",
      "id": "node-niagara-power-vista",
      "properties": {
        "feature_kind": "route_node",
        "route_id": "route-02",
        "node_id": "niagara-power-vista",
        "name": "Niagara Power Vista, 5777 Lewiston Road, Lewiston, New York"
      },
      "geometry": {
        "type": "Point",
        "coordinates": [
          -79.0403111,
          43.1401973
        ]
      }
    },
    {
      "type": "Feature",
      "id": "node-maid-of-the-mist",
      "properties": {
        "feature_kind": "route_node",
        "route_id": "route-02",
        "node_id": "maid-of-the-mist",
        "name": "Maid of the Mist, 332 Prospect Street, Niagara Falls, New York"
      },
      "geometry": {
        "type": "Point",
        "coordinates": [
          -79.0689984,
          43.0874934
        ]
      }
    },
    {
      "type": "Feature",
      "id": "node-cave-of-the-winds",
      "properties": {
        "feature_kind": "route_node",
        "route_id": "route-02",
        "node_id": "cave-of-the-winds",
        "name": "Cave of the Winds, Goat Island, Niagara Falls, New York"
      },
      "geometry": {
        "type": "Point",
        "coordinates": [
          -79.0708868,
          43.0823618
        ]
      }
    },
    {
      "type": "Feature",
      "id": "node-goat-island-illumination",
      "properties": {
        "feature_kind": "route_node",
        "route_id": "route-02",
        "node_id": "goat-island-illumination",
        "name": "Terrapin Point, Goat Island, Niagara Falls, New York"
      },
      "geometry": {
        "type": "Point",
        "coordinates": [
          -79.074433,
          43.0800772
        ]
      }
    },
    {
      "type": "Feature",
      "id": "node-martin-house",
      "properties": {
        "feature_kind": "route_node",
        "route_id": "route-02",
        "node_id": "martin-house",
        "name": "Frank Lloyd Wright Martin House, 125 Jewett Parkway, Buffalo, New York"
      },
      "geometry": {
        "type": "Point",
        "coordinates": [
          -78.8480871,
          42.9361233
        ]
      }
    },
    {
      "type": "Feature",
      "id": "node-albany-pine-bush",
      "properties": {
        "feature_kind": "route_node",
        "route_id": "route-02",
        "node_id": "albany-pine-bush",
        "name": "Albany Pine Bush Discovery Center, 195 New Karner Road, Albany, New York"
      },
      "geometry": {
        "type": "Point",
        "coordinates": [
          -73.8675,
          42.7031
        ]
      }
    },
    {
      "type": "Feature",
      "id": "node-ny-state-capitol-plaza",
      "properties": {
        "feature_kind": "route_node",
        "route_id": "route-02",
        "node_id": "ny-state-capitol-plaza",
        "name": "New York State Capitol, Albany, New York"
      },
      "geometry": {
        "type": "Point",
        "coordinates": [
          -73.7576,
          42.6526
        ]
      }
    },
    {
      "type": "Feature",
      "id": "node-turnpark-art-space",
      "properties": {
        "feature_kind": "route_node",
        "route_id": "route-02",
        "node_id": "turnpark-art-space",
        "name": "TurnPark Art Space, 2 Moscow Road, West Stockbridge, Massachusetts"
      },
      "geometry": {
        "type": "Point",
        "coordinates": [
          -73.3696888,
          42.3326757
        ]
      }
    },
    {
      "type": "Feature",
      "id": "node-revolution-rail-hadley",
      "properties": {
        "feature_kind": "route_node",
        "route_id": "route-02",
        "node_id": "revolution-rail-hadley",
        "name": "Revolution Rail Hadley, 4113 Rockwell Street, Hadley, New York"
      },
      "geometry": {
        "type": "Point",
        "coordinates": [
          -73.8491458,
          43.317285
        ]
      }
    },
    {
      "type": "Feature",
      "id": "node-leatherstocking-bat-mill",
      "properties": {
        "feature_kind": "route_node",
        "route_id": "route-02",
        "node_id": "leatherstocking-bat-mill",
        "name": "Leatherstocking Timber Products, 359 Delaware County Highway 11, Oneonta, New York"
      },
      "geometry": {
        "type": "Point",
        "coordinates": [
          -74.9749288,
          42.4456053
        ]
      }
    },
    {
      "type": "Feature",
      "id": "node-cayuga-fall-eco-cruise",
      "properties": {
        "feature_kind": "route_node",
        "route_id": "route-02",
        "node_id": "cayuga-fall-eco-cruise",
        "name": "Allan H. Treman State Marine Park, 1000 Allan H Treman Marina Road, Ithaca, New York"
      },
      "geometry": {
        "type": "Point",
        "coordinates": [
          -76.5163604,
          42.4590975
        ]
      }
    },
    {
      "type": "Feature",
      "id": "node-watkins-glen-gorge",
      "properties": {
        "feature_kind": "route_node",
        "route_id": "route-02",
        "node_id": "watkins-glen-gorge",
        "name": "Watkins Glen State Park, 1009 North Franklin Street, Watkins Glen, New York"
      },
      "geometry": {
        "type": "Point",
        "coordinates": [
          -76.8716481,
          42.3761611
        ]
      }
    },
    {
      "type": "Feature",
      "id": "node-nut-house-hacker-witch",
      "properties": {
        "feature_kind": "route_node",
        "route_id": "route-02",
        "node_id": "nut-house-hacker-witch",
        "name": "Nut House Escape Rooms, 1280 Scottsville Road, Rochester, New York"
      },
      "geometry": {
        "type": "Point",
        "coordinates": [
          -77.6609686,
          43.1160912
        ]
      }
    },
    {
      "type": "Feature",
      "id": "node-balloons-over-letchworth",
      "properties": {
        "feature_kind": "route_node",
        "route_id": "route-02",
        "node_id": "balloons-over-letchworth",
        "name": "Balloons Over Letchworth, 6635 Middle Falls Road, Castile, New York"
      },
      "geometry": {
        "type": "Point",
        "coordinates": [
          -78.0450913,
          42.581976
        ]
      }
    },
    {
      "type": "Feature",
      "id": "node-mount-morris-dam",
      "properties": {
        "feature_kind": "route_node",
        "route_id": "route-02",
        "node_id": "mount-morris-dam",
        "name": "Mount Morris Dam Visitor Center, 6103 Visitor Center Road, Mount Morris, New York"
      },
      "geometry": {
        "type": "Point",
        "coordinates": [
          -77.9057858,
          42.7310423
        ]
      }
    },
    {
      "type": "Feature",
      "id": "node-fashion-outlets-niagara",
      "properties": {
        "feature_kind": "route_node",
        "route_id": "route-02",
        "node_id": "fashion-outlets-niagara",
        "name": "Fashion Outlets of Niagara Falls USA, 1900 Military Road, Niagara Falls, New York"
      },
      "geometry": {
        "type": "Point",
        "coordinates": [
          -78.9786935,
          43.0969508
        ]
      }
    },
    {
      "type": "Feature",
      "id": "node-whirlpool-jet-boat",
      "properties": {
        "feature_kind": "route_node",
        "route_id": "route-02",
        "node_id": "whirlpool-jet-boat",
        "name": "Whirlpool Jet Boat Tours, 115 South Water Street, Lewiston, New York"
      },
      "geometry": {
        "type": "Point",
        "coordinates": [
          -79.0490805,
          43.1726809
        ]
      }
    },
    {
      "type": "Feature",
      "id": "node-lockport-locks-cruise",
      "properties": {
        "feature_kind": "route_node",
        "route_id": "route-02",
        "node_id": "lockport-locks-cruise",
        "name": "Lockport Locks and Erie Canal Cruises, 210 Market Street, Lockport, New York"
      },
      "geometry": {
        "type": "Point",
        "coordinates": [
          -78.6872772,
          43.1752042
        ]
      }
    },
    {
      "type": "Feature",
      "id": "node-montezuma-wildlife-drive",
      "properties": {
        "feature_kind": "route_node",
        "route_id": "route-02",
        "node_id": "montezuma-wildlife-drive",
        "name": "Montezuma National Wildlife Refuge, 3395 US Route 20 East, Seneca Falls, New York"
      },
      "geometry": {
        "type": "Point",
        "coordinates": [
          -76.7922409,
          43.0526704
        ]
      }
    },
    {
      "type": "Feature",
      "id": "node-moss-island-lock-e17",
      "properties": {
        "feature_kind": "route_node",
        "route_id": "route-02",
        "node_id": "moss-island-lock-e17",
        "name": "Moss Island, Little Falls, New York"
      },
      "geometry": {
        "type": "Point",
        "coordinates": [
          -74.8478826,
          43.0396085
        ]
      }
    },
    {
      "type": "Feature",
      "id": "node-thacher-indian-ladder",
      "properties": {
        "feature_kind": "route_node",
        "route_id": "route-02",
        "node_id": "thacher-indian-ladder",
        "name": "Thacher State Park Visitor Center, 830 Thacher Park Road, Voorheesville, New York"
      },
      "geometry": {
        "type": "Point",
        "coordinates": [
          -74.0173208,
          42.6547619
        ]
      }
    },
    {
      "type": "Feature",
      "id": "node-magic-wings",
      "properties": {
        "feature_kind": "route_node",
        "route_id": "route-02",
        "node_id": "magic-wings",
        "name": "Magic Wings Butterfly Conservatory, 281 Greenfield Road, South Deerfield, Massachusetts"
      },
      "geometry": {
        "type": "Point",
        "coordinates": [
          -72.605779,
          42.5097749
        ]
      }
    },
    {
      "type": "Feature",
      "id": "node-clark-art-institute",
      "properties": {
        "feature_kind": "route_node",
        "route_id": "route-02",
        "node_id": "clark-art-institute",
        "name": "Clark Art Institute, 225 South Street, Williamstown, Massachusetts"
      },
      "geometry": {
        "type": "Point",
        "coordinates": [
          -73.2136571,
          42.7075528
        ]
      }
    },
    {
      "type": "Feature",
      "id": "node-secret-caverns",
      "properties": {
        "feature_kind": "route_node",
        "route_id": "route-02",
        "node_id": "secret-caverns",
        "name": "Secret Caverns, 671 Caverns Road, Howes Cave, New York"
      },
      "geometry": {
        "type": "Point",
        "coordinates": [
          -74.391892,
          42.7093406
        ]
      }
    },
    {
      "type": "Feature",
      "id": "node-fly-creek-cider-mill",
      "properties": {
        "feature_kind": "route_node",
        "route_id": "route-02",
        "node_id": "fly-creek-cider-mill",
        "name": "Fly Creek Cider Mill, 288 Goose Street, Fly Creek, New York"
      },
      "geometry": {
        "type": "Point",
        "coordinates": [
          -74.9866,
          42.7186
        ]
      }
    },
    {
      "type": "Feature",
      "id": "node-museum-of-earth",
      "properties": {
        "feature_kind": "route_node",
        "route_id": "route-02",
        "node_id": "museum-of-earth",
        "name": "Museum of the Earth, 1259 Trumansburg Road, Ithaca, New York"
      },
      "geometry": {
        "type": "Point",
        "coordinates": [
          -76.5358098,
          42.4664805
        ]
      }
    },
    {
      "type": "Feature",
      "id": "node-strong-museum-play",
      "properties": {
        "feature_kind": "route_node",
        "route_id": "route-02",
        "node_id": "strong-museum-play",
        "name": "Strong National Museum of Play, 1 Manhattan Square Drive, Rochester, New York"
      },
      "geometry": {
        "type": "Point",
        "coordinates": [
          -77.60087,
          43.15269
        ]
      }
    },
    {
      "type": "Feature",
      "id": "node-eternal-flame-falls",
      "properties": {
        "feature_kind": "route_node",
        "route_id": "route-02",
        "node_id": "eternal-flame-falls",
        "name": "Eternal Flame Falls Trailhead, Chestnut Ridge Park, Orchard Park, New York"
      },
      "geometry": {
        "type": "Point",
        "coordinates": [
          -78.75223,
          42.70167
        ]
      }
    },
    {
      "type": "Feature",
      "id": "node-old-fort-niagara",
      "properties": {
        "feature_kind": "route_node",
        "route_id": "route-02",
        "node_id": "old-fort-niagara",
        "name": "Old Fort Niagara, 102 Morrow Plaza, Youngstown, New York"
      },
      "geometry": {
        "type": "Point",
        "coordinates": [
          -79.0637,
          43.2624
        ]
      }
    },
    {
      "type": "Feature",
      "id": "node-forest-lawn-blue-sky",
      "properties": {
        "feature_kind": "route_node",
        "route_id": "route-02",
        "node_id": "forest-lawn-blue-sky",
        "name": "Blue Sky Mausoleum, Forest Lawn Cemetery, Buffalo, New York"
      },
      "geometry": {
        "type": "Point",
        "coordinates": [
          -78.8649,
          42.9286
        ]
      }
    },
    {
      "type": "Feature",
      "id": "node-schenectady-stockade",
      "properties": {
        "feature_kind": "route_node",
        "route_id": "route-02",
        "node_id": "schenectady-stockade",
        "name": "Stockade Historic District, Schenectady, New York"
      },
      "geometry": {
        "type": "Point",
        "coordinates": [
          -73.945,
          42.818
        ]
      }
    },
    {
      "type": "Feature",
      "id": "node-six-depot",
      "properties": {
        "feature_kind": "route_node",
        "route_id": "route-02",
        "node_id": "six-depot",
        "name": "No. Six Depot Roastery and Cafe, 6 Depot Street, West Stockbridge, Massachusetts"
      },
      "geometry": {
        "type": "Point",
        "coordinates": [
          -73.3684757,
          42.3341038
        ]
      }
    }
  ]
}
