{
  "type": "FeatureCollection",
  "name": "route-11-hidden-halls-brass-nights-moonshot-run",
  "features": [
    {
      "type": "Feature",
      "id": "d1-boston-logan-rental-to-ycba",
      "properties": {
        "feature_kind": "drive_leg",
        "route_id": "route-11",
        "day": 1,
        "date": "2026-10-04",
        "from": "boston-logan-rental",
        "to": "ycba",
        "distance_miles": 139.5,
        "baseline_minutes": 172,
        "cap_status": "standard-cap-comfortable",
        "map_color": "#B88917"
      },
      "geometry": {
        "coordinates": [
          [
            -71.029421,
            42.367769
          ],
          [
            -71.037429,
            42.346811
          ],
          [
            -71.177949,
            42.35787
          ],
          [
            -71.315031,
            42.33461
          ],
          [
            -71.367832,
            42.311489
          ],
          [
            -71.412023,
            42.315539
          ],
          [
            -71.557712,
            42.269721
          ],
          [
            -71.618632,
            42.229395
          ],
          [
            -71.755983,
            42.2211
          ],
          [
            -72.061308,
            42.13088
          ],
          [
            -72.205452,
            41.948252
          ],
          [
            -72.37405,
            41.857299
          ],
          [
            -72.430748,
            41.854306
          ],
          [
            -72.46889,
            41.831455
          ],
          [
            -72.553905,
            41.801581
          ],
          [
            -72.576549,
            41.775117
          ],
          [
            -72.633518,
            41.763737
          ],
          [
            -72.658246,
            41.750177
          ],
          [
            -72.664626,
            41.735121
          ],
          [
            -72.644621,
            41.697279
          ],
          [
            -72.713096,
            41.584955
          ],
          [
            -72.768608,
            41.532635
          ],
          [
            -72.767829,
            41.487439
          ],
          [
            -72.779684,
            41.456684
          ],
          [
            -72.837102,
            41.403641
          ],
          [
            -72.863506,
            41.394128
          ],
          [
            -72.867835,
            41.348841
          ],
          [
            -72.882614,
            41.324597
          ],
          [
            -72.931254,
            41.307755
          ]
        ],
        "type": "LineString"
      }
    },
    {
      "type": "Feature",
      "id": "d1-ycba-to-yale-art-gallery",
      "properties": {
        "feature_kind": "drive_leg",
        "route_id": "route-11",
        "day": 1,
        "date": "2026-10-04",
        "from": "ycba",
        "to": "yale-art-gallery",
        "distance_miles": 0.1,
        "baseline_minutes": 1,
        "cap_status": "standard-cap-comfortable",
        "map_color": "#B88917"
      },
      "geometry": {
        "coordinates": [
          [
            -72.931254,
            41.307755
          ],
          [
            -72.931473,
            41.307843
          ],
          [
            -72.931601,
            41.307827
          ],
          [
            -72.932012,
            41.307984
          ],
          [
            -72.931642,
            41.308471
          ],
          [
            -72.931546,
            41.308457
          ],
          [
            -72.930874,
            41.308179
          ]
        ],
        "type": "LineString"
      }
    },
    {
      "type": "Feature",
      "id": "d1-yale-art-gallery-to-new-haven-lodging",
      "properties": {
        "feature_kind": "drive_leg",
        "route_id": "route-11",
        "day": 1,
        "date": "2026-10-04",
        "from": "yale-art-gallery",
        "to": "new-haven-lodging",
        "distance_miles": 0.2,
        "baseline_minutes": 1,
        "cap_status": "standard-cap-comfortable",
        "map_color": "#B88917"
      },
      "geometry": {
        "coordinates": [
          [
            -72.930874,
            41.308179
          ],
          [
            -72.92867,
            41.307288
          ],
          [
            -72.928977,
            41.306915
          ]
        ],
        "type": "LineString"
      }
    },
    {
      "type": "Feature",
      "id": "d2-new-haven-lodging-to-barnes",
      "properties": {
        "feature_kind": "drive_leg",
        "route_id": "route-11",
        "day": 2,
        "date": "2026-10-05",
        "from": "new-haven-lodging",
        "to": "barnes",
        "distance_miles": 172,
        "baseline_minutes": 228,
        "cap_status": "authorized-premium-one-way-exception",
        "map_color": "#B88917"
      },
      "geometry": {
        "coordinates": [
          [
            -72.928977,
            41.306915
          ],
          [
            -73.01855,
            41.240602
          ],
          [
            -73.066023,
            41.235434
          ],
          [
            -73.152317,
            41.175495
          ],
          [
            -73.227493,
            41.16812
          ],
          [
            -73.320398,
            41.121206
          ],
          [
            -73.428492,
            41.10481
          ],
          [
            -73.467944,
            41.074601
          ],
          [
            -73.722603,
            40.974287
          ],
          [
            -73.802664,
            40.887689
          ],
          [
            -73.833496,
            40.878812
          ],
          [
            -73.833134,
            40.830314
          ],
          [
            -73.998138,
            40.872756
          ],
          [
            -74.11429,
            40.761493
          ],
          [
            -74.263175,
            40.559927
          ],
          [
            -74.401926,
            40.483252
          ],
          [
            -74.523496,
            40.244591
          ],
          [
            -74.730085,
            40.098181
          ],
          [
            -74.772779,
            40.095623
          ],
          [
            -74.884986,
            40.128223
          ],
          [
            -74.894603,
            40.107354
          ],
          [
            -75.090026,
            39.987528
          ],
          [
            -75.142682,
            39.957259
          ],
          [
            -75.173405,
            39.960382
          ]
        ],
        "type": "LineString"
      }
    },
    {
      "type": "Feature",
      "id": "d2-barnes-to-calder-gardens",
      "properties": {
        "feature_kind": "drive_leg",
        "route_id": "route-11",
        "day": 2,
        "date": "2026-10-05",
        "from": "barnes",
        "to": "calder-gardens",
        "distance_miles": 0.1,
        "baseline_minutes": 1,
        "cap_status": "authorized-premium-one-way-exception",
        "map_color": "#B88917"
      },
      "geometry": {
        "coordinates": [
          [
            -75.173405,
            39.960382
          ],
          [
            -75.174467,
            39.961166
          ]
        ],
        "type": "LineString"
      }
    },
    {
      "type": "Feature",
      "id": "d2-calder-gardens-to-philadelphia-lodging",
      "properties": {
        "feature_kind": "drive_leg",
        "route_id": "route-11",
        "day": 2,
        "date": "2026-10-05",
        "from": "calder-gardens",
        "to": "philadelphia-lodging",
        "distance_miles": 0.7,
        "baseline_minutes": 3,
        "cap_status": "authorized-premium-one-way-exception",
        "map_color": "#B88917"
      },
      "geometry": {
        "coordinates": [
          [
            -75.174467,
            39.961166
          ],
          [
            -75.175028,
            39.961583
          ],
          [
            -75.174788,
            39.962697
          ],
          [
            -75.173184,
            39.962498
          ],
          [
            -75.17423,
            39.957673
          ],
          [
            -75.171869,
            39.957377
          ]
        ],
        "type": "LineString"
      }
    },
    {
      "type": "Feature",
      "id": "d3-philadelphia-lodging-to-baltimore-industry",
      "properties": {
        "feature_kind": "drive_leg",
        "route_id": "route-11",
        "day": 3,
        "date": "2026-10-06",
        "from": "philadelphia-lodging",
        "to": "baltimore-industry",
        "distance_miles": 99.4,
        "baseline_minutes": 129,
        "cap_status": "authorized-premium-one-way-exception",
        "map_color": "#B88917"
      },
      "geometry": {
        "coordinates": [
          [
            -75.171869,
            39.957377
          ],
          [
            -75.189621,
            39.907845
          ],
          [
            -75.237356,
            39.892007
          ],
          [
            -75.25444,
            39.87712
          ],
          [
            -75.342875,
            39.867898
          ],
          [
            -75.447671,
            39.820782
          ],
          [
            -75.452773,
            39.798483
          ],
          [
            -75.543527,
            39.718431
          ],
          [
            -75.58772,
            39.713117
          ],
          [
            -75.705366,
            39.654469
          ],
          [
            -75.787139,
            39.63902
          ],
          [
            -75.925496,
            39.645569
          ],
          [
            -76.07711,
            39.586486
          ],
          [
            -76.133291,
            39.574687
          ],
          [
            -76.245025,
            39.486875
          ],
          [
            -76.340606,
            39.443048
          ],
          [
            -76.370542,
            39.440872
          ],
          [
            -76.406721,
            39.419152
          ],
          [
            -76.456513,
            39.372467
          ],
          [
            -76.512643,
            39.34286
          ],
          [
            -76.533843,
            39.318298
          ],
          [
            -76.53413,
            39.286082
          ],
          [
            -76.548981,
            39.283223
          ],
          [
            -76.565052,
            39.264808
          ],
          [
            -76.581365,
            39.261228
          ],
          [
            -76.601355,
            39.273245
          ]
        ],
        "type": "LineString"
      }
    },
    {
      "type": "Feature",
      "id": "d3-baltimore-industry-to-peabody-library",
      "properties": {
        "feature_kind": "drive_leg",
        "route_id": "route-11",
        "day": 3,
        "date": "2026-10-06",
        "from": "baltimore-industry",
        "to": "peabody-library",
        "distance_miles": 2.2,
        "baseline_minutes": 7,
        "cap_status": "authorized-premium-one-way-exception",
        "map_color": "#B88917"
      },
      "geometry": {
        "coordinates": [
          [
            -76.601355,
            39.273245
          ],
          [
            -76.602853,
            39.273808
          ],
          [
            -76.606089,
            39.275838
          ],
          [
            -76.606646,
            39.280669
          ],
          [
            -76.607158,
            39.280849
          ],
          [
            -76.612228,
            39.280641
          ],
          [
            -76.612751,
            39.280853
          ],
          [
            -76.613057,
            39.284314
          ],
          [
            -76.614691,
            39.284288
          ],
          [
            -76.615474,
            39.297029
          ]
        ],
        "type": "LineString"
      }
    },
    {
      "type": "Feature",
      "id": "d3-peabody-library-to-shepherdstown-lodging",
      "properties": {
        "feature_kind": "drive_leg",
        "route_id": "route-11",
        "day": 3,
        "date": "2026-10-06",
        "from": "peabody-library",
        "to": "shepherdstown-lodging",
        "distance_miles": 72.2,
        "baseline_minutes": 101,
        "cap_status": "authorized-premium-one-way-exception",
        "map_color": "#B88917"
      },
      "geometry": {
        "coordinates": [
          [
            -76.615474,
            39.297029
          ],
          [
            -76.701807,
            39.29249
          ],
          [
            -76.712875,
            39.303996
          ],
          [
            -76.75753,
            39.308072
          ],
          [
            -76.789791,
            39.306901
          ],
          [
            -76.813553,
            39.296657
          ],
          [
            -76.854834,
            39.296237
          ],
          [
            -76.886613,
            39.305782
          ],
          [
            -76.908929,
            39.302367
          ],
          [
            -76.95871,
            39.309853
          ],
          [
            -77.041729,
            39.336279
          ],
          [
            -77.133394,
            39.354509
          ],
          [
            -77.146766,
            39.361179
          ],
          [
            -77.172012,
            39.359299
          ],
          [
            -77.205195,
            39.370713
          ],
          [
            -77.217911,
            39.369667
          ],
          [
            -77.259391,
            39.381757
          ],
          [
            -77.27525,
            39.380719
          ],
          [
            -77.31174,
            39.388674
          ],
          [
            -77.350062,
            39.404744
          ],
          [
            -77.438271,
            39.398837
          ],
          [
            -77.467096,
            39.405843
          ],
          [
            -77.484036,
            39.421613
          ],
          [
            -77.497792,
            39.422047
          ],
          [
            -77.509196,
            39.4309
          ],
          [
            -77.552605,
            39.444188
          ],
          [
            -77.614317,
            39.479191
          ],
          [
            -77.616332,
            39.483929
          ],
          [
            -77.637809,
            39.491058
          ],
          [
            -77.652144,
            39.506422
          ],
          [
            -77.700096,
            39.490941
          ],
          [
            -77.717632,
            39.467637
          ],
          [
            -77.765842,
            39.453526
          ],
          [
            -77.781328,
            39.440958
          ],
          [
            -77.807094,
            39.434502
          ],
          [
            -77.804472,
            39.429982
          ]
        ],
        "type": "LineString"
      }
    },
    {
      "type": "Feature",
      "id": "d4-shepherdstown-lodging-to-grand-caverns",
      "properties": {
        "feature_kind": "drive_leg",
        "route_id": "route-11",
        "day": 4,
        "date": "2026-10-07",
        "from": "shepherdstown-lodging",
        "to": "grand-caverns",
        "distance_miles": 114.2,
        "baseline_minutes": 140,
        "cap_status": "authorized-premium-one-way-exception",
        "map_color": "#B88917"
      },
      "geometry": {
        "coordinates": [
          [
            -77.804472,
            39.429982
          ],
          [
            -77.956624,
            39.467028
          ],
          [
            -77.990354,
            39.443116
          ],
          [
            -78.025736,
            39.404776
          ],
          [
            -78.102472,
            39.25474
          ],
          [
            -78.136898,
            39.227971
          ],
          [
            -78.136847,
            39.185684
          ],
          [
            -78.244808,
            39.050416
          ],
          [
            -78.306594,
            39.006323
          ],
          [
            -78.356324,
            39.015178
          ],
          [
            -78.413576,
            38.988611
          ],
          [
            -78.48319,
            38.928242
          ],
          [
            -78.538814,
            38.855277
          ],
          [
            -78.600857,
            38.807913
          ],
          [
            -78.61849,
            38.77631
          ],
          [
            -78.650235,
            38.748196
          ],
          [
            -78.660903,
            38.71846
          ],
          [
            -78.656508,
            38.688627
          ],
          [
            -78.681379,
            38.640639
          ],
          [
            -78.815692,
            38.47167
          ],
          [
            -78.852562,
            38.437939
          ],
          [
            -78.810614,
            38.392623
          ],
          [
            -78.832357,
            38.3673
          ],
          [
            -78.808709,
            38.301332
          ],
          [
            -78.819878,
            38.266615
          ]
        ],
        "type": "LineString"
      }
    },
    {
      "type": "Feature",
      "id": "d4-grand-caverns-to-frontier-culture",
      "properties": {
        "feature_kind": "drive_leg",
        "route_id": "route-11",
        "day": 4,
        "date": "2026-10-07",
        "from": "grand-caverns",
        "to": "frontier-culture",
        "distance_miles": 21.9,
        "baseline_minutes": 34,
        "cap_status": "authorized-premium-one-way-exception",
        "map_color": "#B88917"
      },
      "geometry": {
        "coordinates": [
          [
            -78.819878,
            38.266615
          ],
          [
            -78.822394,
            38.261102
          ],
          [
            -78.834921,
            38.265406
          ],
          [
            -78.845916,
            38.265032
          ],
          [
            -78.876541,
            38.269292
          ],
          [
            -78.886909,
            38.272464
          ],
          [
            -78.920257,
            38.288556
          ],
          [
            -78.928694,
            38.287962
          ],
          [
            -78.934276,
            38.288892
          ],
          [
            -78.937889,
            38.269962
          ],
          [
            -78.940303,
            38.265097
          ],
          [
            -78.95251,
            38.253525
          ],
          [
            -78.965484,
            38.238408
          ],
          [
            -78.990471,
            38.216069
          ],
          [
            -79.000807,
            38.178727
          ],
          [
            -79.004439,
            38.1727
          ],
          [
            -79.013426,
            38.163379
          ],
          [
            -79.018234,
            38.146991
          ],
          [
            -79.021286,
            38.141745
          ],
          [
            -79.028177,
            38.134097
          ],
          [
            -79.037244,
            38.129537
          ],
          [
            -79.050941,
            38.140961
          ],
          [
            -79.056631,
            38.143415
          ],
          [
            -79.053312,
            38.147767
          ],
          [
            -79.047212,
            38.147541
          ]
        ],
        "type": "LineString"
      }
    },
    {
      "type": "Feature",
      "id": "d4-frontier-culture-to-roanoke-lodging",
      "properties": {
        "feature_kind": "drive_leg",
        "route_id": "route-11",
        "day": 4,
        "date": "2026-10-07",
        "from": "frontier-culture",
        "to": "roanoke-lodging",
        "distance_miles": 87.1,
        "baseline_minutes": 103,
        "cap_status": "authorized-premium-one-way-exception",
        "map_color": "#B88917"
      },
      "geometry": {
        "coordinates": [
          [
            -79.047212,
            38.147541
          ],
          [
            -79.066105,
            38.139877
          ],
          [
            -79.062979,
            38.107818
          ],
          [
            -79.08248,
            38.080798
          ],
          [
            -79.170304,
            38.00575
          ],
          [
            -79.225044,
            37.935597
          ],
          [
            -79.281808,
            37.887828
          ],
          [
            -79.362796,
            37.849703
          ],
          [
            -79.436681,
            37.723722
          ],
          [
            -79.510038,
            37.668146
          ],
          [
            -79.552917,
            37.650076
          ],
          [
            -79.592391,
            37.613532
          ],
          [
            -79.614507,
            37.609339
          ],
          [
            -79.669813,
            37.544137
          ],
          [
            -79.861424,
            37.445686
          ],
          [
            -79.9161,
            37.371918
          ],
          [
            -79.970601,
            37.360049
          ],
          [
            -79.996792,
            37.342389
          ],
          [
            -79.970657,
            37.305597
          ],
          [
            -79.939978,
            37.2888
          ],
          [
            -79.950986,
            37.276029
          ]
        ],
        "type": "LineString"
      }
    },
    {
      "type": "Feature",
      "id": "d5-roanoke-lodging-to-birthplace-country-music",
      "properties": {
        "feature_kind": "drive_leg",
        "route_id": "route-11",
        "day": 5,
        "date": "2026-10-08",
        "from": "roanoke-lodging",
        "to": "birthplace-country-music",
        "distance_miles": 149.2,
        "baseline_minutes": 169,
        "cap_status": "authorized-premium-one-way-exception",
        "map_color": "#B88917"
      },
      "geometry": {
        "coordinates": [
          [
            -79.950986,
            37.276029
          ],
          [
            -79.937194,
            37.281442
          ],
          [
            -79.940374,
            37.28968
          ],
          [
            -79.969632,
            37.304976
          ],
          [
            -80.000863,
            37.340534
          ],
          [
            -80.183235,
            37.251632
          ],
          [
            -80.233648,
            37.237617
          ],
          [
            -80.255416,
            37.224101
          ],
          [
            -80.270575,
            37.195151
          ],
          [
            -80.370615,
            37.129112
          ],
          [
            -80.438089,
            37.114463
          ],
          [
            -80.481214,
            37.094876
          ],
          [
            -80.553321,
            37.100725
          ],
          [
            -80.588584,
            37.086554
          ],
          [
            -80.636217,
            37.088491
          ],
          [
            -80.694048,
            37.078167
          ],
          [
            -80.738354,
            37.013801
          ],
          [
            -80.817568,
            36.988277
          ],
          [
            -80.866454,
            36.953628
          ],
          [
            -80.993684,
            36.937314
          ],
          [
            -81.049899,
            36.946672
          ],
          [
            -81.079585,
            36.965795
          ],
          [
            -81.157821,
            36.937779
          ],
          [
            -81.357387,
            36.894264
          ],
          [
            -81.411799,
            36.867795
          ],
          [
            -81.482201,
            36.851617
          ],
          [
            -81.513163,
            36.823611
          ],
          [
            -81.571269,
            36.81145
          ],
          [
            -81.657898,
            36.809523
          ],
          [
            -81.694174,
            36.786333
          ],
          [
            -81.825099,
            36.768074
          ],
          [
            -81.879808,
            36.750505
          ],
          [
            -81.918489,
            36.720053
          ],
          [
            -81.961415,
            36.701145
          ],
          [
            -82.0178,
            36.691836
          ],
          [
            -82.131126,
            36.626472
          ],
          [
            -82.179363,
            36.626438
          ],
          [
            -82.193828,
            36.611052
          ],
          [
            -82.182606,
            36.596493
          ]
        ],
        "type": "LineString"
      }
    },
    {
      "type": "Feature",
      "id": "d5-birthplace-country-music-to-gray-fossil",
      "properties": {
        "feature_kind": "drive_leg",
        "route_id": "route-11",
        "day": 5,
        "date": "2026-10-08",
        "from": "birthplace-country-music",
        "to": "gray-fossil",
        "distance_miles": 30.3,
        "baseline_minutes": 41,
        "cap_status": "authorized-premium-one-way-exception",
        "map_color": "#B88917"
      },
      "geometry": {
        "coordinates": [
          [
            -82.182606,
            36.596493
          ],
          [
            -82.181881,
            36.594939
          ],
          [
            -82.210278,
            36.595749
          ],
          [
            -82.221392,
            36.602563
          ],
          [
            -82.231781,
            36.603396
          ],
          [
            -82.235479,
            36.599464
          ],
          [
            -82.307943,
            36.563839
          ],
          [
            -82.319228,
            36.552868
          ],
          [
            -82.34145,
            36.541562
          ],
          [
            -82.352688,
            36.538654
          ],
          [
            -82.373277,
            36.539089
          ],
          [
            -82.384116,
            36.535815
          ],
          [
            -82.412227,
            36.514452
          ],
          [
            -82.452364,
            36.500295
          ],
          [
            -82.524475,
            36.454783
          ],
          [
            -82.521103,
            36.449298
          ],
          [
            -82.522986,
            36.436778
          ],
          [
            -82.515908,
            36.42727
          ],
          [
            -82.492616,
            36.417249
          ],
          [
            -82.477602,
            36.406622
          ],
          [
            -82.481675,
            36.400973
          ],
          [
            -82.492979,
            36.393399
          ],
          [
            -82.486837,
            36.38533
          ],
          [
            -82.484254,
            36.385289
          ],
          [
            -82.480166,
            36.390936
          ]
        ],
        "type": "LineString"
      }
    },
    {
      "type": "Feature",
      "id": "d5-gray-fossil-to-asheville-lodging",
      "properties": {
        "feature_kind": "drive_leg",
        "route_id": "route-11",
        "day": 5,
        "date": "2026-10-08",
        "from": "gray-fossil",
        "to": "asheville-lodging",
        "distance_miles": 71.6,
        "baseline_minutes": 92,
        "cap_status": "authorized-premium-one-way-exception",
        "map_color": "#B88917"
      },
      "geometry": {
        "coordinates": [
          [
            -82.480166,
            36.390936
          ],
          [
            -82.486837,
            36.38533
          ],
          [
            -82.492979,
            36.393399
          ],
          [
            -82.474673,
            36.405303
          ],
          [
            -82.370196,
            36.343681
          ],
          [
            -82.318659,
            36.276568
          ],
          [
            -82.347017,
            36.213074
          ],
          [
            -82.42513,
            36.147314
          ],
          [
            -82.451062,
            36.110526
          ],
          [
            -82.493839,
            36.085105
          ],
          [
            -82.515083,
            36.048614
          ],
          [
            -82.54817,
            36.018163
          ],
          [
            -82.542916,
            35.985785
          ],
          [
            -82.564667,
            35.94491
          ],
          [
            -82.558319,
            35.909889
          ],
          [
            -82.543965,
            35.896574
          ],
          [
            -82.54991,
            35.880716
          ],
          [
            -82.523433,
            35.841186
          ],
          [
            -82.536089,
            35.822525
          ],
          [
            -82.546031,
            35.736957
          ],
          [
            -82.57539,
            35.701243
          ],
          [
            -82.585857,
            35.6681
          ],
          [
            -82.574606,
            35.615332
          ],
          [
            -82.551523,
            35.595174
          ]
        ],
        "type": "LineString"
      }
    },
    {
      "type": "Feature",
      "id": "d6-asheville-lodging-to-biltmore",
      "properties": {
        "feature_kind": "drive_leg",
        "route_id": "route-11",
        "day": 6,
        "date": "2026-10-09",
        "from": "asheville-lodging",
        "to": "biltmore",
        "distance_miles": 4.8,
        "baseline_minutes": 17,
        "cap_status": "authorized-premium-one-way-exception",
        "map_color": "#B88917"
      },
      "geometry": {
        "coordinates": [
          [
            -82.551523,
            35.595174
          ],
          [
            -82.552767,
            35.59535
          ],
          [
            -82.551863,
            35.592354
          ],
          [
            -82.552256,
            35.588325
          ],
          [
            -82.551732,
            35.588093
          ],
          [
            -82.551134,
            35.581952
          ],
          [
            -82.550152,
            35.579471
          ],
          [
            -82.547986,
            35.577545
          ],
          [
            -82.545898,
            35.573799
          ],
          [
            -82.54377,
            35.567269
          ],
          [
            -82.546461,
            35.566604
          ],
          [
            -82.551334,
            35.563472
          ],
          [
            -82.553177,
            35.563352
          ],
          [
            -82.553982,
            35.55813
          ],
          [
            -82.555343,
            35.557213
          ],
          [
            -82.55703,
            35.554176
          ],
          [
            -82.556975,
            35.55144
          ],
          [
            -82.554443,
            35.548222
          ],
          [
            -82.554793,
            35.543229
          ],
          [
            -82.552695,
            35.543165
          ],
          [
            -82.553614,
            35.54283
          ],
          [
            -82.551755,
            35.542276
          ],
          [
            -82.551317,
            35.541504
          ],
          [
            -82.551779,
            35.541278
          ]
        ],
        "type": "LineString"
      }
    },
    {
      "type": "Feature",
      "id": "d6-biltmore-to-grovewood",
      "properties": {
        "feature_kind": "drive_leg",
        "route_id": "route-11",
        "day": 6,
        "date": "2026-10-09",
        "from": "biltmore",
        "to": "grovewood",
        "distance_miles": 7.1,
        "baseline_minutes": 24,
        "cap_status": "authorized-premium-one-way-exception",
        "map_color": "#B88917"
      },
      "geometry": {
        "coordinates": [
          [
            -82.551779,
            35.541278
          ],
          [
            -82.551317,
            35.541504
          ],
          [
            -82.551755,
            35.542276
          ],
          [
            -82.553614,
            35.54283
          ],
          [
            -82.552695,
            35.543165
          ],
          [
            -82.554793,
            35.543229
          ],
          [
            -82.554527,
            35.548613
          ],
          [
            -82.556133,
            35.550036
          ],
          [
            -82.557161,
            35.552681
          ],
          [
            -82.556321,
            35.555722
          ],
          [
            -82.554058,
            35.55797
          ],
          [
            -82.553333,
            35.560378
          ],
          [
            -82.556246,
            35.561424
          ],
          [
            -82.557997,
            35.563014
          ],
          [
            -82.555575,
            35.564
          ],
          [
            -82.551334,
            35.563472
          ],
          [
            -82.546736,
            35.566393
          ],
          [
            -82.54377,
            35.567269
          ],
          [
            -82.545993,
            35.57398
          ],
          [
            -82.547986,
            35.577545
          ],
          [
            -82.550701,
            35.580471
          ],
          [
            -82.551726,
            35.588412
          ],
          [
            -82.550203,
            35.589353
          ],
          [
            -82.547699,
            35.594278
          ],
          [
            -82.545807,
            35.596232
          ],
          [
            -82.546941,
            35.60013
          ],
          [
            -82.545581,
            35.612686
          ],
          [
            -82.541124,
            35.615279
          ],
          [
            -82.540423,
            35.617139
          ],
          [
            -82.541381,
            35.620181
          ]
        ],
        "type": "LineString"
      }
    },
    {
      "type": "Feature",
      "id": "d6-grovewood-to-boggs-metal-night",
      "properties": {
        "feature_kind": "drive_leg",
        "route_id": "route-11",
        "day": 6,
        "date": "2026-10-09",
        "from": "grovewood",
        "to": "boggs-metal-night",
        "distance_miles": 212.7,
        "baseline_minutes": 263,
        "cap_status": "authorized-premium-one-way-exception",
        "map_color": "#B88917"
      },
      "geometry": {
        "coordinates": [
          [
            -82.541381,
            35.620181
          ],
          [
            -82.611417,
            35.553929
          ],
          [
            -82.513601,
            35.403246
          ],
          [
            -82.401308,
            35.286739
          ],
          [
            -82.412626,
            35.238543
          ],
          [
            -82.45111,
            35.204579
          ],
          [
            -82.447364,
            35.17715
          ],
          [
            -82.474443,
            35.160791
          ],
          [
            -82.412165,
            35.015864
          ],
          [
            -82.469052,
            34.887478
          ],
          [
            -82.428653,
            34.80181
          ],
          [
            -82.469003,
            34.76976
          ],
          [
            -82.50518,
            34.693832
          ],
          [
            -82.703822,
            34.574897
          ],
          [
            -83.091117,
            34.463481
          ],
          [
            -83.361283,
            34.325875
          ],
          [
            -83.678942,
            34.133745
          ],
          [
            -84.020532,
            34.050364
          ],
          [
            -84.096815,
            33.967266
          ],
          [
            -84.23783,
            33.905197
          ],
          [
            -84.392182,
            33.799282
          ],
          [
            -84.379271,
            33.752974
          ],
          [
            -84.43144,
            33.732047
          ]
        ],
        "type": "LineString"
      }
    },
    {
      "type": "Feature",
      "id": "d6-boggs-metal-night-to-atlanta-lodging",
      "properties": {
        "feature_kind": "drive_leg",
        "route_id": "route-11",
        "day": 6,
        "date": "2026-10-09",
        "from": "boggs-metal-night",
        "to": "atlanta-lodging",
        "distance_miles": 6.4,
        "baseline_minutes": 14,
        "cap_status": "authorized-premium-one-way-exception",
        "map_color": "#B88917"
      },
      "geometry": {
        "coordinates": [
          [
            -84.43144,
            33.732047
          ],
          [
            -84.431645,
            33.733268
          ],
          [
            -84.427142,
            33.733173
          ],
          [
            -84.417502,
            33.727288
          ],
          [
            -84.413212,
            33.733081
          ],
          [
            -84.412716,
            33.739033
          ],
          [
            -84.411511,
            33.741361
          ],
          [
            -84.409485,
            33.742799
          ],
          [
            -84.405295,
            33.744246
          ],
          [
            -84.398462,
            33.750118
          ],
          [
            -84.395314,
            33.75059
          ],
          [
            -84.393893,
            33.749847
          ],
          [
            -84.389231,
            33.755043
          ],
          [
            -84.38763,
            33.757815
          ],
          [
            -84.387535,
            33.762253
          ],
          [
            -84.385546,
            33.765069
          ],
          [
            -84.385016,
            33.771289
          ],
          [
            -84.372781,
            33.77118
          ],
          [
            -84.372805,
            33.780002
          ],
          [
            -84.372331,
            33.780207
          ]
        ],
        "type": "LineString"
      }
    },
    {
      "type": "Feature",
      "id": "d7-atlanta-lodging-to-fitzgerald-museum",
      "properties": {
        "feature_kind": "drive_leg",
        "route_id": "route-11",
        "day": 7,
        "date": "2026-10-10",
        "from": "atlanta-lodging",
        "to": "fitzgerald-museum",
        "distance_miles": 162.9,
        "baseline_minutes": 185,
        "cap_status": "authorized-premium-one-way-exception",
        "map_color": "#B88917"
      },
      "geometry": {
        "coordinates": [
          [
            -84.372331,
            33.780207
          ],
          [
            -84.372042,
            33.760808
          ],
          [
            -84.391412,
            33.743828
          ],
          [
            -84.403541,
            33.706606
          ],
          [
            -84.401503,
            33.686969
          ],
          [
            -84.455677,
            33.639256
          ],
          [
            -84.460076,
            33.621481
          ],
          [
            -84.48377,
            33.618983
          ],
          [
            -84.48737,
            33.602986
          ],
          [
            -84.537311,
            33.56396
          ],
          [
            -84.624842,
            33.520321
          ],
          [
            -84.679331,
            33.454262
          ],
          [
            -84.723621,
            33.427014
          ],
          [
            -84.752349,
            33.393622
          ],
          [
            -84.76138,
            33.34687
          ],
          [
            -84.788256,
            33.311633
          ],
          [
            -84.80486,
            33.26735
          ],
          [
            -84.811588,
            33.226009
          ],
          [
            -84.855176,
            33.185758
          ],
          [
            -84.913843,
            33.088099
          ],
          [
            -84.990236,
            33.015797
          ],
          [
            -85.097921,
            32.948316
          ],
          [
            -85.133881,
            32.895337
          ],
          [
            -85.278248,
            32.749775
          ],
          [
            -85.355542,
            32.640683
          ],
          [
            -85.62826,
            32.491061
          ],
          [
            -85.731138,
            32.454676
          ],
          [
            -85.92568,
            32.424514
          ],
          [
            -85.998597,
            32.385149
          ],
          [
            -86.054606,
            32.368479
          ],
          [
            -86.250377,
            32.358894
          ],
          [
            -86.283161,
            32.365988
          ],
          [
            -86.292245,
            32.356205
          ]
        ],
        "type": "LineString"
      }
    },
    {
      "type": "Feature",
      "id": "d7-fitzgerald-museum-to-eji-legacy-sites",
      "properties": {
        "feature_kind": "drive_leg",
        "route_id": "route-11",
        "day": 7,
        "date": "2026-10-10",
        "from": "fitzgerald-museum",
        "to": "eji-legacy-sites",
        "distance_miles": 2.7,
        "baseline_minutes": 7,
        "cap_status": "authorized-premium-one-way-exception",
        "map_color": "#B88917"
      },
      "geometry": {
        "coordinates": [
          [
            -86.292245,
            32.356205
          ],
          [
            -86.292318,
            32.356887
          ],
          [
            -86.293125,
            32.357878
          ],
          [
            -86.292875,
            32.358227
          ],
          [
            -86.292864,
            32.360836
          ],
          [
            -86.29997,
            32.36309
          ],
          [
            -86.300102,
            32.368383
          ],
          [
            -86.307075,
            32.368268
          ],
          [
            -86.307516,
            32.378654
          ],
          [
            -86.308689,
            32.378619
          ],
          [
            -86.311939,
            32.382079
          ],
          [
            -86.311473,
            32.382309
          ]
        ],
        "type": "LineString"
      }
    },
    {
      "type": "Feature",
      "id": "d7-eji-legacy-sites-to-greenville-lodging",
      "properties": {
        "feature_kind": "drive_leg",
        "route_id": "route-11",
        "day": 7,
        "date": "2026-10-10",
        "from": "eji-legacy-sites",
        "to": "greenville-lodging",
        "distance_miles": 45,
        "baseline_minutes": 54,
        "cap_status": "authorized-premium-one-way-exception",
        "map_color": "#B88917"
      },
      "geometry": {
        "coordinates": [
          [
            -86.311473,
            32.382309
          ],
          [
            -86.315251,
            32.376489
          ],
          [
            -86.322834,
            32.376466
          ],
          [
            -86.321261,
            32.350414
          ],
          [
            -86.334024,
            32.329823
          ],
          [
            -86.34451,
            32.282401
          ],
          [
            -86.375674,
            32.241078
          ],
          [
            -86.409117,
            32.209069
          ],
          [
            -86.4302,
            32.176375
          ],
          [
            -86.451503,
            32.122135
          ],
          [
            -86.505027,
            32.044275
          ],
          [
            -86.538524,
            31.964627
          ],
          [
            -86.641104,
            31.851512
          ],
          [
            -86.635383,
            31.83917
          ],
          [
            -86.624249,
            31.829596
          ],
          [
            -86.617638,
            31.829618
          ]
        ],
        "type": "LineString"
      }
    },
    {
      "type": "Feature",
      "id": "d8-greenville-lodging-to-annunciation-mobile",
      "properties": {
        "feature_kind": "drive_leg",
        "route_id": "route-11",
        "day": 8,
        "date": "2026-10-11",
        "from": "greenville-lodging",
        "to": "annunciation-mobile",
        "distance_miles": 126.7,
        "baseline_minutes": 145,
        "cap_status": "authorized-premium-one-way-exception",
        "map_color": "#B88917"
      },
      "geometry": {
        "coordinates": [
          [
            -86.617638,
            31.829618
          ],
          [
            -86.665664,
            31.822889
          ],
          [
            -86.677324,
            31.788397
          ],
          [
            -86.768169,
            31.658151
          ],
          [
            -87.069416,
            31.357772
          ],
          [
            -87.170012,
            31.303144
          ],
          [
            -87.350006,
            31.172149
          ],
          [
            -87.463071,
            31.114163
          ],
          [
            -87.511301,
            31.100078
          ],
          [
            -87.715385,
            30.979168
          ],
          [
            -87.939175,
            30.92717
          ],
          [
            -88.004361,
            30.903032
          ],
          [
            -88.067747,
            30.863354
          ],
          [
            -88.10457,
            30.803309
          ],
          [
            -88.094165,
            30.75369
          ],
          [
            -88.073494,
            30.727734
          ],
          [
            -88.083117,
            30.717569
          ],
          [
            -88.078252,
            30.689061
          ]
        ],
        "type": "LineString"
      }
    },
    {
      "type": "Feature",
      "id": "d8-annunciation-mobile-to-walter-anderson-ocean-springs",
      "properties": {
        "feature_kind": "drive_leg",
        "route_id": "route-11",
        "day": 8,
        "date": "2026-10-11",
        "from": "annunciation-mobile",
        "to": "walter-anderson-ocean-springs",
        "distance_miles": 56.6,
        "baseline_minutes": 69,
        "cap_status": "authorized-premium-one-way-exception",
        "map_color": "#B88917"
      },
      "geometry": {
        "coordinates": [
          [
            -88.078252,
            30.689061
          ],
          [
            -88.081507,
            30.677706
          ],
          [
            -88.087064,
            30.675854
          ],
          [
            -88.090344,
            30.640171
          ],
          [
            -88.133042,
            30.620618
          ],
          [
            -88.161162,
            30.586638
          ],
          [
            -88.219209,
            30.547969
          ],
          [
            -88.306737,
            30.503275
          ],
          [
            -88.36106,
            30.490692
          ],
          [
            -88.431402,
            30.461936
          ],
          [
            -88.494427,
            30.456157
          ],
          [
            -88.529702,
            30.441571
          ],
          [
            -88.550304,
            30.438547
          ],
          [
            -88.688042,
            30.432039
          ],
          [
            -88.78267,
            30.459312
          ],
          [
            -88.843253,
            30.455329
          ],
          [
            -88.830303,
            30.435055
          ],
          [
            -88.82728,
            30.412269
          ]
        ],
        "type": "LineString"
      }
    },
    {
      "type": "Feature",
      "id": "d8-walter-anderson-ocean-springs-to-maritime-seafood-biloxi",
      "properties": {
        "feature_kind": "drive_leg",
        "route_id": "route-11",
        "day": 8,
        "date": "2026-10-11",
        "from": "walter-anderson-ocean-springs",
        "to": "maritime-seafood-biloxi",
        "distance_miles": 3.3,
        "baseline_minutes": 6,
        "cap_status": "authorized-premium-one-way-exception",
        "map_color": "#B88917"
      },
      "geometry": {
        "coordinates": [
          [
            -88.82728,
            30.412269
          ],
          [
            -88.827195,
            30.412838
          ],
          [
            -88.827783,
            30.412905
          ],
          [
            -88.827669,
            30.416133
          ],
          [
            -88.833563,
            30.415954
          ],
          [
            -88.835791,
            30.415225
          ],
          [
            -88.841514,
            30.410691
          ],
          [
            -88.84457,
            30.406475
          ],
          [
            -88.856653,
            30.39363
          ],
          [
            -88.858933,
            30.392499
          ],
          [
            -88.864195,
            30.392462
          ],
          [
            -88.864229,
            30.391802
          ]
        ],
        "type": "LineString"
      }
    },
    {
      "type": "Feature",
      "id": "d8-maritime-seafood-biloxi-to-new-orleans-lodging",
      "properties": {
        "feature_kind": "drive_leg",
        "route_id": "route-11",
        "day": 8,
        "date": "2026-10-11",
        "from": "maritime-seafood-biloxi",
        "to": "new-orleans-lodging",
        "distance_miles": 93,
        "baseline_minutes": 110,
        "cap_status": "authorized-premium-one-way-exception",
        "map_color": "#B88917"
      },
      "geometry": {
        "coordinates": [
          [
            -88.864229,
            30.391802
          ],
          [
            -88.892312,
            30.393994
          ],
          [
            -88.894019,
            30.44672
          ],
          [
            -88.904675,
            30.451466
          ],
          [
            -88.927552,
            30.447983
          ],
          [
            -88.955838,
            30.460166
          ],
          [
            -88.975897,
            30.46069
          ],
          [
            -88.998347,
            30.450242
          ],
          [
            -89.125441,
            30.424875
          ],
          [
            -89.198679,
            30.416661
          ],
          [
            -89.233982,
            30.404207
          ],
          [
            -89.302693,
            30.400288
          ],
          [
            -89.325152,
            30.38877
          ],
          [
            -89.453568,
            30.349216
          ],
          [
            -89.523069,
            30.331861
          ],
          [
            -89.543314,
            30.332864
          ],
          [
            -89.66695,
            30.297776
          ],
          [
            -89.70893,
            30.298131
          ],
          [
            -89.740307,
            30.304044
          ],
          [
            -89.770782,
            30.234283
          ],
          [
            -89.859773,
            30.149747
          ],
          [
            -89.935225,
            30.062829
          ],
          [
            -89.975223,
            30.037631
          ],
          [
            -90.012222,
            30.025647
          ],
          [
            -90.014723,
            30.008018
          ],
          [
            -90.04413,
            29.998025
          ],
          [
            -90.086562,
            29.953121
          ],
          [
            -90.07322,
            29.943091
          ]
        ],
        "type": "LineString"
      }
    },
    {
      "type": "Feature",
      "id": "d9-new-orleans-lodging-to-whitney-plantation",
      "properties": {
        "feature_kind": "drive_leg",
        "route_id": "route-11",
        "day": 9,
        "date": "2026-10-12",
        "from": "new-orleans-lodging",
        "to": "whitney-plantation",
        "distance_miles": 48,
        "baseline_minutes": 60,
        "cap_status": "standard-cap-comfortable",
        "map_color": "#B88917"
      },
      "geometry": {
        "coordinates": [
          [
            -90.07322,
            29.943091
          ],
          [
            -90.083452,
            29.948241
          ],
          [
            -90.108554,
            29.968913
          ],
          [
            -90.116378,
            29.992118
          ],
          [
            -90.12075,
            29.995719
          ],
          [
            -90.195991,
            29.999948
          ],
          [
            -90.214593,
            30.007849
          ],
          [
            -90.242584,
            30.009584
          ],
          [
            -90.284925,
            30.006428
          ],
          [
            -90.297807,
            30.008021
          ],
          [
            -90.308156,
            30.012755
          ],
          [
            -90.404543,
            30.077941
          ],
          [
            -90.50608,
            30.107771
          ],
          [
            -90.676122,
            30.122989
          ],
          [
            -90.681477,
            30.126303
          ],
          [
            -90.685588,
            30.081681
          ],
          [
            -90.678669,
            30.056068
          ],
          [
            -90.662777,
            30.029183
          ]
        ],
        "type": "LineString"
      }
    },
    {
      "type": "Feature",
      "id": "d9-whitney-plantation-to-mardi-gras-world",
      "properties": {
        "feature_kind": "drive_leg",
        "route_id": "route-11",
        "day": 9,
        "date": "2026-10-12",
        "from": "whitney-plantation",
        "to": "mardi-gras-world",
        "distance_miles": 50.1,
        "baseline_minutes": 67,
        "cap_status": "standard-cap-comfortable",
        "map_color": "#B88917"
      },
      "geometry": {
        "coordinates": [
          [
            -90.662777,
            30.029183
          ],
          [
            -90.662772,
            30.032709
          ],
          [
            -90.678362,
            30.055837
          ],
          [
            -90.685588,
            30.081681
          ],
          [
            -90.682224,
            30.120048
          ],
          [
            -90.679359,
            30.122583
          ],
          [
            -90.503857,
            30.107004
          ],
          [
            -90.405572,
            30.077993
          ],
          [
            -90.298862,
            30.007879
          ],
          [
            -90.287455,
            30.006065
          ],
          [
            -90.242788,
            30.009312
          ],
          [
            -90.214464,
            30.007537
          ],
          [
            -90.196761,
            29.999767
          ],
          [
            -90.120266,
            29.995053
          ],
          [
            -90.116758,
            29.992328
          ],
          [
            -90.108427,
            29.968503
          ],
          [
            -90.084059,
            29.94853
          ],
          [
            -90.066753,
            29.938033
          ],
          [
            -90.06644,
            29.93491
          ],
          [
            -90.061924,
            29.93483
          ]
        ],
        "type": "LineString"
      }
    },
    {
      "type": "Feature",
      "id": "d9-mardi-gras-world-to-jamnola",
      "properties": {
        "feature_kind": "drive_leg",
        "route_id": "route-11",
        "day": 9,
        "date": "2026-10-12",
        "from": "mardi-gras-world",
        "to": "jamnola",
        "distance_miles": 3.6,
        "baseline_minutes": 10,
        "cap_status": "standard-cap-comfortable",
        "map_color": "#B88917"
      },
      "geometry": {
        "coordinates": [
          [
            -90.061924,
            29.93483
          ],
          [
            -90.061879,
            29.935184
          ],
          [
            -90.064275,
            29.934949
          ],
          [
            -90.064152,
            29.937715
          ],
          [
            -90.064792,
            29.948107
          ],
          [
            -90.063992,
            29.948219
          ],
          [
            -90.064026,
            29.949878
          ],
          [
            -90.072613,
            29.955717
          ],
          [
            -90.063582,
            29.965827
          ],
          [
            -90.061779,
            29.96457
          ],
          [
            -90.061013,
            29.96533
          ],
          [
            -90.053022,
            29.965814
          ],
          [
            -90.052946,
            29.964829
          ],
          [
            -90.053733,
            29.964781
          ]
        ],
        "type": "LineString"
      }
    },
    {
      "type": "Feature",
      "id": "d9-jamnola-to-frenchmen-music-night",
      "properties": {
        "feature_kind": "drive_leg",
        "route_id": "route-11",
        "day": 9,
        "date": "2026-10-12",
        "from": "jamnola",
        "to": "frenchmen-music-night",
        "distance_miles": 0.3,
        "baseline_minutes": 1,
        "cap_status": "standard-cap-comfortable",
        "map_color": "#B88917"
      },
      "geometry": {
        "coordinates": [
          [
            -90.053733,
            29.964781
          ],
          [
            -90.058369,
            29.964482
          ]
        ],
        "type": "LineString"
      }
    },
    {
      "type": "Feature",
      "id": "d9-frenchmen-music-night-to-new-orleans-lodging",
      "properties": {
        "feature_kind": "drive_leg",
        "route_id": "route-11",
        "day": 9,
        "date": "2026-10-12",
        "from": "frenchmen-music-night",
        "to": "new-orleans-lodging",
        "distance_miles": 2.5,
        "baseline_minutes": 7,
        "cap_status": "standard-cap-comfortable",
        "map_color": "#B88917"
      },
      "geometry": {
        "coordinates": [
          [
            -90.058369,
            29.964482
          ],
          [
            -90.058965,
            29.96445
          ],
          [
            -90.059856,
            29.96345
          ],
          [
            -90.064218,
            29.966425
          ],
          [
            -90.064311,
            29.966319
          ],
          [
            -90.063701,
            29.965906
          ],
          [
            -90.069259,
            29.959665
          ],
          [
            -90.06992,
            29.958942
          ],
          [
            -90.070706,
            29.959332
          ],
          [
            -90.075032,
            29.954491
          ],
          [
            -90.075811,
            29.952224
          ],
          [
            -90.075842,
            29.9509
          ],
          [
            -90.076936,
            29.947125
          ],
          [
            -90.076975,
            29.946377
          ],
          [
            -90.076721,
            29.945954
          ],
          [
            -90.072938,
            29.943511
          ],
          [
            -90.072928,
            29.943171
          ],
          [
            -90.07322,
            29.943091
          ]
        ],
        "type": "LineString"
      }
    },
    {
      "type": "Feature",
      "id": "d10-new-orleans-lodging-to-st-louis-cemetery-1",
      "properties": {
        "feature_kind": "drive_leg",
        "route_id": "route-11",
        "day": 10,
        "date": "2026-10-13",
        "from": "new-orleans-lodging",
        "to": "st-louis-cemetery-1",
        "distance_miles": 1.5,
        "baseline_minutes": 5,
        "cap_status": "authorized-premium-one-way-exception",
        "map_color": "#B88917"
      },
      "geometry": {
        "coordinates": [
          [
            -90.07322,
            29.943091
          ],
          [
            -90.072928,
            29.943171
          ],
          [
            -90.072699,
            29.942952
          ],
          [
            -90.072332,
            29.942915
          ],
          [
            -90.072019,
            29.943126
          ],
          [
            -90.071979,
            29.943458
          ],
          [
            -90.072279,
            29.943745
          ],
          [
            -90.07288,
            29.943699
          ],
          [
            -90.076827,
            29.946138
          ],
          [
            -90.075581,
            29.950814
          ],
          [
            -90.075542,
            29.952106
          ],
          [
            -90.074942,
            29.954151
          ],
          [
            -90.070419,
            29.959266
          ],
          [
            -90.070865,
            29.959577
          ]
        ],
        "type": "LineString"
      }
    },
    {
      "type": "Feature",
      "id": "d10-st-louis-cemetery-1-to-avery-island",
      "properties": {
        "feature_kind": "drive_leg",
        "route_id": "route-11",
        "day": 10,
        "date": "2026-10-13",
        "from": "st-louis-cemetery-1",
        "to": "avery-island",
        "distance_miles": 137.3,
        "baseline_minutes": 167,
        "cap_status": "authorized-premium-one-way-exception",
        "map_color": "#B88917"
      },
      "geometry": {
        "coordinates": [
          [
            -90.070865,
            29.959577
          ],
          [
            -90.085167,
            29.951651
          ],
          [
            -90.104961,
            29.965501
          ],
          [
            -90.121857,
            29.996082
          ],
          [
            -90.2903,
            30.007768
          ],
          [
            -90.324554,
            29.971389
          ],
          [
            -90.362594,
            29.960853
          ],
          [
            -90.381573,
            29.930766
          ],
          [
            -90.406364,
            29.916535
          ],
          [
            -90.401016,
            29.894522
          ],
          [
            -90.441502,
            29.873605
          ],
          [
            -90.456309,
            29.830946
          ],
          [
            -90.483375,
            29.820838
          ],
          [
            -90.551891,
            29.760633
          ],
          [
            -90.561141,
            29.720531
          ],
          [
            -90.588382,
            29.692307
          ],
          [
            -90.791418,
            29.679284
          ],
          [
            -90.848608,
            29.686593
          ],
          [
            -90.908315,
            29.70905
          ],
          [
            -90.999168,
            29.689225
          ],
          [
            -91.037201,
            29.668326
          ],
          [
            -91.123687,
            29.671627
          ],
          [
            -91.152954,
            29.694795
          ],
          [
            -91.18913,
            29.702295
          ],
          [
            -91.287332,
            29.677835
          ],
          [
            -91.310545,
            29.689813
          ],
          [
            -91.377909,
            29.700339
          ],
          [
            -91.456824,
            29.757676
          ],
          [
            -91.529884,
            29.787654
          ],
          [
            -91.538361,
            29.813303
          ],
          [
            -91.569868,
            29.838626
          ],
          [
            -91.851131,
            29.979598
          ],
          [
            -91.905982,
            29.911427
          ]
        ],
        "type": "LineString"
      }
    },
    {
      "type": "Feature",
      "id": "d10-avery-island-to-lake-martin-swamp",
      "properties": {
        "feature_kind": "drive_leg",
        "route_id": "route-11",
        "day": 10,
        "date": "2026-10-13",
        "from": "avery-island",
        "to": "lake-martin-swamp",
        "distance_miles": 29.8,
        "baseline_minutes": 55,
        "cap_status": "authorized-premium-one-way-exception",
        "map_color": "#B88917"
      },
      "geometry": {
        "coordinates": [
          [
            -91.905982,
            29.911427
          ],
          [
            -91.89431,
            29.9313
          ],
          [
            -91.877367,
            29.944356
          ],
          [
            -91.870125,
            29.958278
          ],
          [
            -91.846331,
            29.985363
          ],
          [
            -91.839324,
            29.9863
          ],
          [
            -91.815381,
            30.003697
          ],
          [
            -91.825326,
            30.013395
          ],
          [
            -91.823542,
            30.030995
          ],
          [
            -91.813685,
            30.042809
          ],
          [
            -91.845086,
            30.089737
          ],
          [
            -91.829514,
            30.122437
          ],
          [
            -91.821986,
            30.149329
          ],
          [
            -91.819253,
            30.17301
          ],
          [
            -91.831899,
            30.214556
          ],
          [
            -91.840501,
            30.219908
          ],
          [
            -91.855221,
            30.21592
          ],
          [
            -91.865681,
            30.216498
          ],
          [
            -91.881768,
            30.237811
          ],
          [
            -91.898311,
            30.227221
          ]
        ],
        "type": "LineString"
      }
    },
    {
      "type": "Feature",
      "id": "d10-lake-martin-swamp-to-lafayette-lodging",
      "properties": {
        "feature_kind": "drive_leg",
        "route_id": "route-11",
        "day": 10,
        "date": "2026-10-13",
        "from": "lake-martin-swamp",
        "to": "lafayette-lodging",
        "distance_miles": 13,
        "baseline_minutes": 26,
        "cap_status": "authorized-premium-one-way-exception",
        "map_color": "#B88917"
      },
      "geometry": {
        "coordinates": [
          [
            -91.898311,
            30.227221
          ],
          [
            -91.881768,
            30.237811
          ],
          [
            -91.889012,
            30.25379
          ],
          [
            -91.889244,
            30.258544
          ],
          [
            -91.891481,
            30.262652
          ],
          [
            -91.892212,
            30.266082
          ],
          [
            -91.898841,
            30.273302
          ],
          [
            -91.899339,
            30.273646
          ],
          [
            -91.900179,
            30.272677
          ],
          [
            -91.912474,
            30.280199
          ],
          [
            -91.933647,
            30.264946
          ],
          [
            -91.939405,
            30.259421
          ],
          [
            -91.964898,
            30.239915
          ],
          [
            -91.969561,
            30.238664
          ],
          [
            -91.980989,
            30.232216
          ],
          [
            -92.00229,
            30.234548
          ],
          [
            -92.003135,
            30.229735
          ],
          [
            -92.008303,
            30.225378
          ],
          [
            -92.010936,
            30.224437
          ],
          [
            -92.013776,
            30.224762
          ],
          [
            -92.015289,
            30.223125
          ],
          [
            -92.016603,
            30.22406
          ],
          [
            -92.018,
            30.224077
          ]
        ],
        "type": "LineString"
      }
    },
    {
      "type": "Feature",
      "id": "d11-lafayette-lodging-to-space-center-houston",
      "properties": {
        "feature_kind": "drive_leg",
        "route_id": "route-11",
        "day": 11,
        "date": "2026-10-14",
        "from": "lafayette-lodging",
        "to": "space-center-houston",
        "distance_miles": 215.6,
        "baseline_minutes": 249,
        "cap_status": "authorized-premium-one-way-exception",
        "map_color": "#B88917"
      },
      "geometry": {
        "coordinates": [
          [
            -92.018,
            30.224077
          ],
          [
            -92.036375,
            30.25174
          ],
          [
            -92.487192,
            30.231001
          ],
          [
            -92.650496,
            30.246799
          ],
          [
            -93.178747,
            30.24695
          ],
          [
            -93.561433,
            30.18692
          ],
          [
            -93.724389,
            30.118907
          ],
          [
            -94.007616,
            30.135408
          ],
          [
            -94.070517,
            30.096749
          ],
          [
            -94.134609,
            30.09493
          ],
          [
            -94.137522,
            30.057464
          ],
          [
            -94.39087,
            29.828298
          ],
          [
            -94.681639,
            29.840741
          ],
          [
            -94.866779,
            29.824682
          ],
          [
            -94.875838,
            29.733136
          ],
          [
            -95.026718,
            29.695766
          ],
          [
            -95.029264,
            29.58849
          ],
          [
            -95.053558,
            29.591478
          ],
          [
            -95.058741,
            29.566607
          ],
          [
            -95.097575,
            29.551466
          ]
        ],
        "type": "LineString"
      }
    },
    {
      "type": "Feature",
      "id": "d11-space-center-houston-to-buffalo-bayou-cistern",
      "properties": {
        "feature_kind": "drive_leg",
        "route_id": "route-11",
        "day": 11,
        "date": "2026-10-14",
        "from": "space-center-houston",
        "to": "buffalo-bayou-cistern",
        "distance_miles": 25,
        "baseline_minutes": 34,
        "cap_status": "authorized-premium-one-way-exception",
        "map_color": "#B88917"
      },
      "geometry": {
        "coordinates": [
          [
            -95.097575,
            29.551466
          ],
          [
            -95.097744,
            29.548804
          ],
          [
            -95.106883,
            29.545641
          ],
          [
            -95.130601,
            29.52916
          ],
          [
            -95.181734,
            29.584496
          ],
          [
            -95.243884,
            29.64173
          ],
          [
            -95.264153,
            29.672018
          ],
          [
            -95.2869,
            29.695899
          ],
          [
            -95.373008,
            29.750573
          ],
          [
            -95.373855,
            29.760434
          ],
          [
            -95.376359,
            29.76296
          ]
        ],
        "type": "LineString"
      }
    },
    {
      "type": "Feature",
      "id": "d11-buffalo-bayou-cistern-to-rothko-chapel",
      "properties": {
        "feature_kind": "drive_leg",
        "route_id": "route-11",
        "day": 11,
        "date": "2026-10-14",
        "from": "buffalo-bayou-cistern",
        "to": "rothko-chapel",
        "distance_miles": 3.1,
        "baseline_minutes": 7,
        "cap_status": "authorized-premium-one-way-exception",
        "map_color": "#B88917"
      },
      "geometry": {
        "coordinates": [
          [
            -95.376359,
            29.76296
          ],
          [
            -95.375563,
            29.762993
          ],
          [
            -95.375573,
            29.76351
          ],
          [
            -95.372907,
            29.763589
          ],
          [
            -95.372505,
            29.763343
          ],
          [
            -95.372885,
            29.762444
          ],
          [
            -95.374327,
            29.761363
          ],
          [
            -95.374901,
            29.76009
          ],
          [
            -95.375321,
            29.758315
          ],
          [
            -95.375095,
            29.75379
          ],
          [
            -95.381103,
            29.746166
          ],
          [
            -95.381628,
            29.744967
          ],
          [
            -95.382224,
            29.744656
          ],
          [
            -95.393112,
            29.74465
          ],
          [
            -95.393824,
            29.744423
          ],
          [
            -95.394809,
            29.743938
          ],
          [
            -95.394738,
            29.737832
          ],
          [
            -95.396443,
            29.737813
          ]
        ],
        "type": "LineString"
      }
    },
    {
      "type": "Feature",
      "id": "d11-rothko-chapel-to-houston-lodging",
      "properties": {
        "feature_kind": "drive_leg",
        "route_id": "route-11",
        "day": 11,
        "date": "2026-10-14",
        "from": "rothko-chapel",
        "to": "houston-lodging",
        "distance_miles": 0.9,
        "baseline_minutes": 4,
        "cap_status": "authorized-premium-one-way-exception",
        "map_color": "#B88917"
      },
      "geometry": {
        "coordinates": [
          [
            -95.396443,
            29.737813
          ],
          [
            -95.394738,
            29.737832
          ],
          [
            -95.394698,
            29.734416
          ],
          [
            -95.391137,
            29.734454
          ],
          [
            -95.391166,
            29.732181
          ],
          [
            -95.391081,
            29.73064
          ],
          [
            -95.389058,
            29.730686
          ],
          [
            -95.389133,
            29.730722
          ]
        ],
        "type": "LineString"
      }
    },
    {
      "type": "Feature",
      "id": "yale-art-gallery",
      "properties": {
        "feature_kind": "place",
        "route_id": "route-11",
        "place_id": "yale-art-gallery",
        "name": "Yale Art Gallery: A World of Art for Free",
        "city": "New Haven",
        "state": "CT",
        "visit_date": "2026-10-04",
        "priority": "anchor",
        "included_in_magic_score": true
      },
      "geometry": {
        "type": "Point",
        "coordinates": [
          -72.93077,
          41.30832
        ]
      }
    },
    {
      "type": "Feature",
      "id": "ycba",
      "properties": {
        "feature_kind": "place",
        "route_id": "route-11",
        "place_id": "ycba",
        "name": "Yale Center for British Art: Light, Art & Kahn",
        "city": "New Haven",
        "state": "CT",
        "visit_date": "2026-10-04",
        "priority": "supporting",
        "included_in_magic_score": true
      },
      "geometry": {
        "type": "Point",
        "coordinates": [
          -72.9311,
          41.30797
        ]
      }
    },
    {
      "type": "Feature",
      "id": "barnes",
      "properties": {
        "feature_kind": "place",
        "route_id": "route-11",
        "place_id": "barnes",
        "name": "Barnes Foundation: Art Walls Like Puzzles",
        "city": "Philadelphia",
        "state": "PA",
        "visit_date": "2026-10-05",
        "priority": "anchor",
        "included_in_magic_score": true
      },
      "geometry": {
        "type": "Point",
        "coordinates": [
          -75.17308,
          39.96064
        ]
      }
    },
    {
      "type": "Feature",
      "id": "calder-gardens",
      "properties": {
        "feature_kind": "place",
        "route_id": "route-11",
        "place_id": "calder-gardens",
        "name": "Calder Gardens: Moving Art in a Wild Garden",
        "city": "Philadelphia",
        "state": "PA",
        "visit_date": "2026-10-05",
        "priority": "supporting",
        "included_in_magic_score": true
      },
      "geometry": {
        "type": "Point",
        "coordinates": [
          -75.1745,
          39.96114
        ]
      }
    },
    {
      "type": "Feature",
      "id": "baltimore-industry",
      "properties": {
        "feature_kind": "place",
        "route_id": "route-11",
        "place_id": "baltimore-industry",
        "name": "Baltimore Museum of Industry: The City at Work",
        "city": "Baltimore",
        "state": "MD",
        "visit_date": "2026-10-06",
        "priority": "anchor",
        "included_in_magic_score": true
      },
      "geometry": {
        "type": "Point",
        "coordinates": [
          -76.60102,
          39.27384
        ]
      }
    },
    {
      "type": "Feature",
      "id": "peabody-library",
      "properties": {
        "feature_kind": "place",
        "route_id": "route-11",
        "place_id": "peabody-library",
        "name": "Peabody Library: Five Floors of Iron and Books",
        "city": "Baltimore",
        "state": "MD",
        "visit_date": "2026-10-06",
        "priority": "supporting",
        "included_in_magic_score": true
      },
      "geometry": {
        "type": "Point",
        "coordinates": [
          -76.61545,
          39.29703
        ]
      }
    },
    {
      "type": "Feature",
      "id": "grand-caverns",
      "properties": {
        "feature_kind": "place",
        "route_id": "route-11",
        "place_id": "grand-caverns",
        "name": "Grand Caverns: Strange Shields Under Virginia",
        "city": "Grottoes",
        "state": "VA",
        "visit_date": "2026-10-07",
        "priority": "anchor",
        "included_in_magic_score": true
      },
      "geometry": {
        "type": "Point",
        "coordinates": [
          -78.82018,
          38.2667
        ]
      }
    },
    {
      "type": "Feature",
      "id": "frontier-culture",
      "properties": {
        "feature_kind": "place",
        "route_id": "route-11",
        "place_id": "frontier-culture",
        "name": "Frontier Culture Museum: Old Worlds Rebuilt",
        "city": "Staunton",
        "state": "VA",
        "visit_date": "2026-10-07",
        "priority": "supporting",
        "included_in_magic_score": true
      },
      "geometry": {
        "type": "Point",
        "coordinates": [
          -79.04566,
          38.14584
        ]
      }
    },
    {
      "type": "Feature",
      "id": "birthplace-country-music",
      "properties": {
        "feature_kind": "place",
        "route_id": "route-11",
        "place_id": "birthplace-country-music",
        "name": "Birthplace of Country Music: The Sessions That Changed Sound",
        "city": "Bristol",
        "state": "VA",
        "visit_date": "2026-10-08",
        "priority": "anchor",
        "included_in_magic_score": true
      },
      "geometry": {
        "type": "Point",
        "coordinates": [
          -82.18261,
          36.59645
        ]
      }
    },
    {
      "type": "Feature",
      "id": "gray-fossil",
      "properties": {
        "feature_kind": "place",
        "route_id": "route-11",
        "place_id": "gray-fossil",
        "name": "Gray Fossil Site: A Five-Million-Year Surprise",
        "city": "Gray",
        "state": "TN",
        "visit_date": "2026-10-08",
        "priority": "supporting",
        "included_in_magic_score": true
      },
      "geometry": {
        "type": "Point",
        "coordinates": [
          -82.47912,
          36.3909
        ]
      }
    },
    {
      "type": "Feature",
      "id": "biltmore",
      "properties": {
        "feature_kind": "place",
        "route_id": "route-11",
        "place_id": "biltmore",
        "name": "Biltmore: A Giant House and Mountain Gardens",
        "city": "Asheville",
        "state": "NC",
        "visit_date": "2026-10-09",
        "priority": "anchor",
        "included_in_magic_score": true
      },
      "geometry": {
        "type": "Point",
        "coordinates": [
          -82.55214,
          35.54093
        ]
      }
    },
    {
      "type": "Feature",
      "id": "grovewood",
      "properties": {
        "feature_kind": "place",
        "route_id": "route-11",
        "place_id": "grovewood",
        "name": "Grovewood Village: Looms, Craft & Hidden Cars",
        "city": "Asheville",
        "state": "NC",
        "visit_date": "2026-10-09",
        "priority": "supporting",
        "included_in_magic_score": true
      },
      "geometry": {
        "type": "Point",
        "coordinates": [
          -82.54248,
          35.62042
        ]
      }
    },
    {
      "type": "Feature",
      "id": "boggs-metal-night",
      "properties": {
        "feature_kind": "place",
        "route_id": "route-11",
        "place_id": "boggs-metal-night",
        "name": "Atlanta Metal Night at Boggs",
        "city": "Atlanta",
        "state": "GA",
        "visit_date": "2026-10-09",
        "priority": "anchor",
        "included_in_magic_score": true
      },
      "geometry": {
        "type": "Point",
        "coordinates": [
          -84.43144,
          33.73205
        ]
      }
    },
    {
      "type": "Feature",
      "id": "eji-legacy-sites",
      "properties": {
        "feature_kind": "place",
        "route_id": "route-11",
        "place_id": "eji-legacy-sites",
        "name": "EJI Legacy Museum and National Memorial",
        "city": "Montgomery",
        "state": "AL",
        "visit_date": "2026-10-10",
        "priority": "anchor",
        "included_in_magic_score": true
      },
      "geometry": {
        "type": "Point",
        "coordinates": [
          -86.31077,
          32.38268
        ]
      }
    },
    {
      "type": "Feature",
      "id": "fitzgerald-museum",
      "properties": {
        "feature_kind": "place",
        "route_id": "route-11",
        "place_id": "fitzgerald-museum",
        "name": "Scott and Zelda Fitzgerald Museum: Fame and Damage",
        "city": "Montgomery",
        "state": "AL",
        "visit_date": "2026-10-10",
        "priority": "supporting",
        "included_in_magic_score": true
      },
      "geometry": {
        "type": "Point",
        "coordinates": [
          -86.29216,
          32.3562
        ]
      }
    },
    {
      "type": "Feature",
      "id": "annunciation-mobile",
      "properties": {
        "feature_kind": "place",
        "route_id": "route-11",
        "place_id": "annunciation-mobile",
        "name": "Sunday Liturgy at Annunciation Orthodox Church",
        "city": "Mobile",
        "state": "AL",
        "visit_date": "2026-10-11",
        "priority": "anchor",
        "included_in_magic_score": true
      },
      "geometry": {
        "type": "Point",
        "coordinates": [
          -88.07806,
          30.68905
        ]
      }
    },
    {
      "type": "Feature",
      "id": "walter-anderson-ocean-springs",
      "properties": {
        "feature_kind": "place",
        "route_id": "route-11",
        "place_id": "walter-anderson-ocean-springs",
        "name": "Walter Anderson: Wild Gulf Art and the Little Room",
        "city": "Ocean Springs",
        "state": "MS",
        "visit_date": "2026-10-11",
        "priority": "anchor",
        "included_in_magic_score": true
      },
      "geometry": {
        "type": "Point",
        "coordinates": [
          -88.82728,
          30.41229
        ]
      }
    },
    {
      "type": "Feature",
      "id": "maritime-seafood-biloxi",
      "properties": {
        "feature_kind": "place",
        "route_id": "route-11",
        "place_id": "maritime-seafood-biloxi",
        "name": "Biloxi Maritime Museum: Boats, Shrimp and Storms",
        "city": "Biloxi",
        "state": "MS",
        "visit_date": "2026-10-11",
        "priority": "supporting",
        "included_in_magic_score": true
      },
      "geometry": {
        "type": "Point",
        "coordinates": [
          -88.86473,
          30.3918
        ]
      }
    },
    {
      "type": "Feature",
      "id": "whitney-plantation",
      "properties": {
        "feature_kind": "place",
        "route_id": "route-11",
        "place_id": "whitney-plantation",
        "name": "Whitney Plantation: History Told by the Enslaved",
        "city": "Wallace",
        "state": "LA",
        "visit_date": "2026-10-12",
        "priority": "anchor",
        "included_in_magic_score": true
      },
      "geometry": {
        "type": "Point",
        "coordinates": [
          -90.66102,
          30.02952
        ]
      }
    },
    {
      "type": "Feature",
      "id": "mardi-gras-world",
      "properties": {
        "feature_kind": "place",
        "route_id": "route-11",
        "place_id": "mardi-gras-world",
        "name": "Mardi Gras World: Inside the Float Workshop",
        "city": "New Orleans",
        "state": "LA",
        "visit_date": "2026-10-12",
        "priority": "anchor",
        "included_in_magic_score": true
      },
      "geometry": {
        "type": "Point",
        "coordinates": [
          -90.0613,
          29.93477
        ]
      }
    },
    {
      "type": "Feature",
      "id": "frenchmen-music-night",
      "properties": {
        "feature_kind": "place",
        "route_id": "route-11",
        "place_id": "frenchmen-music-night",
        "name": "Frenchmen Street Live Music Night",
        "city": "New Orleans",
        "state": "LA",
        "visit_date": "2026-10-12",
        "priority": "anchor",
        "included_in_magic_score": true
      },
      "geometry": {
        "type": "Point",
        "coordinates": [
          -90.05836,
          29.96436
        ]
      }
    },
    {
      "type": "Feature",
      "id": "jamnola",
      "properties": {
        "feature_kind": "place",
        "route_id": "route-11",
        "place_id": "jamnola",
        "name": "JAMNOLA: New Orleans Art You Can Step Into",
        "city": "New Orleans",
        "state": "LA",
        "visit_date": "2026-10-12",
        "priority": "supporting",
        "included_in_magic_score": true
      },
      "geometry": {
        "type": "Point",
        "coordinates": [
          -90.05372,
          29.96462
        ]
      }
    },
    {
      "type": "Feature",
      "id": "st-louis-cemetery-1",
      "properties": {
        "feature_kind": "place",
        "route_id": "route-11",
        "place_id": "st-louis-cemetery-1",
        "name": "St. Louis Cemetery No. 1: Tombs, Stories and Respect",
        "city": "New Orleans",
        "state": "LA",
        "visit_date": "2026-10-13",
        "priority": "anchor",
        "included_in_magic_score": true
      },
      "geometry": {
        "type": "Point",
        "coordinates": [
          -90.07104,
          29.95938
        ]
      }
    },
    {
      "type": "Feature",
      "id": "lake-martin-swamp",
      "properties": {
        "feature_kind": "place",
        "route_id": "route-11",
        "place_id": "lake-martin-swamp",
        "name": "Lake Martin: A Quiet Boat Through Cypress Trees",
        "city": "Breaux Bridge",
        "state": "LA",
        "visit_date": "2026-10-13",
        "priority": "anchor",
        "included_in_magic_score": true
      },
      "geometry": {
        "type": "Point",
        "coordinates": [
          -91.89604,
          30.22458
        ]
      }
    },
    {
      "type": "Feature",
      "id": "avery-island",
      "properties": {
        "feature_kind": "place",
        "route_id": "route-11",
        "place_id": "avery-island",
        "name": "Avery Island: TABASCO, Gardens and a Buddha",
        "city": "Avery Island",
        "state": "LA",
        "visit_date": "2026-10-13",
        "priority": "supporting",
        "included_in_magic_score": true
      },
      "geometry": {
        "type": "Point",
        "coordinates": [
          -91.90624,
          29.91155
        ]
      }
    },
    {
      "type": "Feature",
      "id": "space-center-houston",
      "properties": {
        "feature_kind": "place",
        "route_id": "route-11",
        "place_id": "space-center-houston",
        "name": "Space Center Houston: Real Moonshot Hardware",
        "city": "Houston",
        "state": "TX",
        "visit_date": "2026-10-14",
        "priority": "anchor",
        "included_in_magic_score": true
      },
      "geometry": {
        "type": "Point",
        "coordinates": [
          -95.09796,
          29.55187
        ]
      }
    },
    {
      "type": "Feature",
      "id": "rothko-chapel",
      "properties": {
        "feature_kind": "place",
        "route_id": "route-11",
        "place_id": "rothko-chapel",
        "name": "Rothko Chapel: Dark Paintings and Shared Silence",
        "city": "Houston",
        "state": "TX",
        "visit_date": "2026-10-14",
        "priority": "anchor",
        "included_in_magic_score": true
      },
      "geometry": {
        "type": "Point",
        "coordinates": [
          -95.39644,
          29.73756
        ]
      }
    },
    {
      "type": "Feature",
      "id": "buffalo-bayou-cistern",
      "properties": {
        "feature_kind": "place",
        "route_id": "route-11",
        "place_id": "buffalo-bayou-cistern",
        "name": "Buffalo Bayou Cistern: Light Under 220 Columns",
        "city": "Houston",
        "state": "TX",
        "visit_date": "2026-10-14",
        "priority": "supporting",
        "included_in_magic_score": true
      },
      "geometry": {
        "type": "Point",
        "coordinates": [
          -95.37634,
          29.763
        ]
      }
    },
    {
      "type": "Feature",
      "id": "node-boston-logan-rental",
      "properties": {
        "feature_kind": "route_node",
        "route_id": "route-11",
        "node_id": "boston-logan-rental",
        "name": "Boston Logan Rental Car Center"
      },
      "geometry": {
        "type": "Point",
        "coordinates": [
          -71.0304,
          42.3682
        ]
      }
    },
    {
      "type": "Feature",
      "id": "node-new-haven-lodging",
      "properties": {
        "feature_kind": "route_node",
        "route_id": "route-11",
        "node_id": "new-haven-lodging",
        "name": "Downtown New Haven/Yale lodging zone"
      },
      "geometry": {
        "type": "Point",
        "coordinates": [
          -72.9287,
          41.3068
        ]
      }
    },
    {
      "type": "Feature",
      "id": "node-philadelphia-lodging",
      "properties": {
        "feature_kind": "route_node",
        "route_id": "route-11",
        "node_id": "philadelphia-lodging",
        "name": "Logan Square/Parkway lodging zone"
      },
      "geometry": {
        "type": "Point",
        "coordinates": [
          -75.1718,
          39.9577
        ]
      }
    },
    {
      "type": "Feature",
      "id": "node-shepherdstown-lodging",
      "properties": {
        "feature_kind": "route_node",
        "route_id": "route-11",
        "node_id": "shepherdstown-lodging",
        "name": "Historic Shepherdstown lodging zone"
      },
      "geometry": {
        "type": "Point",
        "coordinates": [
          -77.8048,
          39.4301
        ]
      }
    },
    {
      "type": "Feature",
      "id": "node-roanoke-lodging",
      "properties": {
        "feature_kind": "route_node",
        "route_id": "route-11",
        "node_id": "roanoke-lodging",
        "name": "Downtown Roanoke lodging zone"
      },
      "geometry": {
        "type": "Point",
        "coordinates": [
          -79.951,
          37.276
        ]
      }
    },
    {
      "type": "Feature",
      "id": "node-asheville-lodging",
      "properties": {
        "feature_kind": "route_node",
        "route_id": "route-11",
        "node_id": "asheville-lodging",
        "name": "Central Asheville lodging zone"
      },
      "geometry": {
        "type": "Point",
        "coordinates": [
          -82.5515,
          35.5951
        ]
      }
    },
    {
      "type": "Feature",
      "id": "node-atlanta-lodging",
      "properties": {
        "feature_kind": "route_node",
        "route_id": "route-11",
        "node_id": "atlanta-lodging",
        "name": "Midtown/Old Fourth Ward lodging zone"
      },
      "geometry": {
        "type": "Point",
        "coordinates": [
          -84.3722,
          33.7802
        ]
      }
    },
    {
      "type": "Feature",
      "id": "node-greenville-lodging",
      "properties": {
        "feature_kind": "route_node",
        "route_id": "route-11",
        "node_id": "greenville-lodging",
        "name": "Greenville, Alabama lodging zone"
      },
      "geometry": {
        "type": "Point",
        "coordinates": [
          -86.6178,
          31.8296
        ]
      }
    },
    {
      "type": "Feature",
      "id": "node-new-orleans-lodging",
      "properties": {
        "feature_kind": "route_node",
        "route_id": "route-11",
        "node_id": "new-orleans-lodging",
        "name": "Warehouse District/Lower Garden lodging zone"
      },
      "geometry": {
        "type": "Point",
        "coordinates": [
          -90.0732,
          29.943
        ]
      }
    },
    {
      "type": "Feature",
      "id": "node-lafayette-lodging",
      "properties": {
        "feature_kind": "route_node",
        "route_id": "route-11",
        "node_id": "lafayette-lodging",
        "name": "Downtown Lafayette lodging zone"
      },
      "geometry": {
        "type": "Point",
        "coordinates": [
          -92.018,
          30.2241
        ]
      }
    },
    {
      "type": "Feature",
      "id": "node-houston-lodging",
      "properties": {
        "feature_kind": "route_node",
        "route_id": "route-11",
        "node_id": "houston-lodging",
        "name": "Montrose/Museum District lodging zone"
      },
      "geometry": {
        "type": "Point",
        "coordinates": [
          -95.389,
          29.731
        ]
      }
    },
    {
      "type": "Feature",
      "id": "node-yale-art-gallery",
      "properties": {
        "feature_kind": "route_node",
        "route_id": "route-11",
        "node_id": "yale-art-gallery",
        "name": "Yale University Art Gallery, 1111 Chapel Street, New Haven, Connecticut"
      },
      "geometry": {
        "type": "Point",
        "coordinates": [
          -72.93077,
          41.30832
        ]
      }
    },
    {
      "type": "Feature",
      "id": "node-ycba",
      "properties": {
        "feature_kind": "route_node",
        "route_id": "route-11",
        "node_id": "ycba",
        "name": "Yale Center for British Art, 1080 Chapel Street, New Haven, Connecticut"
      },
      "geometry": {
        "type": "Point",
        "coordinates": [
          -72.9311,
          41.30797
        ]
      }
    },
    {
      "type": "Feature",
      "id": "node-barnes",
      "properties": {
        "feature_kind": "route_node",
        "route_id": "route-11",
        "node_id": "barnes",
        "name": "Barnes Foundation, 2025 Benjamin Franklin Parkway, Philadelphia, Pennsylvania"
      },
      "geometry": {
        "type": "Point",
        "coordinates": [
          -75.17308,
          39.96064
        ]
      }
    },
    {
      "type": "Feature",
      "id": "node-calder-gardens",
      "properties": {
        "feature_kind": "route_node",
        "route_id": "route-11",
        "node_id": "calder-gardens",
        "name": "Calder Gardens, 2100 Benjamin Franklin Parkway, Philadelphia, Pennsylvania"
      },
      "geometry": {
        "type": "Point",
        "coordinates": [
          -75.1745,
          39.96114
        ]
      }
    },
    {
      "type": "Feature",
      "id": "node-baltimore-industry",
      "properties": {
        "feature_kind": "route_node",
        "route_id": "route-11",
        "node_id": "baltimore-industry",
        "name": "Baltimore Museum of Industry, 1415 Key Highway, Baltimore, Maryland"
      },
      "geometry": {
        "type": "Point",
        "coordinates": [
          -76.60102,
          39.27384
        ]
      }
    },
    {
      "type": "Feature",
      "id": "node-peabody-library",
      "properties": {
        "feature_kind": "route_node",
        "route_id": "route-11",
        "node_id": "peabody-library",
        "name": "George Peabody Library, 17 East Mount Vernon Place, Baltimore, Maryland"
      },
      "geometry": {
        "type": "Point",
        "coordinates": [
          -76.61545,
          39.29703
        ]
      }
    },
    {
      "type": "Feature",
      "id": "node-grand-caverns",
      "properties": {
        "feature_kind": "route_node",
        "route_id": "route-11",
        "node_id": "grand-caverns",
        "name": "Grand Caverns, 5 Grand Caverns Drive, Grottoes, Virginia"
      },
      "geometry": {
        "type": "Point",
        "coordinates": [
          -78.82018,
          38.2667
        ]
      }
    },
    {
      "type": "Feature",
      "id": "node-frontier-culture",
      "properties": {
        "feature_kind": "route_node",
        "route_id": "route-11",
        "node_id": "frontier-culture",
        "name": "Frontier Culture Museum, 1290 Richmond Avenue, Staunton, Virginia"
      },
      "geometry": {
        "type": "Point",
        "coordinates": [
          -79.04566,
          38.14584
        ]
      }
    },
    {
      "type": "Feature",
      "id": "node-birthplace-country-music",
      "properties": {
        "feature_kind": "route_node",
        "route_id": "route-11",
        "node_id": "birthplace-country-music",
        "name": "Birthplace of Country Music Museum, 101 Country Music Way, Bristol, Virginia"
      },
      "geometry": {
        "type": "Point",
        "coordinates": [
          -82.18261,
          36.59645
        ]
      }
    },
    {
      "type": "Feature",
      "id": "node-gray-fossil",
      "properties": {
        "feature_kind": "route_node",
        "route_id": "route-11",
        "node_id": "gray-fossil",
        "name": "Gray Fossil Site and Museum, 1212 Suncrest Drive, Gray, Tennessee"
      },
      "geometry": {
        "type": "Point",
        "coordinates": [
          -82.47912,
          36.3909
        ]
      }
    },
    {
      "type": "Feature",
      "id": "node-biltmore",
      "properties": {
        "feature_kind": "route_node",
        "route_id": "route-11",
        "node_id": "biltmore",
        "name": "Biltmore Estate, 1 Lodge Street, Asheville, North Carolina"
      },
      "geometry": {
        "type": "Point",
        "coordinates": [
          -82.55214,
          35.54093
        ]
      }
    },
    {
      "type": "Feature",
      "id": "node-grovewood",
      "properties": {
        "feature_kind": "route_node",
        "route_id": "route-11",
        "node_id": "grovewood",
        "name": "Grovewood Village, 111 Grovewood Road, Asheville, North Carolina"
      },
      "geometry": {
        "type": "Point",
        "coordinates": [
          -82.54248,
          35.62042
        ]
      }
    },
    {
      "type": "Feature",
      "id": "node-boggs-metal-night",
      "properties": {
        "feature_kind": "route_node",
        "route_id": "route-11",
        "node_id": "boggs-metal-night",
        "name": "Boggs Social and Supply, 1310 White Street Southwest, Atlanta, Georgia"
      },
      "geometry": {
        "type": "Point",
        "coordinates": [
          -84.43144,
          33.73205
        ]
      }
    },
    {
      "type": "Feature",
      "id": "node-eji-legacy-sites",
      "properties": {
        "feature_kind": "route_node",
        "route_id": "route-11",
        "node_id": "eji-legacy-sites",
        "name": "Legacy Museum, 400 North Court Street, Montgomery, Alabama"
      },
      "geometry": {
        "type": "Point",
        "coordinates": [
          -86.31077,
          32.38268
        ]
      }
    },
    {
      "type": "Feature",
      "id": "node-fitzgerald-museum",
      "properties": {
        "feature_kind": "route_node",
        "route_id": "route-11",
        "node_id": "fitzgerald-museum",
        "name": "Scott and Zelda Fitzgerald Museum, 919 Felder Avenue, Montgomery, Alabama"
      },
      "geometry": {
        "type": "Point",
        "coordinates": [
          -86.29216,
          32.3562
        ]
      }
    },
    {
      "type": "Feature",
      "id": "node-annunciation-mobile",
      "properties": {
        "feature_kind": "route_node",
        "route_id": "route-11",
        "node_id": "annunciation-mobile",
        "name": "Annunciation Greek Orthodox Church, 50 South Ann Street, Mobile, Alabama"
      },
      "geometry": {
        "type": "Point",
        "coordinates": [
          -88.07806,
          30.68905
        ]
      }
    },
    {
      "type": "Feature",
      "id": "node-walter-anderson-ocean-springs",
      "properties": {
        "feature_kind": "route_node",
        "route_id": "route-11",
        "node_id": "walter-anderson-ocean-springs",
        "name": "Walter Anderson Museum of Art, 510 Washington Avenue, Ocean Springs, Mississippi"
      },
      "geometry": {
        "type": "Point",
        "coordinates": [
          -88.82728,
          30.41229
        ]
      }
    },
    {
      "type": "Feature",
      "id": "node-maritime-seafood-biloxi",
      "properties": {
        "feature_kind": "route_node",
        "route_id": "route-11",
        "node_id": "maritime-seafood-biloxi",
        "name": "Maritime and Seafood Industry Museum, 115 1st Street, Biloxi, Mississippi"
      },
      "geometry": {
        "type": "Point",
        "coordinates": [
          -88.86473,
          30.3918
        ]
      }
    },
    {
      "type": "Feature",
      "id": "node-whitney-plantation",
      "properties": {
        "feature_kind": "route_node",
        "route_id": "route-11",
        "node_id": "whitney-plantation",
        "name": "Whitney Plantation, 5099 Louisiana Highway 18, Wallace, Louisiana"
      },
      "geometry": {
        "type": "Point",
        "coordinates": [
          -90.66102,
          30.02952
        ]
      }
    },
    {
      "type": "Feature",
      "id": "node-mardi-gras-world",
      "properties": {
        "feature_kind": "route_node",
        "route_id": "route-11",
        "node_id": "mardi-gras-world",
        "name": "Mardi Gras World, 1380 Port of New Orleans Place, New Orleans, Louisiana"
      },
      "geometry": {
        "type": "Point",
        "coordinates": [
          -90.0613,
          29.93477
        ]
      }
    },
    {
      "type": "Feature",
      "id": "node-frenchmen-music-night",
      "properties": {
        "feature_kind": "route_node",
        "route_id": "route-11",
        "node_id": "frenchmen-music-night",
        "name": "d.b.a. New Orleans, 618 Frenchmen Street, New Orleans, Louisiana"
      },
      "geometry": {
        "type": "Point",
        "coordinates": [
          -90.05836,
          29.96436
        ]
      }
    },
    {
      "type": "Feature",
      "id": "node-jamnola",
      "properties": {
        "feature_kind": "route_node",
        "route_id": "route-11",
        "node_id": "jamnola",
        "name": "JAMNOLA, 940 Frenchmen Street, New Orleans, Louisiana"
      },
      "geometry": {
        "type": "Point",
        "coordinates": [
          -90.05372,
          29.96462
        ]
      }
    },
    {
      "type": "Feature",
      "id": "node-st-louis-cemetery-1",
      "properties": {
        "feature_kind": "route_node",
        "route_id": "route-11",
        "node_id": "st-louis-cemetery-1",
        "name": "St. Louis Cemetery Number 1, 425 Basin Street, New Orleans, Louisiana"
      },
      "geometry": {
        "type": "Point",
        "coordinates": [
          -90.07104,
          29.95938
        ]
      }
    },
    {
      "type": "Feature",
      "id": "node-lake-martin-swamp",
      "properties": {
        "feature_kind": "route_node",
        "route_id": "route-11",
        "node_id": "lake-martin-swamp",
        "name": "Cajun Country Swamp Tours, 1209 Rookery Road, Breaux Bridge, Louisiana"
      },
      "geometry": {
        "type": "Point",
        "coordinates": [
          -91.89604,
          30.22458
        ]
      }
    },
    {
      "type": "Feature",
      "id": "node-avery-island",
      "properties": {
        "feature_kind": "route_node",
        "route_id": "route-11",
        "node_id": "avery-island",
        "name": "TABASCO Factory and Jungle Gardens, 329 Avery Island Road, Avery Island, Louisiana"
      },
      "geometry": {
        "type": "Point",
        "coordinates": [
          -91.90624,
          29.91155
        ]
      }
    },
    {
      "type": "Feature",
      "id": "node-space-center-houston",
      "properties": {
        "feature_kind": "route_node",
        "route_id": "route-11",
        "node_id": "space-center-houston",
        "name": "Space Center Houston, 1601 East NASA Parkway, Houston, Texas"
      },
      "geometry": {
        "type": "Point",
        "coordinates": [
          -95.09796,
          29.55187
        ]
      }
    },
    {
      "type": "Feature",
      "id": "node-rothko-chapel",
      "properties": {
        "feature_kind": "route_node",
        "route_id": "route-11",
        "node_id": "rothko-chapel",
        "name": "Rothko Chapel, 3900 Yupon Street, Houston, Texas"
      },
      "geometry": {
        "type": "Point",
        "coordinates": [
          -95.39644,
          29.73756
        ]
      }
    },
    {
      "type": "Feature",
      "id": "node-buffalo-bayou-cistern",
      "properties": {
        "feature_kind": "route_node",
        "route_id": "route-11",
        "node_id": "buffalo-bayou-cistern",
        "name": "Buffalo Bayou Park Cistern, 105 Sabine Street, Houston, Texas"
      },
      "geometry": {
        "type": "Point",
        "coordinates": [
          -95.37634,
          29.763
        ]
      }
    }
  ]
}
