{
  "type": "FeatureCollection",
  "name": "route-09-kaleidoscopes-scripture-stones-secret-machines-loop",
  "features": [
    {
      "type": "Feature",
      "id": "d1-boston-logan-rental-to-art-omi",
      "properties": {
        "feature_kind": "drive_leg",
        "route_id": "route-09",
        "day": 1,
        "date": "2026-10-04",
        "from": "boston-logan-rental",
        "to": "art-omi",
        "distance_miles": 156.9,
        "baseline_minutes": 197,
        "map_color": "#A855F7"
      },
      "geometry": {
        "coordinates": [
          [
            -71.029421,
            42.367769
          ],
          [
            -71.037429,
            42.346811
          ],
          [
            -71.177949,
            42.35787
          ],
          [
            -71.315031,
            42.33461
          ],
          [
            -71.367832,
            42.311489
          ],
          [
            -71.412023,
            42.315539
          ],
          [
            -71.557712,
            42.269721
          ],
          [
            -71.618632,
            42.229395
          ],
          [
            -71.755983,
            42.2211
          ],
          [
            -72.062495,
            42.129623
          ],
          [
            -72.125546,
            42.135283
          ],
          [
            -72.214144,
            42.182527
          ],
          [
            -72.282382,
            42.164903
          ],
          [
            -72.318532,
            42.17708
          ],
          [
            -72.381481,
            42.153908
          ],
          [
            -72.446282,
            42.17045
          ],
          [
            -72.538734,
            42.16158
          ],
          [
            -72.586113,
            42.169804
          ],
          [
            -72.617477,
            42.154839
          ],
          [
            -72.710155,
            42.139993
          ],
          [
            -72.759029,
            42.154856
          ],
          [
            -72.907803,
            42.17298
          ],
          [
            -72.993536,
            42.236973
          ],
          [
            -73.043933,
            42.23304
          ],
          [
            -73.110157,
            42.248037
          ],
          [
            -73.157912,
            42.289345
          ],
          [
            -73.191614,
            42.300029
          ],
          [
            -73.29784,
            42.297775
          ],
          [
            -73.351677,
            42.307377
          ],
          [
            -73.367972,
            42.330328
          ],
          [
            -73.426963,
            42.359316
          ],
          [
            -73.41413,
            42.347814
          ],
          [
            -73.418516,
            42.338053
          ],
          [
            -73.459225,
            42.328352
          ],
          [
            -73.473196,
            42.312393
          ],
          [
            -73.492141,
            42.320059
          ],
          [
            -73.542398,
            42.3212
          ],
          [
            -73.570714,
            42.349328
          ],
          [
            -73.615477,
            42.329186
          ],
          [
            -73.633877,
            42.339877
          ],
          [
            -73.652997,
            42.328809
          ],
          [
            -73.673101,
            42.334312
          ]
        ],
        "type": "LineString"
      }
    },
    {
      "type": "Feature",
      "id": "d1-art-omi-to-ghent-lodging",
      "properties": {
        "feature_kind": "drive_leg",
        "route_id": "route-09",
        "day": 1,
        "date": "2026-10-04",
        "from": "art-omi",
        "to": "ghent-lodging",
        "distance_miles": 3.9,
        "baseline_minutes": 11,
        "map_color": "#A855F7"
      },
      "geometry": {
        "coordinates": [
          [
            -73.673101,
            42.334312
          ],
          [
            -73.673255,
            42.335064
          ],
          [
            -73.671404,
            42.334901
          ],
          [
            -73.670144,
            42.332091
          ],
          [
            -73.669198,
            42.332606
          ],
          [
            -73.668171,
            42.332734
          ],
          [
            -73.663349,
            42.331955
          ],
          [
            -73.661407,
            42.331245
          ],
          [
            -73.659297,
            42.329903
          ],
          [
            -73.657406,
            42.329255
          ],
          [
            -73.654566,
            42.328763
          ],
          [
            -73.652997,
            42.328809
          ],
          [
            -73.651672,
            42.329387
          ],
          [
            -73.650114,
            42.331641
          ],
          [
            -73.649388,
            42.332201
          ],
          [
            -73.645783,
            42.333311
          ],
          [
            -73.645366,
            42.333998
          ],
          [
            -73.6452,
            42.335794
          ],
          [
            -73.642837,
            42.338399
          ],
          [
            -73.641403,
            42.338772
          ],
          [
            -73.638789,
            42.338472
          ],
          [
            -73.636461,
            42.339703
          ],
          [
            -73.633877,
            42.339877
          ],
          [
            -73.632241,
            42.339349
          ],
          [
            -73.631164,
            42.337761
          ],
          [
            -73.630263,
            42.337067
          ],
          [
            -73.623292,
            42.333948
          ],
          [
            -73.619382,
            42.330899
          ],
          [
            -73.61571,
            42.329287
          ]
        ],
        "type": "LineString"
      }
    },
    {
      "type": "Feature",
      "id": "d2-ghent-lodging-to-worlds-largest-kaleidoscope",
      "properties": {
        "feature_kind": "drive_leg",
        "route_id": "route-09",
        "day": 2,
        "date": "2026-10-05",
        "from": "ghent-lodging",
        "to": "worlds-largest-kaleidoscope",
        "distance_miles": 52,
        "baseline_minutes": 82,
        "map_color": "#A855F7"
      },
      "geometry": {
        "coordinates": [
          [
            -73.61571,
            42.329287
          ],
          [
            -73.623311,
            42.322127
          ],
          [
            -73.655366,
            42.302203
          ],
          [
            -73.663671,
            42.298074
          ],
          [
            -73.679278,
            42.29572
          ],
          [
            -73.697715,
            42.288357
          ],
          [
            -73.747828,
            42.257413
          ],
          [
            -73.771573,
            42.246373
          ],
          [
            -73.782331,
            42.247689
          ],
          [
            -73.790383,
            42.253605
          ],
          [
            -73.807173,
            42.241502
          ],
          [
            -73.822367,
            42.225059
          ],
          [
            -73.833174,
            42.219599
          ],
          [
            -73.857968,
            42.225403
          ],
          [
            -73.869676,
            42.231561
          ],
          [
            -73.874709,
            42.237103
          ],
          [
            -73.88561,
            42.238637
          ],
          [
            -73.887548,
            42.240287
          ],
          [
            -73.886033,
            42.245592
          ],
          [
            -73.882407,
            42.248756
          ],
          [
            -73.885213,
            42.25238
          ],
          [
            -73.884362,
            42.250344
          ],
          [
            -73.904597,
            42.233837
          ],
          [
            -73.913561,
            42.220481
          ],
          [
            -73.921676,
            42.19072
          ],
          [
            -73.946174,
            42.147459
          ],
          [
            -73.954712,
            42.127529
          ],
          [
            -73.959115,
            42.103862
          ],
          [
            -73.976133,
            42.083408
          ],
          [
            -73.992423,
            42.080195
          ],
          [
            -74.014604,
            42.083791
          ],
          [
            -74.023451,
            42.075998
          ],
          [
            -74.055339,
            42.0625
          ],
          [
            -74.068445,
            42.050411
          ],
          [
            -74.074599,
            42.053873
          ],
          [
            -74.082723,
            42.052866
          ],
          [
            -74.08766,
            42.055858
          ],
          [
            -74.113325,
            42.048914
          ],
          [
            -74.151513,
            42.051706
          ],
          [
            -74.155987,
            42.05396
          ],
          [
            -74.166466,
            42.066534
          ],
          [
            -74.181774,
            42.06622
          ],
          [
            -74.195647,
            42.069716
          ],
          [
            -74.199586,
            42.075038
          ],
          [
            -74.215329,
            42.078523
          ],
          [
            -74.219951,
            42.077209
          ],
          [
            -74.226605,
            42.06866
          ],
          [
            -74.236296,
            42.065364
          ],
          [
            -74.2475,
            42.065524
          ],
          [
            -74.261165,
            42.05523
          ],
          [
            -74.263239,
            42.051283
          ],
          [
            -74.277356,
            42.044834
          ],
          [
            -74.279339,
            42.039659
          ],
          [
            -74.288302,
            42.050175
          ]
        ],
        "type": "LineString"
      }
    },
    {
      "type": "Feature",
      "id": "d2-worlds-largest-kaleidoscope-to-hancock-lodging",
      "properties": {
        "feature_kind": "drive_leg",
        "route_id": "route-09",
        "day": 2,
        "date": "2026-10-05",
        "from": "worlds-largest-kaleidoscope",
        "to": "hancock-lodging",
        "distance_miles": 75.4,
        "baseline_minutes": 111,
        "map_color": "#A855F7"
      },
      "geometry": {
        "coordinates": [
          [
            -74.288302,
            42.050175
          ],
          [
            -74.3047,
            42.059538
          ],
          [
            -74.309085,
            42.079197
          ],
          [
            -74.330935,
            42.085368
          ],
          [
            -74.334302,
            42.093077
          ],
          [
            -74.361328,
            42.114011
          ],
          [
            -74.392639,
            42.119353
          ],
          [
            -74.424767,
            42.115348
          ],
          [
            -74.434029,
            42.103951
          ],
          [
            -74.44143,
            42.102149
          ],
          [
            -74.497524,
            42.149165
          ],
          [
            -74.573737,
            42.158457
          ],
          [
            -74.613577,
            42.147593
          ],
          [
            -74.647522,
            42.147168
          ],
          [
            -74.676124,
            42.121476
          ],
          [
            -74.693812,
            42.128563
          ],
          [
            -74.703111,
            42.124395
          ],
          [
            -74.712782,
            42.127897
          ],
          [
            -74.7294,
            42.120259
          ],
          [
            -74.770226,
            42.116106
          ],
          [
            -74.79721,
            42.098909
          ],
          [
            -74.800099,
            42.088926
          ],
          [
            -74.817694,
            42.08928
          ],
          [
            -74.821441,
            42.086218
          ],
          [
            -74.835293,
            42.090637
          ],
          [
            -74.83207,
            42.071253
          ],
          [
            -74.842388,
            42.074681
          ],
          [
            -74.870418,
            42.073522
          ],
          [
            -74.87989,
            42.084669
          ],
          [
            -74.885943,
            42.078818
          ],
          [
            -74.880175,
            42.067057
          ],
          [
            -74.891319,
            42.073864
          ],
          [
            -74.924662,
            42.07358
          ],
          [
            -74.933494,
            42.080921
          ],
          [
            -74.948978,
            42.075507
          ],
          [
            -74.946732,
            42.068841
          ],
          [
            -74.975389,
            42.070546
          ],
          [
            -74.995562,
            42.080929
          ],
          [
            -74.998056,
            42.074687
          ],
          [
            -75.009974,
            42.070247
          ],
          [
            -75.011516,
            42.056627
          ],
          [
            -75.025971,
            42.049622
          ],
          [
            -75.031808,
            42.038168
          ],
          [
            -75.04485,
            42.030143
          ],
          [
            -75.055748,
            42.031926
          ],
          [
            -75.067466,
            42.040276
          ],
          [
            -75.073593,
            42.039252
          ],
          [
            -75.063668,
            42.018777
          ],
          [
            -75.07,
            42.012131
          ],
          [
            -75.084132,
            42.014144
          ],
          [
            -75.095613,
            42.024582
          ],
          [
            -75.108931,
            42.019234
          ],
          [
            -75.120583,
            42.026094
          ],
          [
            -75.13717,
            42.008517
          ],
          [
            -75.131712,
            41.993214
          ],
          [
            -75.156927,
            41.998498
          ],
          [
            -75.164295,
            41.983731
          ],
          [
            -75.179575,
            41.969716
          ],
          [
            -75.198077,
            41.97601
          ],
          [
            -75.210539,
            41.9749
          ],
          [
            -75.229012,
            41.966804
          ],
          [
            -75.238885,
            41.956286
          ],
          [
            -75.257434,
            41.966475
          ],
          [
            -75.270134,
            41.954687
          ],
          [
            -75.280547,
            41.954199
          ]
        ],
        "type": "LineString"
      }
    },
    {
      "type": "Feature",
      "id": "d3-hancock-lodging-to-taber-museum",
      "properties": {
        "feature_kind": "drive_leg",
        "route_id": "route-09",
        "day": 3,
        "date": "2026-10-06",
        "from": "hancock-lodging",
        "to": "taber-museum",
        "distance_miles": 168.1,
        "baseline_minutes": 203,
        "map_color": "#A855F7"
      },
      "geometry": {
        "coordinates": [
          [
            -75.280547,
            41.954199
          ],
          [
            -75.31285,
            41.954512
          ],
          [
            -75.336942,
            41.972649
          ],
          [
            -75.34153,
            41.99512
          ],
          [
            -75.365016,
            42.00933
          ],
          [
            -75.395332,
            42.009598
          ],
          [
            -75.420434,
            42.055598
          ],
          [
            -75.458195,
            42.045254
          ],
          [
            -75.499163,
            42.050846
          ],
          [
            -75.530087,
            42.031484
          ],
          [
            -75.575232,
            42.070351
          ],
          [
            -75.613307,
            42.054503
          ],
          [
            -75.635036,
            42.070972
          ],
          [
            -75.675862,
            42.083693
          ],
          [
            -75.946179,
            42.119974
          ],
          [
            -75.997003,
            42.116078
          ],
          [
            -76.03625,
            42.093218
          ],
          [
            -76.135454,
            42.059519
          ],
          [
            -76.17118,
            42.09101
          ],
          [
            -76.208824,
            42.080423
          ],
          [
            -76.254338,
            42.101655
          ],
          [
            -76.307174,
            42.079461
          ],
          [
            -76.354871,
            42.024859
          ],
          [
            -76.442587,
            42.028308
          ],
          [
            -76.465267,
            42.008077
          ],
          [
            -76.548782,
            41.99981
          ],
          [
            -76.544363,
            41.975126
          ],
          [
            -76.523214,
            41.948775
          ],
          [
            -76.521774,
            41.897108
          ],
          [
            -76.50283,
            41.858694
          ],
          [
            -76.510351,
            41.825191
          ],
          [
            -76.494186,
            41.802051
          ],
          [
            -76.464905,
            41.791401
          ],
          [
            -76.44666,
            41.753934
          ],
          [
            -76.473854,
            41.714751
          ],
          [
            -76.433253,
            41.62899
          ],
          [
            -76.446807,
            41.611859
          ],
          [
            -76.4414,
            41.59546
          ],
          [
            -76.398996,
            41.536301
          ],
          [
            -76.40843,
            41.492451
          ],
          [
            -76.455793,
            41.439857
          ],
          [
            -76.489365,
            41.431311
          ],
          [
            -76.515102,
            41.378038
          ],
          [
            -76.552681,
            41.36146
          ],
          [
            -76.557258,
            41.344972
          ],
          [
            -76.585044,
            41.344147
          ],
          [
            -76.599927,
            41.312078
          ],
          [
            -76.624601,
            41.318007
          ],
          [
            -76.636296,
            41.308314
          ],
          [
            -76.649326,
            41.314711
          ],
          [
            -76.676218,
            41.309301
          ],
          [
            -76.696511,
            41.288427
          ],
          [
            -76.711403,
            41.287283
          ],
          [
            -76.720426,
            41.245249
          ],
          [
            -76.75802,
            41.250522
          ],
          [
            -76.808363,
            41.238202
          ],
          [
            -76.919416,
            41.264674
          ],
          [
            -76.94805,
            41.246175
          ],
          [
            -76.980355,
            41.24896
          ],
          [
            -77.019301,
            41.231616
          ],
          [
            -77.020195,
            41.240087
          ]
        ],
        "type": "LineString"
      }
    },
    {
      "type": "Feature",
      "id": "d3-taber-museum-to-williamsport-lodging",
      "properties": {
        "feature_kind": "drive_leg",
        "route_id": "route-09",
        "day": 3,
        "date": "2026-10-06",
        "from": "taber-museum",
        "to": "williamsport-lodging",
        "distance_miles": 1.2,
        "baseline_minutes": 3,
        "map_color": "#A855F7"
      },
      "geometry": {
        "coordinates": [
          [
            -77.020195,
            41.240087
          ],
          [
            -77.02017,
            41.239667
          ],
          [
            -77.017071,
            41.239773
          ],
          [
            -77.01698,
            41.237816
          ],
          [
            -77.010021,
            41.238047
          ],
          [
            -77.009499,
            41.238103
          ],
          [
            -77.00526,
            41.239058
          ],
          [
            -77.001015,
            41.24113
          ],
          [
            -77.001058,
            41.241181
          ]
        ],
        "type": "LineString"
      }
    },
    {
      "type": "Feature",
      "id": "d4-williamsport-lodging-to-scripture-rocks",
      "properties": {
        "feature_kind": "drive_leg",
        "route_id": "route-09",
        "day": 4,
        "date": "2026-10-07",
        "from": "williamsport-lodging",
        "to": "scripture-rocks",
        "distance_miles": 128.2,
        "baseline_minutes": 149,
        "map_color": "#A855F7"
      },
      "geometry": {
        "coordinates": [
          [
            -77.001058,
            41.241181
          ],
          [
            -77.060391,
            41.223794
          ],
          [
            -77.139592,
            41.232082
          ],
          [
            -77.188029,
            41.214256
          ],
          [
            -77.219509,
            41.219616
          ],
          [
            -77.281674,
            41.203913
          ],
          [
            -77.369984,
            41.141513
          ],
          [
            -77.43093,
            41.130103
          ],
          [
            -77.479825,
            41.108397
          ],
          [
            -77.480264,
            41.081989
          ],
          [
            -77.51838,
            41.032199
          ],
          [
            -77.582548,
            41.017436
          ],
          [
            -77.640524,
            40.96978
          ],
          [
            -77.726173,
            40.944466
          ],
          [
            -77.775554,
            40.957577
          ],
          [
            -77.797562,
            40.98198
          ],
          [
            -77.852641,
            40.99626
          ],
          [
            -77.911119,
            41.024915
          ],
          [
            -77.944991,
            41.02318
          ],
          [
            -78.044047,
            40.976513
          ],
          [
            -78.104942,
            40.962662
          ],
          [
            -78.158302,
            40.989418
          ],
          [
            -78.260162,
            40.993923
          ],
          [
            -78.287956,
            41.013439
          ],
          [
            -78.36689,
            41.023727
          ],
          [
            -78.382401,
            41.036537
          ],
          [
            -78.409393,
            41.039413
          ],
          [
            -78.436317,
            41.056747
          ],
          [
            -78.484314,
            41.068817
          ],
          [
            -78.56955,
            41.126987
          ],
          [
            -78.679939,
            41.122372
          ],
          [
            -78.826573,
            41.158889
          ],
          [
            -78.852118,
            41.149388
          ],
          [
            -78.927515,
            41.152555
          ],
          [
            -78.968961,
            41.138095
          ],
          [
            -78.992822,
            41.147818
          ],
          [
            -79.014138,
            41.170398
          ],
          [
            -79.061521,
            41.160694
          ],
          [
            -79.050197,
            41.158723
          ]
        ],
        "type": "LineString"
      }
    },
    {
      "type": "Feature",
      "id": "d4-scripture-rocks-to-brookville-lodging",
      "properties": {
        "feature_kind": "drive_leg",
        "route_id": "route-09",
        "day": 4,
        "date": "2026-10-07",
        "from": "scripture-rocks",
        "to": "brookville-lodging",
        "distance_miles": 1.7,
        "baseline_minutes": 5,
        "map_color": "#A855F7"
      },
      "geometry": {
        "coordinates": [
          [
            -79.050197,
            41.158723
          ],
          [
            -79.051694,
            41.15801
          ],
          [
            -79.053439,
            41.156725
          ],
          [
            -79.05666,
            41.158066
          ],
          [
            -79.058172,
            41.158546
          ],
          [
            -79.059589,
            41.159628
          ],
          [
            -79.061358,
            41.160239
          ],
          [
            -79.061521,
            41.160694
          ],
          [
            -79.0649,
            41.160992
          ],
          [
            -79.067144,
            41.161027
          ],
          [
            -79.070352,
            41.159953
          ],
          [
            -79.073021,
            41.159702
          ],
          [
            -79.073564,
            41.159747
          ],
          [
            -79.075996,
            41.160757
          ],
          [
            -79.076289,
            41.160736
          ],
          [
            -79.0774,
            41.160122
          ],
          [
            -79.079478,
            41.160401
          ]
        ],
        "type": "LineString"
      }
    },
    {
      "type": "Feature",
      "id": "d5-brookville-lodging-to-bayernhof",
      "properties": {
        "feature_kind": "drive_leg",
        "route_id": "route-09",
        "day": 5,
        "date": "2026-10-08",
        "from": "brookville-lodging",
        "to": "bayernhof",
        "distance_miles": 76.1,
        "baseline_minutes": 110,
        "map_color": "#A855F7"
      },
      "geometry": {
        "coordinates": [
          [
            -79.079478,
            41.160401
          ],
          [
            -79.113357,
            41.145899
          ],
          [
            -79.14155,
            41.147274
          ],
          [
            -79.148131,
            41.134936
          ],
          [
            -79.177743,
            41.129216
          ],
          [
            -79.21645,
            41.107517
          ],
          [
            -79.267104,
            41.023562
          ],
          [
            -79.283772,
            41.011193
          ],
          [
            -79.300725,
            41.016357
          ],
          [
            -79.34296,
            40.999095
          ],
          [
            -79.345413,
            40.977202
          ],
          [
            -79.364591,
            40.961404
          ],
          [
            -79.361641,
            40.924279
          ],
          [
            -79.372091,
            40.89513
          ],
          [
            -79.457041,
            40.852376
          ],
          [
            -79.49036,
            40.81734
          ],
          [
            -79.497581,
            40.79371
          ],
          [
            -79.551998,
            40.811229
          ],
          [
            -79.58498,
            40.782541
          ],
          [
            -79.651866,
            40.754773
          ],
          [
            -79.669432,
            40.724986
          ],
          [
            -79.709617,
            40.691512
          ],
          [
            -79.721277,
            40.640193
          ],
          [
            -79.760454,
            40.611288
          ],
          [
            -79.801932,
            40.559794
          ],
          [
            -79.83939,
            40.54201
          ],
          [
            -79.875411,
            40.491417
          ],
          [
            -79.926553,
            40.494537
          ],
          [
            -79.920086,
            40.50349
          ],
          [
            -79.916148,
            40.498495
          ]
        ],
        "type": "LineString"
      }
    },
    {
      "type": "Feature",
      "id": "d5-bayernhof-to-wheeling-lodging",
      "properties": {
        "feature_kind": "drive_leg",
        "route_id": "route-09",
        "day": 5,
        "date": "2026-10-08",
        "from": "bayernhof",
        "to": "wheeling-lodging",
        "distance_miles": 64.2,
        "baseline_minutes": 92,
        "map_color": "#A855F7"
      },
      "geometry": {
        "coordinates": [
          [
            -79.916148,
            40.498495
          ],
          [
            -79.920086,
            40.50349
          ],
          [
            -79.929575,
            40.495425
          ],
          [
            -79.950165,
            40.492204
          ],
          [
            -79.984353,
            40.459847
          ],
          [
            -80.008741,
            40.447801
          ],
          [
            -80.009774,
            40.439849
          ],
          [
            -80.02944,
            40.429174
          ],
          [
            -80.032354,
            40.420518
          ],
          [
            -80.048986,
            40.420613
          ],
          [
            -80.071144,
            40.410616
          ],
          [
            -80.078462,
            40.412807
          ],
          [
            -80.106475,
            40.398578
          ],
          [
            -80.097192,
            40.381001
          ],
          [
            -80.104938,
            40.373541
          ],
          [
            -80.118242,
            40.370226
          ],
          [
            -80.118538,
            40.347136
          ],
          [
            -80.134052,
            40.337157
          ],
          [
            -80.167649,
            40.299509
          ],
          [
            -80.169559,
            40.288437
          ],
          [
            -80.158712,
            40.27659
          ],
          [
            -80.161449,
            40.267575
          ],
          [
            -80.20335,
            40.243615
          ],
          [
            -80.21597,
            40.218262
          ],
          [
            -80.224942,
            40.211295
          ],
          [
            -80.24482,
            40.208104
          ],
          [
            -80.248283,
            40.189026
          ],
          [
            -80.265329,
            40.180292
          ],
          [
            -80.283961,
            40.15579
          ],
          [
            -80.307547,
            40.145995
          ],
          [
            -80.325194,
            40.131511
          ],
          [
            -80.354989,
            40.131216
          ],
          [
            -80.365812,
            40.124666
          ],
          [
            -80.400181,
            40.121098
          ],
          [
            -80.418765,
            40.113624
          ],
          [
            -80.436154,
            40.116832
          ],
          [
            -80.462771,
            40.113366
          ],
          [
            -80.479677,
            40.119163
          ],
          [
            -80.508006,
            40.098894
          ],
          [
            -80.536429,
            40.090641
          ],
          [
            -80.568274,
            40.067403
          ],
          [
            -80.591595,
            40.062988
          ],
          [
            -80.609216,
            40.042721
          ],
          [
            -80.640772,
            40.046548
          ],
          [
            -80.653403,
            40.044174
          ],
          [
            -80.676859,
            40.050602
          ],
          [
            -80.692913,
            40.048701
          ],
          [
            -80.702859,
            40.05422
          ],
          [
            -80.720407,
            40.051809
          ],
          [
            -80.720929,
            40.064047
          ]
        ],
        "type": "LineString"
      }
    },
    {
      "type": "Feature",
      "id": "d6-wheeling-lodging-to-alan-cottrill",
      "properties": {
        "feature_kind": "drive_leg",
        "route_id": "route-09",
        "day": 6,
        "date": "2026-10-09",
        "from": "wheeling-lodging",
        "to": "alan-cottrill",
        "distance_miles": 73.1,
        "baseline_minutes": 82,
        "map_color": "#A855F7"
      },
      "geometry": {
        "coordinates": [
          [
            -80.720929,
            40.064047
          ],
          [
            -80.723479,
            40.072482
          ],
          [
            -80.7486,
            40.071721
          ],
          [
            -80.772724,
            40.064196
          ],
          [
            -80.813606,
            40.063773
          ],
          [
            -80.86622,
            40.072605
          ],
          [
            -80.897052,
            40.06783
          ],
          [
            -80.937327,
            40.078112
          ],
          [
            -80.961549,
            40.077055
          ],
          [
            -80.981979,
            40.065539
          ],
          [
            -81.03661,
            40.064929
          ],
          [
            -81.066861,
            40.056458
          ],
          [
            -81.099435,
            40.060507
          ],
          [
            -81.113556,
            40.056893
          ],
          [
            -81.209857,
            40.059524
          ],
          [
            -81.228125,
            40.055321
          ],
          [
            -81.305579,
            40.059635
          ],
          [
            -81.332956,
            40.050645
          ],
          [
            -81.457876,
            40.030875
          ],
          [
            -81.498025,
            40.003648
          ],
          [
            -81.533985,
            40.004593
          ],
          [
            -81.567167,
            39.99696
          ],
          [
            -81.607531,
            40.009345
          ],
          [
            -81.647829,
            40.008126
          ],
          [
            -81.660473,
            40.004789
          ],
          [
            -81.672414,
            39.991733
          ],
          [
            -81.686232,
            39.984782
          ],
          [
            -81.779503,
            39.978146
          ],
          [
            -81.802857,
            39.971623
          ],
          [
            -81.842949,
            39.976629
          ],
          [
            -81.902477,
            39.967156
          ],
          [
            -81.955932,
            39.950238
          ],
          [
            -82.003625,
            39.944981
          ],
          [
            -82.005112,
            39.93785
          ]
        ],
        "type": "LineString"
      }
    },
    {
      "type": "Feature",
      "id": "d6-alan-cottrill-to-y-bridge",
      "properties": {
        "feature_kind": "drive_leg",
        "route_id": "route-09",
        "day": 6,
        "date": "2026-10-09",
        "from": "alan-cottrill",
        "to": "y-bridge",
        "distance_miles": 0.7,
        "baseline_minutes": 2,
        "map_color": "#A855F7"
      },
      "geometry": {
        "coordinates": [
          [
            -82.005112,
            39.93785
          ],
          [
            -82.005372,
            39.937867
          ],
          [
            -82.00522,
            39.940041
          ],
          [
            -82.014313,
            39.940438
          ],
          [
            -82.014446,
            39.940864
          ]
        ],
        "type": "LineString"
      }
    },
    {
      "type": "Feature",
      "id": "d6-y-bridge-to-otherworld",
      "properties": {
        "feature_kind": "drive_leg",
        "route_id": "route-09",
        "day": 6,
        "date": "2026-10-09",
        "from": "y-bridge",
        "to": "otherworld",
        "distance_miles": 45.8,
        "baseline_minutes": 54,
        "map_color": "#A855F7"
      },
      "geometry": {
        "coordinates": [
          [
            -82.014446,
            39.940864
          ],
          [
            -82.01815,
            39.948301
          ],
          [
            -82.025936,
            39.949401
          ],
          [
            -82.057344,
            39.949877
          ],
          [
            -82.087653,
            39.944635
          ],
          [
            -82.190771,
            39.953503
          ],
          [
            -82.216333,
            39.949076
          ],
          [
            -82.252267,
            39.936058
          ],
          [
            -82.456602,
            39.946911
          ],
          [
            -82.524631,
            39.941996
          ],
          [
            -82.741541,
            39.951883
          ],
          [
            -82.768827,
            39.939051
          ],
          [
            -82.797803,
            39.931704
          ],
          [
            -82.83073,
            39.934032
          ],
          [
            -82.830943,
            39.924753
          ],
          [
            -82.835826,
            39.922251
          ]
        ],
        "type": "LineString"
      }
    },
    {
      "type": "Feature",
      "id": "d6-otherworld-to-polaris-lodging",
      "properties": {
        "feature_kind": "drive_leg",
        "route_id": "route-09",
        "day": 6,
        "date": "2026-10-09",
        "from": "otherworld",
        "to": "polaris-lodging",
        "distance_miles": 22,
        "baseline_minutes": 32,
        "map_color": "#A855F7"
      },
      "geometry": {
        "coordinates": [
          [
            -82.835826,
            39.922251
          ],
          [
            -82.835195,
            39.924507
          ],
          [
            -82.830886,
            39.924649
          ],
          [
            -82.830553,
            39.934025
          ],
          [
            -82.845939,
            39.933903
          ],
          [
            -82.849299,
            39.935544
          ],
          [
            -82.842666,
            39.963332
          ],
          [
            -82.845144,
            39.970212
          ],
          [
            -82.856181,
            39.983745
          ],
          [
            -82.857378,
            39.999227
          ],
          [
            -82.862123,
            40.003016
          ],
          [
            -82.876285,
            40.007358
          ],
          [
            -82.896983,
            40.009257
          ],
          [
            -82.903615,
            40.015934
          ],
          [
            -82.902021,
            40.050746
          ],
          [
            -82.907459,
            40.070343
          ],
          [
            -82.908426,
            40.092752
          ],
          [
            -82.917693,
            40.099198
          ],
          [
            -82.9737,
            40.110735
          ],
          [
            -82.975228,
            40.113311
          ],
          [
            -82.969406,
            40.142285
          ],
          [
            -82.984016,
            40.142001
          ]
        ],
        "type": "LineString"
      }
    },
    {
      "type": "Feature",
      "id": "d7-polaris-lodging-to-butler-institute",
      "properties": {
        "feature_kind": "drive_leg",
        "route_id": "route-09",
        "day": 7,
        "date": "2026-10-10",
        "from": "polaris-lodging",
        "to": "butler-institute",
        "distance_miles": 159.9,
        "baseline_minutes": 183,
        "map_color": "#A855F7"
      },
      "geometry": {
        "coordinates": [
          [
            -82.984016,
            40.142001
          ],
          [
            -82.969422,
            40.142119
          ],
          [
            -82.965898,
            40.163372
          ],
          [
            -82.931982,
            40.203101
          ],
          [
            -82.920673,
            40.305465
          ],
          [
            -82.82722,
            40.375985
          ],
          [
            -82.810484,
            40.435642
          ],
          [
            -82.603237,
            40.579213
          ],
          [
            -82.552706,
            40.636023
          ],
          [
            -82.523514,
            40.68566
          ],
          [
            -82.401651,
            40.793584
          ],
          [
            -82.275201,
            40.844509
          ],
          [
            -82.140274,
            40.911819
          ],
          [
            -82.070513,
            40.953347
          ],
          [
            -82.023977,
            40.993467
          ],
          [
            -81.971243,
            40.999521
          ],
          [
            -81.88931,
            41.030369
          ],
          [
            -81.76809,
            41.031415
          ],
          [
            -81.73057,
            41.046508
          ],
          [
            -81.566369,
            41.033782
          ],
          [
            -81.566331,
            41.059656
          ],
          [
            -81.427992,
            41.066285
          ],
          [
            -81.366175,
            41.106447
          ],
          [
            -81.232939,
            41.110185
          ],
          [
            -80.976939,
            41.100143
          ],
          [
            -80.817176,
            41.11141
          ],
          [
            -80.740405,
            41.127078
          ],
          [
            -80.695217,
            41.118447
          ],
          [
            -80.678184,
            41.103465
          ],
          [
            -80.665374,
            41.111132
          ],
          [
            -80.645711,
            41.104739
          ]
        ],
        "type": "LineString"
      }
    },
    {
      "type": "Feature",
      "id": "d7-butler-institute-to-west-middlesex-lodging",
      "properties": {
        "feature_kind": "drive_leg",
        "route_id": "route-09",
        "day": 7,
        "date": "2026-10-10",
        "from": "butler-institute",
        "to": "west-middlesex-lodging",
        "distance_miles": 18.5,
        "baseline_minutes": 25,
        "map_color": "#A855F7"
      },
      "geometry": {
        "coordinates": [
          [
            -80.645711,
            41.104739
          ],
          [
            -80.647088,
            41.102952
          ],
          [
            -80.655467,
            41.106564
          ],
          [
            -80.660427,
            41.106908
          ],
          [
            -80.675251,
            41.121444
          ],
          [
            -80.6739,
            41.128348
          ],
          [
            -80.679708,
            41.138431
          ],
          [
            -80.679893,
            41.140853
          ],
          [
            -80.672826,
            41.149777
          ],
          [
            -80.660706,
            41.157493
          ],
          [
            -80.644684,
            41.159797
          ],
          [
            -80.622196,
            41.158775
          ],
          [
            -80.596554,
            41.16862
          ],
          [
            -80.574858,
            41.175006
          ],
          [
            -80.565158,
            41.176362
          ],
          [
            -80.536453,
            41.177017
          ],
          [
            -80.531689,
            41.178456
          ],
          [
            -80.522311,
            41.183635
          ],
          [
            -80.517341,
            41.184916
          ],
          [
            -80.510283,
            41.184621
          ],
          [
            -80.496062,
            41.180653
          ],
          [
            -80.478799,
            41.180887
          ],
          [
            -80.4635,
            41.184303
          ],
          [
            -80.443164,
            41.184621
          ],
          [
            -80.440779,
            41.183831
          ],
          [
            -80.442127,
            41.183347
          ],
          [
            -80.44709,
            41.186701
          ],
          [
            -80.457313,
            41.187811
          ],
          [
            -80.457574,
            41.186456
          ],
          [
            -80.455759,
            41.185487
          ]
        ],
        "type": "LineString"
      }
    },
    {
      "type": "Feature",
      "id": "d8-west-middlesex-lodging-to-st-nicholas-dubois",
      "properties": {
        "feature_kind": "drive_leg",
        "route_id": "route-09",
        "day": 8,
        "date": "2026-10-11",
        "from": "west-middlesex-lodging",
        "to": "st-nicholas-dubois",
        "distance_miles": 96.7,
        "baseline_minutes": 107,
        "map_color": "#A855F7"
      },
      "geometry": {
        "coordinates": [
          [
            -80.455759,
            41.185487
          ],
          [
            -80.313209,
            41.180406
          ],
          [
            -80.231208,
            41.194226
          ],
          [
            -79.924376,
            41.204244
          ],
          [
            -79.868526,
            41.189603
          ],
          [
            -79.81628,
            41.196256
          ],
          [
            -79.749795,
            41.174733
          ],
          [
            -79.704945,
            41.169427
          ],
          [
            -79.631279,
            41.197789
          ],
          [
            -79.604538,
            41.18705
          ],
          [
            -79.576935,
            41.194882
          ],
          [
            -79.525002,
            41.181906
          ],
          [
            -79.489136,
            41.199987
          ],
          [
            -79.439057,
            41.195666
          ],
          [
            -79.37426,
            41.177659
          ],
          [
            -79.304329,
            41.179365
          ],
          [
            -79.285549,
            41.172549
          ],
          [
            -79.215599,
            41.190084
          ],
          [
            -79.076953,
            41.167984
          ],
          [
            -79.014383,
            41.170103
          ],
          [
            -78.995826,
            41.147298
          ],
          [
            -78.969708,
            41.135997
          ],
          [
            -78.927766,
            41.152047
          ],
          [
            -78.851792,
            41.148917
          ],
          [
            -78.823114,
            41.157644
          ],
          [
            -78.762555,
            41.128972
          ],
          [
            -78.770759,
            41.118906
          ]
        ],
        "type": "LineString"
      }
    },
    {
      "type": "Feature",
      "id": "d8-st-nicholas-dubois-to-bellefonte-lodging",
      "properties": {
        "feature_kind": "drive_leg",
        "route_id": "route-09",
        "day": 8,
        "date": "2026-10-11",
        "from": "st-nicholas-dubois",
        "to": "bellefonte-lodging",
        "distance_miles": 64.6,
        "baseline_minutes": 78,
        "map_color": "#A855F7"
      },
      "geometry": {
        "coordinates": [
          [
            -78.770759,
            41.118906
          ],
          [
            -78.764179,
            41.117217
          ],
          [
            -78.755052,
            41.12714
          ],
          [
            -78.726582,
            41.122416
          ],
          [
            -78.711255,
            41.130015
          ],
          [
            -78.68084,
            41.122089
          ],
          [
            -78.633347,
            41.1199
          ],
          [
            -78.568642,
            41.12463
          ],
          [
            -78.549706,
            41.118656
          ],
          [
            -78.484245,
            41.06834
          ],
          [
            -78.471115,
            41.067715
          ],
          [
            -78.436752,
            41.05608
          ],
          [
            -78.410988,
            41.039036
          ],
          [
            -78.382965,
            41.036449
          ],
          [
            -78.367355,
            41.02343
          ],
          [
            -78.349297,
            41.022392
          ],
          [
            -78.325447,
            41.014076
          ],
          [
            -78.287766,
            41.012833
          ],
          [
            -78.259865,
            40.993423
          ],
          [
            -78.223885,
            40.996166
          ],
          [
            -78.189925,
            40.985795
          ],
          [
            -78.153839,
            40.986595
          ],
          [
            -78.127579,
            40.978863
          ],
          [
            -78.104912,
            40.961391
          ],
          [
            -78.043238,
            40.975359
          ],
          [
            -78.029756,
            40.98772
          ],
          [
            -77.965771,
            41.008268
          ],
          [
            -77.944255,
            41.022672
          ],
          [
            -77.908952,
            41.023835
          ],
          [
            -77.880279,
            41.013671
          ],
          [
            -77.85411,
            40.996012
          ],
          [
            -77.798523,
            40.980574
          ],
          [
            -77.775929,
            40.955393
          ],
          [
            -77.793332,
            40.947514
          ],
          [
            -77.785432,
            40.941684
          ],
          [
            -77.778368,
            40.913359
          ],
          [
            -77.773715,
            40.913401
          ]
        ],
        "type": "LineString"
      }
    },
    {
      "type": "Feature",
      "id": "d9-bellefonte-lodging-to-columcille",
      "properties": {
        "feature_kind": "drive_leg",
        "route_id": "route-09",
        "day": 9,
        "date": "2026-10-12",
        "from": "bellefonte-lodging",
        "to": "columcille",
        "distance_miles": 155.8,
        "baseline_minutes": 184,
        "map_color": "#A855F7"
      },
      "geometry": {
        "coordinates": [
          [
            -77.773715,
            40.913401
          ],
          [
            -77.739385,
            40.91541
          ],
          [
            -77.725544,
            40.94367
          ],
          [
            -77.639329,
            40.969305
          ],
          [
            -77.582015,
            41.016997
          ],
          [
            -77.462457,
            41.041256
          ],
          [
            -77.410352,
            41.068705
          ],
          [
            -77.328122,
            41.046798
          ],
          [
            -77.218211,
            41.063419
          ],
          [
            -77.206582,
            41.053532
          ],
          [
            -77.150665,
            41.050268
          ],
          [
            -77.136756,
            41.040103
          ],
          [
            -77.032448,
            41.073814
          ],
          [
            -76.935794,
            41.076843
          ],
          [
            -76.881035,
            41.05306
          ],
          [
            -76.816676,
            41.04342
          ],
          [
            -76.784166,
            41.012657
          ],
          [
            -76.717971,
            40.985728
          ],
          [
            -76.501541,
            41.009212
          ],
          [
            -76.464454,
            41.022706
          ],
          [
            -76.409332,
            41.024581
          ],
          [
            -76.358784,
            41.03883
          ],
          [
            -76.294814,
            41.010519
          ],
          [
            -76.243107,
            41.008615
          ],
          [
            -76.175135,
            41.019177
          ],
          [
            -76.158971,
            41.003523
          ],
          [
            -75.996897,
            41.050525
          ],
          [
            -75.939484,
            41.058406
          ],
          [
            -75.722715,
            41.055728
          ],
          [
            -75.662725,
            41.079425
          ],
          [
            -75.626179,
            41.083172
          ],
          [
            -75.417325,
            41.071661
          ],
          [
            -75.330766,
            41.060732
          ],
          [
            -75.317207,
            41.052573
          ],
          [
            -75.297088,
            41.011322
          ],
          [
            -75.236241,
            40.986957
          ],
          [
            -75.191016,
            40.981133
          ],
          [
            -75.199825,
            40.9399
          ],
          [
            -75.191681,
            40.93807
          ],
          [
            -75.2025,
            40.927224
          ]
        ],
        "type": "LineString"
      }
    },
    {
      "type": "Feature",
      "id": "d9-columcille-to-tannersville-lodging",
      "properties": {
        "feature_kind": "drive_leg",
        "route_id": "route-09",
        "day": 9,
        "date": "2026-10-12",
        "from": "columcille",
        "to": "tannersville-lodging",
        "distance_miles": 13.5,
        "baseline_minutes": 25,
        "map_color": "#A855F7"
      },
      "geometry": {
        "coordinates": [
          [
            -75.2025,
            40.927224
          ],
          [
            -75.203601,
            40.930469
          ],
          [
            -75.195085,
            40.936775
          ],
          [
            -75.191681,
            40.93807
          ],
          [
            -75.199825,
            40.9399
          ],
          [
            -75.19733,
            40.943393
          ],
          [
            -75.198844,
            40.947648
          ],
          [
            -75.196725,
            40.950055
          ],
          [
            -75.197866,
            40.958738
          ],
          [
            -75.195251,
            40.964378
          ],
          [
            -75.191094,
            40.967443
          ],
          [
            -75.192698,
            40.974235
          ],
          [
            -75.187634,
            40.978602
          ],
          [
            -75.190318,
            40.984634
          ],
          [
            -75.195225,
            40.979663
          ],
          [
            -75.199523,
            40.978846
          ],
          [
            -75.212004,
            40.981654
          ],
          [
            -75.217705,
            40.984857
          ],
          [
            -75.23558,
            40.987006
          ],
          [
            -75.268581,
            40.997812
          ],
          [
            -75.268925,
            41.000066
          ],
          [
            -75.282736,
            41.006179
          ],
          [
            -75.294301,
            41.014495
          ],
          [
            -75.301299,
            41.031297
          ],
          [
            -75.30002,
            41.031777
          ],
          [
            -75.301123,
            41.035285
          ],
          [
            -75.296932,
            41.037019
          ],
          [
            -75.298513,
            41.038982
          ]
        ],
        "type": "LineString"
      }
    },
    {
      "type": "Feature",
      "id": "d10-tannersville-lodging-to-tarrywile",
      "properties": {
        "feature_kind": "drive_leg",
        "route_id": "route-09",
        "day": 10,
        "date": "2026-10-13",
        "from": "tannersville-lodging",
        "to": "tarrywile",
        "distance_miles": 136.3,
        "baseline_minutes": 183,
        "map_color": "#A855F7"
      },
      "geometry": {
        "coordinates": [
          [
            -75.298513,
            41.038982
          ],
          [
            -75.302767,
            41.034761
          ],
          [
            -75.325696,
            41.072645
          ],
          [
            -75.325608,
            41.093069
          ],
          [
            -75.359845,
            41.126391
          ],
          [
            -75.356389,
            41.19086
          ],
          [
            -75.365508,
            41.232275
          ],
          [
            -75.306578,
            41.322722
          ],
          [
            -75.31384,
            41.340326
          ],
          [
            -75.210951,
            41.360581
          ],
          [
            -75.132759,
            41.36747
          ],
          [
            -75.091369,
            41.356186
          ],
          [
            -75.046133,
            41.357501
          ],
          [
            -74.995249,
            41.345832
          ],
          [
            -74.950158,
            41.349927
          ],
          [
            -74.852606,
            41.33232
          ],
          [
            -74.79068,
            41.345768
          ],
          [
            -74.775232,
            41.340274
          ],
          [
            -74.703629,
            41.359341
          ],
          [
            -74.675841,
            41.35382
          ],
          [
            -74.638235,
            41.373326
          ],
          [
            -74.611693,
            41.374
          ],
          [
            -74.503354,
            41.406294
          ],
          [
            -74.431919,
            41.41157
          ],
          [
            -74.397967,
            41.424028
          ],
          [
            -74.341321,
            41.464057
          ],
          [
            -74.192343,
            41.516727
          ],
          [
            -74.134755,
            41.512092
          ],
          [
            -74.101334,
            41.522461
          ],
          [
            -74.050466,
            41.513416
          ],
          [
            -74.011378,
            41.520882
          ],
          [
            -73.97184,
            41.518056
          ],
          [
            -73.946978,
            41.529783
          ],
          [
            -73.862365,
            41.524307
          ],
          [
            -73.737645,
            41.54837
          ],
          [
            -73.714863,
            41.543893
          ],
          [
            -73.655387,
            41.483161
          ],
          [
            -73.629652,
            41.427773
          ],
          [
            -73.597689,
            41.390207
          ],
          [
            -73.577559,
            41.382835
          ],
          [
            -73.528861,
            41.392711
          ],
          [
            -73.48422,
            41.38348
          ],
          [
            -73.462171,
            41.393123
          ],
          [
            -73.448761,
            41.378154
          ]
        ],
        "type": "LineString"
      }
    },
    {
      "type": "Feature",
      "id": "d10-tarrywile-to-danbury-lodging",
      "properties": {
        "feature_kind": "drive_leg",
        "route_id": "route-09",
        "day": 10,
        "date": "2026-10-13",
        "from": "tarrywile",
        "to": "danbury-lodging",
        "distance_miles": 1.6,
        "baseline_minutes": 7,
        "map_color": "#A855F7"
      },
      "geometry": {
        "coordinates": [
          [
            -73.448761,
            41.378154
          ],
          [
            -73.449326,
            41.378305
          ],
          [
            -73.450203,
            41.378072
          ],
          [
            -73.451267,
            41.378181
          ],
          [
            -73.450881,
            41.378941
          ],
          [
            -73.450718,
            41.379708
          ],
          [
            -73.448724,
            41.380422
          ],
          [
            -73.447505,
            41.380641
          ],
          [
            -73.448338,
            41.38285
          ],
          [
            -73.449251,
            41.384569
          ],
          [
            -73.45138,
            41.387982
          ],
          [
            -73.454634,
            41.392396
          ],
          [
            -73.453167,
            41.392854
          ],
          [
            -73.454843,
            41.394584
          ],
          [
            -73.454162,
            41.394965
          ]
        ],
        "type": "LineString"
      }
    },
    {
      "type": "Feature",
      "id": "d11-danbury-lodging-to-boston-logan-return",
      "properties": {
        "feature_kind": "drive_leg",
        "route_id": "route-09",
        "day": 11,
        "date": "2026-10-14",
        "from": "danbury-lodging",
        "to": "boston-logan-return",
        "distance_miles": 159.9,
        "baseline_minutes": 199,
        "map_color": "#A855F7"
      },
      "geometry": {
        "coordinates": [
          [
            -73.454162,
            41.394965
          ],
          [
            -73.374742,
            41.424806
          ],
          [
            -73.314981,
            41.429154
          ],
          [
            -73.266881,
            41.414283
          ],
          [
            -73.247039,
            41.433901
          ],
          [
            -73.24781,
            41.450627
          ],
          [
            -73.213033,
            41.475636
          ],
          [
            -73.092267,
            41.522329
          ],
          [
            -73.067481,
            41.548034
          ],
          [
            -73.032767,
            41.551416
          ],
          [
            -73.004141,
            41.537966
          ],
          [
            -72.944699,
            41.542718
          ],
          [
            -72.899968,
            41.580202
          ],
          [
            -72.894352,
            41.617775
          ],
          [
            -72.844024,
            41.668812
          ],
          [
            -72.82161,
            41.670111
          ],
          [
            -72.791134,
            41.72213
          ],
          [
            -72.757863,
            41.727479
          ],
          [
            -72.732649,
            41.748849
          ],
          [
            -72.704745,
            41.749947
          ],
          [
            -72.680507,
            41.770944
          ],
          [
            -72.633961,
            41.763195
          ],
          [
            -72.577718,
            41.7743
          ],
          [
            -72.552615,
            41.801379
          ],
          [
            -72.469261,
            41.830939
          ],
          [
            -72.429894,
            41.854297
          ],
          [
            -72.374059,
            41.857029
          ],
          [
            -72.205035,
            41.948201
          ],
          [
            -72.062321,
            42.128856
          ],
          [
            -71.756836,
            42.220728
          ],
          [
            -71.618119,
            42.229365
          ],
          [
            -71.557662,
            42.269541
          ],
          [
            -71.411977,
            42.315412
          ],
          [
            -71.368027,
            42.311283
          ],
          [
            -71.315058,
            42.334425
          ],
          [
            -71.178254,
            42.357713
          ],
          [
            -71.037544,
            42.346671
          ],
          [
            -71.025581,
            42.358706
          ],
          [
            -71.029421,
            42.367769
          ]
        ],
        "type": "LineString"
      }
    },
    {
      "type": "Feature",
      "id": "d11-boston-logan-return-to-boston-logan-hotel",
      "properties": {
        "feature_kind": "drive_leg",
        "route_id": "route-09",
        "day": 11,
        "date": "2026-10-14",
        "from": "boston-logan-return",
        "to": "boston-logan-hotel",
        "distance_miles": 1.1,
        "baseline_minutes": 4,
        "map_color": "#A855F7"
      },
      "geometry": {
        "coordinates": [
          [
            -71.029421,
            42.367769
          ],
          [
            -71.02961,
            42.367518
          ],
          [
            -71.029577,
            42.367362
          ],
          [
            -71.028114,
            42.366661
          ],
          [
            -71.027786,
            42.36704
          ],
          [
            -71.028379,
            42.367289
          ],
          [
            -71.028631,
            42.367466
          ],
          [
            -71.028806,
            42.367745
          ],
          [
            -71.028808,
            42.36805
          ],
          [
            -71.028033,
            42.36905
          ],
          [
            -71.027852,
            42.369108
          ],
          [
            -71.027461,
            42.369514
          ],
          [
            -71.027084,
            42.369576
          ],
          [
            -71.026842,
            42.369478
          ],
          [
            -71.026673,
            42.369235
          ],
          [
            -71.026546,
            42.368312
          ],
          [
            -71.026381,
            42.367878
          ],
          [
            -71.026085,
            42.367474
          ],
          [
            -71.025727,
            42.36717
          ],
          [
            -71.024299,
            42.366404
          ],
          [
            -71.022319,
            42.365889
          ],
          [
            -71.019883,
            42.364853
          ],
          [
            -71.01937,
            42.364782
          ],
          [
            -71.018851,
            42.364889
          ],
          [
            -71.018546,
            42.365109
          ],
          [
            -71.017961,
            42.365836
          ],
          [
            -71.0171,
            42.366204
          ],
          [
            -71.017001,
            42.366367
          ],
          [
            -71.016767,
            42.366379
          ]
        ],
        "type": "LineString"
      }
    },
    {
      "type": "Feature",
      "id": "replacement-d1-naumkeag",
      "properties": {
        "feature_kind": "replacement_drive_variant",
        "route_id": "route-09",
        "day": 1,
        "replacement_place_id": "naumkeag-pumpkin",
        "replaces_place_ids": [
          "art-omi"
        ],
        "baseline_total_miles": 154.5,
        "baseline_total_minutes": 198,
        "delta_minutes": -10,
        "cap_status": "passes-baseline-cap",
        "map_color": "#A855F7"
      },
      "geometry": {
        "type": "MultiLineString",
        "coordinates": [
          [
            [
              -71.029421,
              42.367769
            ],
            [
              -71.037429,
              42.346811
            ],
            [
              -71.177949,
              42.35787
            ],
            [
              -71.315031,
              42.33461
            ],
            [
              -71.367832,
              42.311489
            ],
            [
              -71.412023,
              42.315539
            ],
            [
              -71.557712,
              42.269721
            ],
            [
              -71.618632,
              42.229395
            ],
            [
              -71.755983,
              42.2211
            ],
            [
              -72.062255,
              42.12963
            ],
            [
              -72.125402,
              42.135233
            ],
            [
              -72.214144,
              42.182527
            ],
            [
              -72.282382,
              42.164903
            ],
            [
              -72.318532,
              42.17708
            ],
            [
              -72.381481,
              42.153908
            ],
            [
              -72.446282,
              42.17045
            ],
            [
              -72.538734,
              42.16158
            ],
            [
              -72.586113,
              42.169804
            ],
            [
              -72.617477,
              42.154839
            ],
            [
              -72.710155,
              42.139993
            ],
            [
              -72.759029,
              42.154856
            ],
            [
              -72.907803,
              42.17298
            ],
            [
              -72.993536,
              42.236973
            ],
            [
              -73.043933,
              42.23304
            ],
            [
              -73.110157,
              42.248037
            ],
            [
              -73.157912,
              42.289345
            ],
            [
              -73.191841,
              42.300086
            ],
            [
              -73.2346,
              42.300019
            ],
            [
              -73.256205,
              42.2789
            ],
            [
              -73.292878,
              42.276335
            ],
            [
              -73.315927,
              42.289723
            ]
          ],
          [
            [
              -73.315927,
              42.289723
            ],
            [
              -73.31088,
              42.284651
            ],
            [
              -73.312376,
              42.282358
            ],
            [
              -73.320016,
              42.283997
            ],
            [
              -73.322,
              42.292741
            ],
            [
              -73.338297,
              42.301795
            ],
            [
              -73.35119,
              42.306562
            ],
            [
              -73.356379,
              42.312227
            ],
            [
              -73.358811,
              42.322817
            ],
            [
              -73.367354,
              42.334743
            ],
            [
              -73.370442,
              42.336997
            ],
            [
              -73.374915,
              42.337439
            ],
            [
              -73.382045,
              42.33649
            ],
            [
              -73.393513,
              42.337578
            ],
            [
              -73.412618,
              42.350148
            ],
            [
              -73.415502,
              42.34969
            ],
            [
              -73.414043,
              42.345398
            ],
            [
              -73.419677,
              42.337125
            ],
            [
              -73.432581,
              42.333947
            ],
            [
              -73.439802,
              42.330684
            ],
            [
              -73.459225,
              42.328352
            ],
            [
              -73.472089,
              42.315767
            ],
            [
              -73.473196,
              42.312393
            ],
            [
              -73.486726,
              42.318663
            ],
            [
              -73.492141,
              42.320059
            ],
            [
              -73.502805,
              42.318465
            ],
            [
              -73.510711,
              42.319789
            ],
            [
              -73.52696,
              42.319643
            ],
            [
              -73.542398,
              42.3212
            ],
            [
              -73.546544,
              42.323679
            ],
            [
              -73.557312,
              42.336887
            ],
            [
              -73.570714,
              42.349328
            ],
            [
              -73.578369,
              42.345749
            ],
            [
              -73.58688,
              42.34492
            ],
            [
              -73.595321,
              42.341626
            ],
            [
              -73.601289,
              42.337825
            ],
            [
              -73.603507,
              42.335128
            ],
            [
              -73.606077,
              42.334884
            ],
            [
              -73.61571,
              42.329287
            ]
          ]
        ]
      }
    },
    {
      "type": "Feature",
      "id": "replacement-d2-opus-40",
      "properties": {
        "feature_kind": "replacement_drive_variant",
        "route_id": "route-09",
        "day": 2,
        "replacement_place_id": "opus-40",
        "replaces_place_ids": [
          "worlds-largest-kaleidoscope"
        ],
        "baseline_total_miles": 135.9,
        "baseline_total_minutes": 194,
        "delta_minutes": 1,
        "cap_status": "passes-baseline-cap",
        "map_color": "#A855F7"
      },
      "geometry": {
        "type": "MultiLineString",
        "coordinates": [
          [
            [
              -73.61571,
              42.329287
            ],
            [
              -73.623311,
              42.322127
            ],
            [
              -73.655366,
              42.302203
            ],
            [
              -73.663671,
              42.298074
            ],
            [
              -73.679278,
              42.29572
            ],
            [
              -73.697715,
              42.288357
            ],
            [
              -73.747828,
              42.257413
            ],
            [
              -73.771573,
              42.246373
            ],
            [
              -73.782331,
              42.247689
            ],
            [
              -73.790383,
              42.253605
            ],
            [
              -73.807173,
              42.241502
            ],
            [
              -73.822367,
              42.225059
            ],
            [
              -73.833174,
              42.219599
            ],
            [
              -73.857968,
              42.225403
            ],
            [
              -73.869676,
              42.231561
            ],
            [
              -73.874709,
              42.237103
            ],
            [
              -73.88561,
              42.238637
            ],
            [
              -73.887548,
              42.240287
            ],
            [
              -73.886033,
              42.245592
            ],
            [
              -73.882407,
              42.248756
            ],
            [
              -73.885213,
              42.25238
            ],
            [
              -73.884362,
              42.250344
            ],
            [
              -73.904597,
              42.233837
            ],
            [
              -73.913561,
              42.220481
            ],
            [
              -73.921676,
              42.19072
            ],
            [
              -73.946174,
              42.147459
            ],
            [
              -73.954712,
              42.127529
            ],
            [
              -73.960582,
              42.101381
            ],
            [
              -73.976133,
              42.083408
            ],
            [
              -73.992359,
              42.080195
            ],
            [
              -74.015432,
              42.083393
            ],
            [
              -74.023847,
              42.075805
            ],
            [
              -74.026962,
              42.05222
            ],
            [
              -74.032574,
              42.053633
            ],
            [
              -74.032998,
              42.051593
            ]
          ],
          [
            [
              -74.032998,
              42.051593
            ],
            [
              -74.026962,
              42.05222
            ],
            [
              -74.027961,
              42.045735
            ],
            [
              -74.015737,
              42.046471
            ],
            [
              -73.97758,
              42.034872
            ],
            [
              -73.970681,
              42.03803
            ],
            [
              -73.990729,
              41.975044
            ],
            [
              -74.019341,
              41.974107
            ],
            [
              -74.028031,
              41.954427
            ],
            [
              -74.064715,
              41.926903
            ],
            [
              -74.076696,
              41.909503
            ],
            [
              -74.092076,
              41.903456
            ],
            [
              -74.143302,
              41.848348
            ],
            [
              -74.167638,
              41.830159
            ],
            [
              -74.187984,
              41.828337
            ],
            [
              -74.210758,
              41.798726
            ],
            [
              -74.231673,
              41.788828
            ],
            [
              -74.259771,
              41.7899
            ],
            [
              -74.293754,
              41.781018
            ],
            [
              -74.299578,
              41.774501
            ],
            [
              -74.338076,
              41.769086
            ],
            [
              -74.357628,
              41.75869
            ],
            [
              -74.395016,
              41.717502
            ],
            [
              -74.433599,
              41.729702
            ],
            [
              -74.47993,
              41.724105
            ],
            [
              -74.557612,
              41.756711
            ],
            [
              -74.581591,
              41.755257
            ],
            [
              -74.597565,
              41.76024
            ],
            [
              -74.616719,
              41.756293
            ],
            [
              -74.62819,
              41.762726
            ],
            [
              -74.64686,
              41.764802
            ],
            [
              -74.664617,
              41.777848
            ],
            [
              -74.682906,
              41.779121
            ],
            [
              -74.694282,
              41.775174
            ],
            [
              -74.723671,
              41.784816
            ],
            [
              -74.73342,
              41.792576
            ],
            [
              -74.737854,
              41.830839
            ],
            [
              -74.746301,
              41.846312
            ],
            [
              -74.764548,
              41.856672
            ],
            [
              -74.785684,
              41.861596
            ],
            [
              -74.813653,
              41.902781
            ],
            [
              -74.837653,
              41.914686
            ],
            [
              -74.844129,
              41.926119
            ],
            [
              -74.859238,
              41.924385
            ],
            [
              -74.869959,
              41.929095
            ],
            [
              -74.894196,
              41.924191
            ],
            [
              -74.918987,
              41.933502
            ],
            [
              -74.927654,
              41.938416
            ],
            [
              -74.939087,
              41.957343
            ],
            [
              -74.951684,
              41.956012
            ],
            [
              -74.960874,
              41.949578
            ],
            [
              -74.978565,
              41.951538
            ],
            [
              -75.012976,
              41.969557
            ],
            [
              -75.048809,
              41.970872
            ],
            [
              -75.059005,
              41.982538
            ],
            [
              -75.073046,
              41.985279
            ],
            [
              -75.106272,
              41.981717
            ],
            [
              -75.152971,
              41.999391
            ],
            [
              -75.180418,
              41.969383
            ],
            [
              -75.19786,
              41.975973
            ],
            [
              -75.210539,
              41.9749
            ],
            [
              -75.229012,
              41.966804
            ],
            [
              -75.238885,
              41.956286
            ],
            [
              -75.257434,
              41.966475
            ],
            [
              -75.270134,
              41.954687
            ],
            [
              -75.280547,
              41.954199
            ]
          ]
        ]
      }
    },
    {
      "type": "Feature",
      "id": "replacement-d3-millionaires-row",
      "properties": {
        "feature_kind": "replacement_drive_variant",
        "route_id": "route-09",
        "day": 3,
        "replacement_place_id": "millionaires-row",
        "replaces_place_ids": [
          "taber-museum"
        ],
        "baseline_total_miles": 169.1,
        "baseline_total_minutes": 205,
        "delta_minutes": -1,
        "cap_status": "passes-baseline-cap",
        "map_color": "#A855F7"
      },
      "geometry": {
        "type": "MultiLineString",
        "coordinates": [
          [
            [
              -75.280547,
              41.954199
            ],
            [
              -75.31285,
              41.954512
            ],
            [
              -75.336942,
              41.972649
            ],
            [
              -75.34153,
              41.99512
            ],
            [
              -75.365016,
              42.00933
            ],
            [
              -75.395332,
              42.009598
            ],
            [
              -75.420434,
              42.055598
            ],
            [
              -75.458195,
              42.045254
            ],
            [
              -75.499163,
              42.050846
            ],
            [
              -75.530087,
              42.031484
            ],
            [
              -75.575232,
              42.070351
            ],
            [
              -75.613307,
              42.054503
            ],
            [
              -75.635036,
              42.070972
            ],
            [
              -75.675862,
              42.083693
            ],
            [
              -75.946179,
              42.119974
            ],
            [
              -75.997003,
              42.116078
            ],
            [
              -76.03625,
              42.093218
            ],
            [
              -76.135454,
              42.059519
            ],
            [
              -76.17118,
              42.09101
            ],
            [
              -76.208824,
              42.080423
            ],
            [
              -76.254338,
              42.101655
            ],
            [
              -76.307174,
              42.079461
            ],
            [
              -76.354871,
              42.024859
            ],
            [
              -76.442587,
              42.028308
            ],
            [
              -76.465267,
              42.008077
            ],
            [
              -76.548782,
              41.99981
            ],
            [
              -76.544363,
              41.975126
            ],
            [
              -76.523214,
              41.948775
            ],
            [
              -76.521774,
              41.897108
            ],
            [
              -76.50283,
              41.858694
            ],
            [
              -76.510351,
              41.825191
            ],
            [
              -76.494186,
              41.802051
            ],
            [
              -76.464905,
              41.791401
            ],
            [
              -76.44666,
              41.753934
            ],
            [
              -76.473854,
              41.714751
            ],
            [
              -76.433253,
              41.62899
            ],
            [
              -76.446807,
              41.611859
            ],
            [
              -76.4414,
              41.59546
            ],
            [
              -76.398996,
              41.536301
            ],
            [
              -76.40843,
              41.492451
            ],
            [
              -76.455793,
              41.439857
            ],
            [
              -76.489365,
              41.431311
            ],
            [
              -76.515102,
              41.378038
            ],
            [
              -76.552681,
              41.36146
            ],
            [
              -76.557258,
              41.344972
            ],
            [
              -76.585044,
              41.344147
            ],
            [
              -76.599927,
              41.312078
            ],
            [
              -76.624601,
              41.318007
            ],
            [
              -76.636296,
              41.308314
            ],
            [
              -76.649326,
              41.314711
            ],
            [
              -76.676218,
              41.309301
            ],
            [
              -76.696511,
              41.288427
            ],
            [
              -76.711403,
              41.287283
            ],
            [
              -76.720426,
              41.245249
            ],
            [
              -76.75802,
              41.250522
            ],
            [
              -76.808363,
              41.238202
            ],
            [
              -76.919416,
              41.264674
            ],
            [
              -76.947752,
              41.246249
            ],
            [
              -76.980355,
              41.24896
            ],
            [
              -77.019301,
              41.231616
            ],
            [
              -77.019913,
              41.238925
            ]
          ],
          [
            [
              -77.019913,
              41.238925
            ],
            [
              -77.019798,
              41.237715
            ],
            [
              -77.009653,
              41.238078
            ],
            [
              -77.00526,
              41.239058
            ],
            [
              -77.001015,
              41.24113
            ],
            [
              -77.001058,
              41.241181
            ]
          ]
        ]
      }
    },
    {
      "type": "Feature",
      "id": "replacement-d4-punxsutawney",
      "properties": {
        "feature_kind": "replacement_drive_variant",
        "route_id": "route-09",
        "day": 4,
        "replacement_place_id": "punxsutawney-folklore",
        "replaces_place_ids": [
          "scripture-rocks"
        ],
        "baseline_total_miles": 149,
        "baseline_total_minutes": 195,
        "delta_minutes": 41,
        "cap_status": "passes-baseline-cap",
        "map_color": "#A855F7"
      },
      "geometry": {
        "type": "MultiLineString",
        "coordinates": [
          [
            [
              -77.001058,
              41.241181
            ],
            [
              -77.060391,
              41.223794
            ],
            [
              -77.139592,
              41.232082
            ],
            [
              -77.188029,
              41.214256
            ],
            [
              -77.219509,
              41.219616
            ],
            [
              -77.281674,
              41.203913
            ],
            [
              -77.369984,
              41.141513
            ],
            [
              -77.43093,
              41.130103
            ],
            [
              -77.479825,
              41.108397
            ],
            [
              -77.480264,
              41.081989
            ],
            [
              -77.51838,
              41.032199
            ],
            [
              -77.583056,
              41.017218
            ],
            [
              -77.639475,
              40.970359
            ],
            [
              -77.708874,
              40.946523
            ],
            [
              -77.774652,
              40.957202
            ],
            [
              -77.797562,
              40.98198
            ],
            [
              -77.852641,
              40.99626
            ],
            [
              -77.911725,
              41.024999
            ],
            [
              -77.944991,
              41.02318
            ],
            [
              -78.044047,
              40.976513
            ],
            [
              -78.103958,
              40.962578
            ],
            [
              -78.15773,
              40.989277
            ],
            [
              -78.260719,
              40.994038
            ],
            [
              -78.287102,
              41.01318
            ],
            [
              -78.366089,
              41.023495
            ],
            [
              -78.397078,
              41.040016
            ],
            [
              -78.437438,
              41.0061
            ],
            [
              -78.45649,
              41.004333
            ],
            [
              -78.499278,
              40.977986
            ],
            [
              -78.605559,
              40.968246
            ],
            [
              -78.612282,
              40.951252
            ],
            [
              -78.640175,
              40.940281
            ],
            [
              -78.657921,
              40.910694
            ],
            [
              -78.687561,
              40.895672
            ],
            [
              -78.70929,
              40.898663
            ],
            [
              -78.733781,
              40.878418
            ],
            [
              -78.800858,
              40.893349
            ],
            [
              -78.820405,
              40.913757
            ],
            [
              -78.926734,
              40.938676
            ],
            [
              -78.949633,
              40.940816
            ],
            [
              -78.957106,
              40.931902
            ]
          ],
          [
            [
              -78.957106,
              40.931902
            ],
            [
              -78.954776,
              40.935571
            ],
            [
              -78.962129,
              40.935748
            ],
            [
              -78.961814,
              40.944344
            ],
            [
              -78.990877,
              40.942979
            ],
            [
              -79.02032,
              40.978748
            ],
            [
              -79.021933,
              40.987782
            ],
            [
              -79.064859,
              41.010286
            ],
            [
              -79.074281,
              41.021282
            ],
            [
              -79.072901,
              41.029045
            ],
            [
              -79.082311,
              41.038893
            ],
            [
              -79.093154,
              41.045245
            ],
            [
              -79.098223,
              41.05687
            ],
            [
              -79.106003,
              41.060393
            ],
            [
              -79.113269,
              41.068754
            ],
            [
              -79.120159,
              41.071726
            ],
            [
              -79.116363,
              41.082752
            ],
            [
              -79.110489,
              41.08892
            ],
            [
              -79.111237,
              41.094492
            ],
            [
              -79.105342,
              41.105892
            ],
            [
              -79.106547,
              41.112031
            ],
            [
              -79.100547,
              41.117286
            ],
            [
              -79.097733,
              41.130635
            ],
            [
              -79.087809,
              41.14563
            ],
            [
              -79.083738,
              41.160993
            ],
            [
              -79.079478,
              41.160401
            ]
          ]
        ]
      }
    },
    {
      "type": "Feature",
      "id": "replacement-d5-heinz",
      "properties": {
        "feature_kind": "replacement_drive_variant",
        "route_id": "route-09",
        "day": 5,
        "replacement_place_id": "heinz-history",
        "replaces_place_ids": [
          "bayernhof"
        ],
        "baseline_total_miles": 138.3,
        "baseline_total_minutes": 193,
        "delta_minutes": -9,
        "cap_status": "passes-baseline-cap",
        "map_color": "#A855F7"
      },
      "geometry": {
        "type": "MultiLineString",
        "coordinates": [
          [
            [
              -79.079478,
              41.160401
            ],
            [
              -79.113357,
              41.145899
            ],
            [
              -79.14155,
              41.147274
            ],
            [
              -79.148131,
              41.134936
            ],
            [
              -79.177743,
              41.129216
            ],
            [
              -79.21645,
              41.107517
            ],
            [
              -79.267104,
              41.023562
            ],
            [
              -79.283772,
              41.011193
            ],
            [
              -79.300725,
              41.016357
            ],
            [
              -79.34296,
              40.999095
            ],
            [
              -79.345413,
              40.977202
            ],
            [
              -79.364591,
              40.961404
            ],
            [
              -79.361641,
              40.924279
            ],
            [
              -79.372091,
              40.89513
            ],
            [
              -79.457041,
              40.852376
            ],
            [
              -79.49036,
              40.81734
            ],
            [
              -79.497581,
              40.79371
            ],
            [
              -79.551998,
              40.811229
            ],
            [
              -79.58498,
              40.782541
            ],
            [
              -79.651866,
              40.754773
            ],
            [
              -79.669432,
              40.724986
            ],
            [
              -79.709617,
              40.691512
            ],
            [
              -79.721465,
              40.639961
            ],
            [
              -79.760454,
              40.611288
            ],
            [
              -79.802185,
              40.559568
            ],
            [
              -79.83995,
              40.54146
            ],
            [
              -79.86471,
              40.498925
            ],
            [
              -79.877358,
              40.490939
            ],
            [
              -79.925359,
              40.497556
            ],
            [
              -79.949333,
              40.492618
            ],
            [
              -79.994525,
              40.454953
            ],
            [
              -79.992109,
              40.446438
            ]
          ],
          [
            [
              -79.992109,
              40.446438
            ],
            [
              -80.008868,
              40.442847
            ],
            [
              -80.029571,
              40.429055
            ],
            [
              -80.032718,
              40.420354
            ],
            [
              -80.048986,
              40.420613
            ],
            [
              -80.071144,
              40.410616
            ],
            [
              -80.078462,
              40.412807
            ],
            [
              -80.106475,
              40.398578
            ],
            [
              -80.097192,
              40.381001
            ],
            [
              -80.104938,
              40.373541
            ],
            [
              -80.118242,
              40.370226
            ],
            [
              -80.118538,
              40.347136
            ],
            [
              -80.134052,
              40.337157
            ],
            [
              -80.167649,
              40.299509
            ],
            [
              -80.169559,
              40.288437
            ],
            [
              -80.158712,
              40.27659
            ],
            [
              -80.161449,
              40.267575
            ],
            [
              -80.20335,
              40.243615
            ],
            [
              -80.21597,
              40.218262
            ],
            [
              -80.224942,
              40.211295
            ],
            [
              -80.24482,
              40.208104
            ],
            [
              -80.248283,
              40.189026
            ],
            [
              -80.265329,
              40.180292
            ],
            [
              -80.283961,
              40.15579
            ],
            [
              -80.307547,
              40.145995
            ],
            [
              -80.325194,
              40.131511
            ],
            [
              -80.354989,
              40.131216
            ],
            [
              -80.365812,
              40.124666
            ],
            [
              -80.400181,
              40.121098
            ],
            [
              -80.418765,
              40.113624
            ],
            [
              -80.436154,
              40.116832
            ],
            [
              -80.462771,
              40.113366
            ],
            [
              -80.479677,
              40.119163
            ],
            [
              -80.508006,
              40.098894
            ],
            [
              -80.536429,
              40.090641
            ],
            [
              -80.568274,
              40.067403
            ],
            [
              -80.591595,
              40.062988
            ],
            [
              -80.609216,
              40.042721
            ],
            [
              -80.640772,
              40.046548
            ],
            [
              -80.653403,
              40.044174
            ],
            [
              -80.676859,
              40.050602
            ],
            [
              -80.692913,
              40.048701
            ],
            [
              -80.702859,
              40.05422
            ],
            [
              -80.720407,
              40.051809
            ],
            [
              -80.720929,
              40.064047
            ]
          ]
        ]
      }
    },
    {
      "type": "Feature",
      "id": "replacement-d6-cambridge-glass",
      "properties": {
        "feature_kind": "replacement_drive_variant",
        "route_id": "route-09",
        "day": 6,
        "replacement_place_id": "cambridge-glass",
        "replaces_place_ids": [
          "otherworld"
        ],
        "baseline_total_miles": 141.8,
        "baseline_total_minutes": 167,
        "delta_minutes": -1,
        "cap_status": "passes-baseline-cap",
        "map_color": "#A855F7"
      },
      "geometry": {
        "type": "MultiLineString",
        "coordinates": [
          [
            [
              -80.720929,
              40.064047
            ],
            [
              -80.723479,
              40.072482
            ],
            [
              -80.7486,
              40.071721
            ],
            [
              -80.772724,
              40.064196
            ],
            [
              -80.813606,
              40.063773
            ],
            [
              -80.86622,
              40.072605
            ],
            [
              -80.897052,
              40.06783
            ],
            [
              -80.937327,
              40.078112
            ],
            [
              -80.961549,
              40.077055
            ],
            [
              -80.981979,
              40.065539
            ],
            [
              -81.03661,
              40.064929
            ],
            [
              -81.066861,
              40.056458
            ],
            [
              -81.099435,
              40.060507
            ],
            [
              -81.113556,
              40.056893
            ],
            [
              -81.209857,
              40.059524
            ],
            [
              -81.228125,
              40.055321
            ],
            [
              -81.305579,
              40.059635
            ],
            [
              -81.332956,
              40.050645
            ],
            [
              -81.457876,
              40.030875
            ],
            [
              -81.498025,
              40.003648
            ],
            [
              -81.533985,
              40.004593
            ],
            [
              -81.567167,
              39.99696
            ],
            [
              -81.577879,
              40.000331
            ],
            [
              -81.576151,
              40.005964
            ],
            [
              -81.585959,
              40.01237
            ],
            [
              -81.588569,
              40.023591
            ]
          ],
          [
            [
              -81.588569,
              40.023591
            ],
            [
              -81.595144,
              40.024917
            ],
            [
              -81.598331,
              40.022171
            ],
            [
              -81.606489,
              40.024462
            ],
            [
              -81.61674,
              40.014791
            ],
            [
              -81.62441,
              40.01277
            ],
            [
              -81.625164,
              40.007834
            ],
            [
              -81.645838,
              40.008244
            ],
            [
              -81.657748,
              40.005999
            ],
            [
              -81.672414,
              39.991733
            ],
            [
              -81.684374,
              39.985155
            ],
            [
              -81.708627,
              39.985739
            ],
            [
              -81.730633,
              39.980936
            ],
            [
              -81.779503,
              39.978146
            ],
            [
              -81.802857,
              39.971623
            ],
            [
              -81.825278,
              39.972155
            ],
            [
              -81.842949,
              39.976629
            ],
            [
              -81.869459,
              39.970516
            ],
            [
              -81.902477,
              39.967156
            ],
            [
              -81.942534,
              39.956156
            ],
            [
              -81.955932,
              39.950238
            ],
            [
              -81.979418,
              39.948052
            ],
            [
              -81.990992,
              39.943729
            ],
            [
              -82.003625,
              39.944981
            ],
            [
              -82.004229,
              39.936425
            ],
            [
              -82.005112,
              39.93785
            ]
          ],
          [
            [
              -82.005112,
              39.93785
            ],
            [
              -82.005372,
              39.937867
            ],
            [
              -82.00522,
              39.940041
            ],
            [
              -82.014313,
              39.940438
            ],
            [
              -82.014446,
              39.940864
            ]
          ],
          [
            [
              -82.014446,
              39.940864
            ],
            [
              -82.01815,
              39.948301
            ],
            [
              -82.025936,
              39.949401
            ],
            [
              -82.057344,
              39.949877
            ],
            [
              -82.087653,
              39.944635
            ],
            [
              -82.190771,
              39.953503
            ],
            [
              -82.216333,
              39.949076
            ],
            [
              -82.252267,
              39.936058
            ],
            [
              -82.456602,
              39.946911
            ],
            [
              -82.524631,
              39.941996
            ],
            [
              -82.740992,
              39.951895
            ],
            [
              -82.770018,
              39.938627
            ],
            [
              -82.798368,
              39.931594
            ],
            [
              -82.847473,
              39.934109
            ],
            [
              -82.842666,
              39.963332
            ],
            [
              -82.856181,
              39.983745
            ],
            [
              -82.857378,
              39.999227
            ],
            [
              -82.876285,
              40.007358
            ],
            [
              -82.896983,
              40.009257
            ],
            [
              -82.903615,
              40.015934
            ],
            [
              -82.902021,
              40.050746
            ],
            [
              -82.908426,
              40.092752
            ],
            [
              -82.917693,
              40.099198
            ],
            [
              -82.9737,
              40.110735
            ],
            [
              -82.969406,
              40.142285
            ],
            [
              -82.984016,
              40.142001
            ]
          ]
        ]
      }
    },
    {
      "type": "Feature",
      "id": "replacement-d7-fellows",
      "properties": {
        "feature_kind": "replacement_drive_variant",
        "route_id": "route-09",
        "day": 7,
        "replacement_place_id": "fellows-riverside",
        "replaces_place_ids": [
          "butler-institute"
        ],
        "baseline_total_miles": 177.2,
        "baseline_total_minutes": 206,
        "delta_minutes": -1,
        "cap_status": "passes-baseline-cap",
        "map_color": "#A855F7"
      },
      "geometry": {
        "type": "MultiLineString",
        "coordinates": [
          [
            [
              -82.984016,
              40.142001
            ],
            [
              -82.969422,
              40.142119
            ],
            [
              -82.965898,
              40.163372
            ],
            [
              -82.931982,
              40.203101
            ],
            [
              -82.920673,
              40.305465
            ],
            [
              -82.82722,
              40.375985
            ],
            [
              -82.810484,
              40.435642
            ],
            [
              -82.603237,
              40.579213
            ],
            [
              -82.552706,
              40.636023
            ],
            [
              -82.523514,
              40.68566
            ],
            [
              -82.401651,
              40.793584
            ],
            [
              -82.275201,
              40.844509
            ],
            [
              -82.140274,
              40.911819
            ],
            [
              -82.070513,
              40.953347
            ],
            [
              -82.023977,
              40.993467
            ],
            [
              -81.971243,
              40.999521
            ],
            [
              -81.88931,
              41.030369
            ],
            [
              -81.76809,
              41.031415
            ],
            [
              -81.73057,
              41.046508
            ],
            [
              -81.566369,
              41.033782
            ],
            [
              -81.566331,
              41.059656
            ],
            [
              -81.427992,
              41.066285
            ],
            [
              -81.366175,
              41.106447
            ],
            [
              -81.232939,
              41.110185
            ],
            [
              -80.976939,
              41.100143
            ],
            [
              -80.817176,
              41.11141
            ],
            [
              -80.740405,
              41.127078
            ],
            [
              -80.695051,
              41.118377
            ],
            [
              -80.688748,
              41.102468
            ],
            [
              -80.676689,
              41.099688
            ]
          ],
          [
            [
              -80.676689,
              41.099688
            ],
            [
              -80.676665,
              41.101553
            ],
            [
              -80.688748,
              41.102468
            ],
            [
              -80.688894,
              41.110087
            ],
            [
              -80.69105,
              41.111283
            ],
            [
              -80.692987,
              41.117741
            ],
            [
              -80.683468,
              41.122817
            ],
            [
              -80.677072,
              41.12408
            ],
            [
              -80.674621,
              41.125563
            ],
            [
              -80.673981,
              41.128605
            ],
            [
              -80.679708,
              41.138431
            ],
            [
              -80.679806,
              41.141066
            ],
            [
              -80.672826,
              41.149777
            ],
            [
              -80.660117,
              41.157732
            ],
            [
              -80.644155,
              41.159812
            ],
            [
              -80.622196,
              41.158775
            ],
            [
              -80.596554,
              41.16862
            ],
            [
              -80.574858,
              41.175006
            ],
            [
              -80.565158,
              41.176362
            ],
            [
              -80.536453,
              41.177017
            ],
            [
              -80.531689,
              41.178456
            ],
            [
              -80.522311,
              41.183635
            ],
            [
              -80.517341,
              41.184916
            ],
            [
              -80.510283,
              41.184621
            ],
            [
              -80.496062,
              41.180653
            ],
            [
              -80.478799,
              41.180887
            ],
            [
              -80.4635,
              41.184303
            ],
            [
              -80.443164,
              41.184621
            ],
            [
              -80.440779,
              41.183831
            ],
            [
              -80.442127,
              41.183347
            ],
            [
              -80.44709,
              41.186701
            ],
            [
              -80.457313,
              41.187811
            ],
            [
              -80.457574,
              41.186456
            ],
            [
              -80.455759,
              41.185487
            ]
          ]
        ]
      }
    },
    {
      "type": "Feature",
      "id": "replacement-d9-asa-packer",
      "properties": {
        "feature_kind": "replacement_drive_variant",
        "route_id": "route-09",
        "day": 9,
        "replacement_place_id": "asa-packer",
        "replaces_place_ids": [
          "columcille"
        ],
        "baseline_total_miles": 161.7,
        "baseline_total_minutes": 209,
        "delta_minutes": 0,
        "cap_status": "passes-baseline-cap",
        "map_color": "#A855F7"
      },
      "geometry": {
        "type": "MultiLineString",
        "coordinates": [
          [
            [
              -77.773715,
              40.913401
            ],
            [
              -77.739385,
              40.91541
            ],
            [
              -77.725544,
              40.94367
            ],
            [
              -77.639329,
              40.969305
            ],
            [
              -77.582015,
              41.016997
            ],
            [
              -77.462457,
              41.041256
            ],
            [
              -77.410962,
              41.068586
            ],
            [
              -77.328122,
              41.046798
            ],
            [
              -77.218211,
              41.063419
            ],
            [
              -77.206582,
              41.053532
            ],
            [
              -77.150665,
              41.050268
            ],
            [
              -77.136756,
              41.040103
            ],
            [
              -77.032448,
              41.073814
            ],
            [
              -76.934611,
              41.076838
            ],
            [
              -76.881035,
              41.05306
            ],
            [
              -76.816676,
              41.04342
            ],
            [
              -76.784166,
              41.012657
            ],
            [
              -76.719038,
              40.985739
            ],
            [
              -76.501541,
              41.009212
            ],
            [
              -76.464454,
              41.022706
            ],
            [
              -76.409332,
              41.024581
            ],
            [
              -76.358784,
              41.03883
            ],
            [
              -76.296493,
              41.010933
            ],
            [
              -76.261075,
              41.008279
            ],
            [
              -76.175424,
              41.019186
            ],
            [
              -76.162565,
              41.004218
            ],
            [
              -76.144938,
              41.004823
            ],
            [
              -76.083595,
              41.025488
            ],
            [
              -76.059944,
              40.983478
            ],
            [
              -76.016102,
              40.980376
            ],
            [
              -75.9956,
              40.959055
            ],
            [
              -75.952265,
              40.9417
            ],
            [
              -75.91515,
              40.928396
            ],
            [
              -75.869623,
              40.926313
            ],
            [
              -75.830781,
              40.910048
            ],
            [
              -75.785794,
              40.878149
            ],
            [
              -75.789369,
              40.868707
            ],
            [
              -75.74513,
              40.872533
            ],
            [
              -75.737309,
              40.865165
            ]
          ],
          [
            [
              -75.737309,
              40.865165
            ],
            [
              -75.737214,
              40.86368
            ],
            [
              -75.736089,
              40.866082
            ],
            [
              -75.738825,
              40.868739
            ],
            [
              -75.724215,
              40.885741
            ],
            [
              -75.698588,
              40.889239
            ],
            [
              -75.669488,
              40.915118
            ],
            [
              -75.658011,
              40.933415
            ],
            [
              -75.643104,
              40.970345
            ],
            [
              -75.619001,
              40.993827
            ],
            [
              -75.606813,
              40.999722
            ],
            [
              -75.588999,
              41.019087
            ],
            [
              -75.584201,
              41.036164
            ],
            [
              -75.585125,
              41.043314
            ],
            [
              -75.559758,
              41.04948
            ],
            [
              -75.55343,
              41.053209
            ],
            [
              -75.552078,
              41.057798
            ],
            [
              -75.557266,
              41.059997
            ],
            [
              -75.565374,
              41.070801
            ],
            [
              -75.575425,
              41.07615
            ],
            [
              -75.5123,
              41.078054
            ],
            [
              -75.493777,
              41.072282
            ],
            [
              -75.471588,
              41.07432
            ],
            [
              -75.44221,
              41.070953
            ],
            [
              -75.417325,
              41.071661
            ],
            [
              -75.392464,
              41.068687
            ],
            [
              -75.372909,
              41.062545
            ],
            [
              -75.353823,
              41.06503
            ],
            [
              -75.332194,
              41.06122
            ],
            [
              -75.319429,
              41.054681
            ],
            [
              -75.316354,
              41.05101
            ],
            [
              -75.31376,
              41.038431
            ],
            [
              -75.309067,
              41.044941
            ],
            [
              -75.302537,
              41.034282
            ],
            [
              -75.296932,
              41.037019
            ],
            [
              -75.298513,
              41.038982
            ]
          ]
        ]
      }
    },
    {
      "type": "Feature",
      "id": "replacement-d10-aldrich-garden",
      "properties": {
        "feature_kind": "replacement_drive_variant",
        "route_id": "route-09",
        "day": 10,
        "replacement_place_id": "aldrich",
        "replaces_place_ids": [
          "tarrywile"
        ],
        "baseline_total_miles": 141.8,
        "baseline_total_minutes": 200,
        "delta_minutes": 11,
        "cap_status": "passes-baseline-cap",
        "map_color": "#A855F7"
      },
      "geometry": {
        "type": "MultiLineString",
        "coordinates": [
          [
            [
              -75.298513,
              41.038982
            ],
            [
              -75.292915,
              41.013041
            ],
            [
              -75.271697,
              40.996765
            ],
            [
              -75.235642,
              40.986789
            ],
            [
              -75.197683,
              40.978716
            ],
            [
              -75.145123,
              40.997248
            ],
            [
              -75.089955,
              40.927503
            ],
            [
              -75.057828,
              40.922414
            ],
            [
              -75.012336,
              40.935111
            ],
            [
              -74.957709,
              40.923878
            ],
            [
              -74.901228,
              40.93021
            ],
            [
              -74.811379,
              40.916677
            ],
            [
              -74.787682,
              40.924518
            ],
            [
              -74.731429,
              40.909709
            ],
            [
              -74.711307,
              40.89157
            ],
            [
              -74.686181,
              40.889912
            ],
            [
              -74.59542,
              40.908639
            ],
            [
              -74.510721,
              40.911036
            ],
            [
              -74.459976,
              40.86955
            ],
            [
              -74.41822,
              40.862912
            ],
            [
              -74.414221,
              40.899115
            ],
            [
              -74.362783,
              40.92124
            ],
            [
              -74.289212,
              41.025061
            ],
            [
              -74.248165,
              41.02879
            ],
            [
              -74.217745,
              41.020266
            ],
            [
              -74.195815,
              41.031689
            ],
            [
              -74.159942,
              41.117692
            ],
            [
              -74.13473,
              41.121249
            ],
            [
              -74.047754,
              41.096823
            ],
            [
              -74.020408,
              41.103909
            ],
            [
              -73.954169,
              41.100256
            ],
            [
              -73.931561,
              41.093251
            ],
            [
              -73.915266,
              41.071498
            ],
            [
              -73.822478,
              41.058037
            ],
            [
              -73.833882,
              41.076963
            ],
            [
              -73.809862,
              41.105994
            ],
            [
              -73.783672,
              41.120478
            ],
            [
              -73.796078,
              41.132885
            ],
            [
              -73.791587,
              41.141366
            ],
            [
              -73.735576,
              41.204236
            ],
            [
              -73.736043,
              41.214194
            ],
            [
              -73.677511,
              41.249232
            ],
            [
              -73.683245,
              41.263953
            ],
            [
              -73.613916,
              41.262481
            ],
            [
              -73.591927,
              41.277894
            ],
            [
              -73.523352,
              41.264847
            ],
            [
              -73.502662,
              41.2677
            ],
            [
              -73.49715,
              41.277135
            ]
          ],
          [
            [
              -73.49715,
              41.277135
            ],
            [
              -73.499837,
              41.289092
            ],
            [
              -73.493908,
              41.291548
            ],
            [
              -73.492116,
              41.301699
            ],
            [
              -73.489149,
              41.306942
            ],
            [
              -73.478798,
              41.316674
            ],
            [
              -73.473126,
              41.32692
            ],
            [
              -73.473233,
              41.330348
            ],
            [
              -73.469768,
              41.339422
            ],
            [
              -73.469252,
              41.353581
            ],
            [
              -73.471811,
              41.357942
            ],
            [
              -73.474071,
              41.366789
            ],
            [
              -73.473119,
              41.375155
            ],
            [
              -73.473968,
              41.380909
            ],
            [
              -73.468938,
              41.380537
            ],
            [
              -73.466561,
              41.381667
            ],
            [
              -73.463604,
              41.384103
            ],
            [
              -73.462084,
              41.388733
            ],
            [
              -73.458797,
              41.390529
            ],
            [
              -73.459115,
              41.39219
            ],
            [
              -73.453167,
              41.392854
            ],
            [
              -73.454162,
              41.394965
            ]
          ]
        ]
      }
    },
    {
      "type": "Feature",
      "id": "art-omi",
      "properties": {
        "feature_kind": "place",
        "route_id": "route-09",
        "place_id": "art-omi",
        "name": "Art Omi Sculpture & Architecture Park",
        "city": "Ghent",
        "state": "NY",
        "visit_date": "2026-10-04",
        "priority": "anchor",
        "included_in_magic_score": true
      },
      "geometry": {
        "type": "Point",
        "coordinates": [
          -73.6766147,
          42.3334297
        ]
      }
    },
    {
      "type": "Feature",
      "id": "naumkeag-pumpkin",
      "properties": {
        "feature_kind": "place",
        "route_id": "route-09",
        "place_id": "naumkeag-pumpkin",
        "name": "Naumkeag Blue Steps & Daytime Pumpkin Walk",
        "city": "Stockbridge",
        "state": "MA",
        "visit_date": "2026-10-04",
        "priority": "replacement",
        "included_in_magic_score": false
      },
      "geometry": {
        "type": "Point",
        "coordinates": [
          -73.3161392,
          42.2897141
        ]
      }
    },
    {
      "type": "Feature",
      "id": "worlds-largest-kaleidoscope",
      "properties": {
        "feature_kind": "place",
        "route_id": "route-09",
        "place_id": "worlds-largest-kaleidoscope",
        "name": "World's Largest Kaleidoscope & Kaleidostore",
        "city": "Mount Tremper",
        "state": "NY",
        "visit_date": "2026-10-05",
        "priority": "anchor",
        "included_in_magic_score": true
      },
      "geometry": {
        "type": "Point",
        "coordinates": [
          -74.2883494,
          42.0502805
        ]
      }
    },
    {
      "type": "Feature",
      "id": "opus-40",
      "properties": {
        "feature_kind": "place",
        "route_id": "route-09",
        "place_id": "opus-40",
        "name": "Opus 40",
        "city": "Saugerties",
        "state": "NY",
        "visit_date": "2026-10-05",
        "priority": "replacement",
        "included_in_magic_score": false
      },
      "geometry": {
        "type": "Point",
        "coordinates": [
          -74.0321708,
          42.0515592
        ]
      }
    },
    {
      "type": "Feature",
      "id": "taber-museum",
      "properties": {
        "feature_kind": "place",
        "route_id": "route-09",
        "place_id": "taber-museum",
        "name": "Thomas T. Taber Museum",
        "city": "Williamsport",
        "state": "PA",
        "visit_date": "2026-10-06",
        "priority": "anchor",
        "included_in_magic_score": true
      },
      "geometry": {
        "type": "Point",
        "coordinates": [
          -77.0198998,
          41.2400968
        ]
      }
    },
    {
      "type": "Feature",
      "id": "millionaires-row",
      "properties": {
        "feature_kind": "place",
        "route_id": "route-09",
        "place_id": "millionaires-row",
        "name": "Millionaires' Row & Way's Garden Circuit",
        "city": "Williamsport",
        "state": "PA",
        "visit_date": "2026-10-06",
        "priority": "replacement",
        "included_in_magic_score": false
      },
      "geometry": {
        "type": "Point",
        "coordinates": [
          -77.0192656,
          41.2389615
        ]
      }
    },
    {
      "type": "Feature",
      "id": "scripture-rocks",
      "properties": {
        "feature_kind": "place",
        "route_id": "route-09",
        "place_id": "scripture-rocks",
        "name": "Scripture Rocks Heritage Park",
        "city": "Brookville",
        "state": "PA",
        "visit_date": "2026-10-07",
        "priority": "anchor",
        "included_in_magic_score": true
      },
      "geometry": {
        "type": "Point",
        "coordinates": [
          -79.0506188,
          41.1594272
        ]
      }
    },
    {
      "type": "Feature",
      "id": "punxsutawney-folklore",
      "properties": {
        "feature_kind": "place",
        "route_id": "route-09",
        "place_id": "punxsutawney-folklore",
        "name": "Gobbler's Knob & Phil's Burrow Folklore Circuit",
        "city": "Punxsutawney",
        "state": "PA",
        "visit_date": "2026-10-07",
        "priority": "replacement",
        "included_in_magic_score": false
      },
      "geometry": {
        "type": "Point",
        "coordinates": [
          -78.9570232,
          40.9318475
        ]
      }
    },
    {
      "type": "Feature",
      "id": "bayernhof",
      "properties": {
        "feature_kind": "place",
        "route_id": "route-09",
        "place_id": "bayernhof",
        "name": "Bayernhof Museum",
        "city": "Pittsburgh",
        "state": "PA",
        "visit_date": "2026-10-08",
        "priority": "anchor",
        "included_in_magic_score": true
      },
      "geometry": {
        "type": "Point",
        "coordinates": [
          -79.9158069,
          40.4983418
        ]
      }
    },
    {
      "type": "Feature",
      "id": "heinz-history",
      "properties": {
        "feature_kind": "place",
        "route_id": "route-09",
        "place_id": "heinz-history",
        "name": "Senator John Heinz History Center",
        "city": "Pittsburgh",
        "state": "PA",
        "visit_date": "2026-10-08",
        "priority": "replacement",
        "included_in_magic_score": false
      },
      "geometry": {
        "type": "Point",
        "coordinates": [
          -79.9922396,
          40.4465605
        ]
      }
    },
    {
      "type": "Feature",
      "id": "alan-cottrill",
      "properties": {
        "feature_kind": "place",
        "route_id": "route-09",
        "place_id": "alan-cottrill",
        "name": "Alan Cottrill Sculpture Studio & Gallery",
        "city": "Zanesville",
        "state": "OH",
        "visit_date": "2026-10-09",
        "priority": "anchor",
        "included_in_magic_score": true
      },
      "geometry": {
        "type": "Point",
        "coordinates": [
          -82.0050289,
          39.9379756
        ]
      }
    },
    {
      "type": "Feature",
      "id": "y-bridge",
      "properties": {
        "feature_kind": "place",
        "route_id": "route-09",
        "place_id": "y-bridge",
        "name": "Zanesville Y Bridge & Putnam Overlook",
        "city": "Zanesville",
        "state": "OH",
        "visit_date": "2026-10-09",
        "priority": "supporting",
        "included_in_magic_score": true
      },
      "geometry": {
        "type": "Point",
        "coordinates": [
          -82.0144555,
          39.9408623
        ]
      }
    },
    {
      "type": "Feature",
      "id": "otherworld",
      "properties": {
        "feature_kind": "place",
        "route_id": "route-09",
        "place_id": "otherworld",
        "name": "Otherworld Columbus",
        "city": "Columbus",
        "state": "OH",
        "visit_date": "2026-10-09",
        "priority": "anchor",
        "included_in_magic_score": true
      },
      "geometry": {
        "type": "Point",
        "coordinates": [
          -82.8358334,
          39.9221432
        ]
      }
    },
    {
      "type": "Feature",
      "id": "cambridge-glass",
      "properties": {
        "feature_kind": "place",
        "route_id": "route-09",
        "place_id": "cambridge-glass",
        "name": "National Museum of Cambridge Glass",
        "city": "Cambridge",
        "state": "OH",
        "visit_date": "2026-10-09",
        "priority": "replacement",
        "included_in_magic_score": false
      },
      "geometry": {
        "type": "Point",
        "coordinates": [
          -81.5885651,
          40.0237125
        ]
      }
    },
    {
      "type": "Feature",
      "id": "butler-institute",
      "properties": {
        "feature_kind": "place",
        "route_id": "route-09",
        "place_id": "butler-institute",
        "name": "Butler Institute of American Art",
        "city": "Youngstown",
        "state": "OH",
        "visit_date": "2026-10-10",
        "priority": "anchor",
        "included_in_magic_score": true
      },
      "geometry": {
        "type": "Point",
        "coordinates": [
          -80.6457767,
          41.1047679
        ]
      }
    },
    {
      "type": "Feature",
      "id": "fellows-riverside",
      "properties": {
        "feature_kind": "place",
        "route_id": "route-09",
        "place_id": "fellows-riverside",
        "name": "Fellows Riverside Gardens",
        "city": "Youngstown",
        "state": "OH",
        "visit_date": "2026-10-10",
        "priority": "replacement",
        "included_in_magic_score": false
      },
      "geometry": {
        "type": "Point",
        "coordinates": [
          -80.6766042,
          41.0996875
        ]
      }
    },
    {
      "type": "Feature",
      "id": "st-nicholas-dubois",
      "properties": {
        "feature_kind": "place",
        "route_id": "route-09",
        "place_id": "st-nicholas-dubois",
        "name": "Protected Orthodox Sunday at St Nicholas Orthodox Church",
        "city": "DuBois",
        "state": "PA",
        "visit_date": "2026-10-11",
        "priority": "anchor",
        "included_in_magic_score": true
      },
      "geometry": {
        "type": "Point",
        "coordinates": [
          -78.7707861,
          41.1188561
        ]
      }
    },
    {
      "type": "Feature",
      "id": "bellefonte-victorian",
      "properties": {
        "feature_kind": "place",
        "route_id": "route-09",
        "place_id": "bellefonte-victorian",
        "name": "Bellefonte Victorian & Talleyrand Waterfront Walk",
        "city": "Bellefonte",
        "state": "PA",
        "visit_date": "2026-10-11",
        "priority": "anchor",
        "included_in_magic_score": true
      },
      "geometry": {
        "type": "Point",
        "coordinates": [
          -77.7817061,
          40.909554
        ]
      }
    },
    {
      "type": "Feature",
      "id": "bellefonte-art",
      "properties": {
        "feature_kind": "place",
        "route_id": "route-09",
        "place_id": "bellefonte-art",
        "name": "Bellefonte Art Museum in the Linn House",
        "city": "Bellefonte",
        "state": "PA",
        "visit_date": "2026-10-11",
        "priority": "replacement",
        "included_in_magic_score": false
      },
      "geometry": {
        "type": "Point",
        "coordinates": [
          -77.7785487,
          40.9130418
        ]
      }
    },
    {
      "type": "Feature",
      "id": "columcille",
      "properties": {
        "feature_kind": "place",
        "route_id": "route-09",
        "place_id": "columcille",
        "name": "Columcille Megalith Park",
        "city": "Bangor",
        "state": "PA",
        "visit_date": "2026-10-12",
        "priority": "anchor",
        "included_in_magic_score": true
      },
      "geometry": {
        "type": "Point",
        "coordinates": [
          -75.2024627,
          40.9272149
        ]
      }
    },
    {
      "type": "Feature",
      "id": "asa-packer",
      "properties": {
        "feature_kind": "place",
        "route_id": "route-09",
        "place_id": "asa-packer",
        "name": "Asa Packer Mansion",
        "city": "Jim Thorpe",
        "state": "PA",
        "visit_date": "2026-10-12",
        "priority": "replacement",
        "included_in_magic_score": false
      },
      "geometry": {
        "type": "Point",
        "coordinates": [
          -75.737273,
          40.865157
        ]
      }
    },
    {
      "type": "Feature",
      "id": "tarrywile",
      "properties": {
        "feature_kind": "place",
        "route_id": "route-09",
        "place_id": "tarrywile",
        "name": "Tarrywile Mansion, Park & Hearthstone Exterior",
        "city": "Danbury",
        "state": "CT",
        "visit_date": "2026-10-13",
        "priority": "anchor",
        "included_in_magic_score": true
      },
      "geometry": {
        "type": "Point",
        "coordinates": [
          -73.448419,
          41.3780766
        ]
      }
    },
    {
      "type": "Feature",
      "id": "aldrich",
      "properties": {
        "feature_kind": "place",
        "route_id": "route-09",
        "place_id": "aldrich",
        "name": "Aldrich Outdoor Sculpture Garden",
        "city": "Ridgefield",
        "state": "CT",
        "visit_date": "2026-10-13",
        "priority": "replacement",
        "included_in_magic_score": false
      },
      "geometry": {
        "type": "Point",
        "coordinates": [
          -73.4968718,
          41.2769959
        ]
      }
    },
    {
      "type": "Feature",
      "id": "harvard-natural-history",
      "properties": {
        "feature_kind": "place",
        "route_id": "route-09",
        "place_id": "harvard-natural-history",
        "name": "Harvard Museum of Natural History & Glass Flowers",
        "city": "Cambridge",
        "state": "MA",
        "visit_date": "2026-10-14",
        "priority": "anchor",
        "included_in_magic_score": true
      },
      "geometry": {
        "type": "Point",
        "coordinates": [
          -71.115646,
          42.3784657
        ]
      }
    },
    {
      "type": "Feature",
      "id": "ether-dome",
      "properties": {
        "feature_kind": "place",
        "route_id": "route-09",
        "place_id": "ether-dome",
        "name": "Russell Museum & Ether Dome",
        "city": "Boston",
        "state": "MA",
        "visit_date": "2026-10-14",
        "priority": "replacement",
        "included_in_magic_score": false
      },
      "geometry": {
        "type": "Point",
        "coordinates": [
          -71.0679004,
          42.3634958
        ]
      }
    },
    {
      "type": "Feature",
      "id": "node-boston-logan-rental",
      "properties": {
        "feature_kind": "route_node",
        "route_id": "route-09",
        "node_id": "boston-logan-rental",
        "name": "Boston Logan Rental Car Center"
      },
      "geometry": {
        "type": "Point",
        "coordinates": [
          -71.0304,
          42.3682
        ]
      }
    },
    {
      "type": "Feature",
      "id": "node-ghent-lodging",
      "properties": {
        "feature_kind": "route_node",
        "route_id": "route-09",
        "node_id": "ghent-lodging",
        "name": "Ghent/Chatham lodging zone"
      },
      "geometry": {
        "type": "Point",
        "coordinates": [
          -73.6157,
          42.3293
        ]
      }
    },
    {
      "type": "Feature",
      "id": "node-hancock-lodging",
      "properties": {
        "feature_kind": "route_node",
        "route_id": "route-09",
        "node_id": "hancock-lodging",
        "name": "Hancock village lodging zone"
      },
      "geometry": {
        "type": "Point",
        "coordinates": [
          -75.2805401,
          41.9542233
        ]
      }
    },
    {
      "type": "Feature",
      "id": "node-williamsport-lodging",
      "properties": {
        "feature_kind": "route_node",
        "route_id": "route-09",
        "node_id": "williamsport-lodging",
        "name": "Central Williamsport lodging zone"
      },
      "geometry": {
        "type": "Point",
        "coordinates": [
          -77.0011096,
          41.2411556
        ]
      }
    },
    {
      "type": "Feature",
      "id": "node-brookville-lodging",
      "properties": {
        "feature_kind": "route_node",
        "route_id": "route-09",
        "node_id": "brookville-lodging",
        "name": "Brookville historic-district lodging zone"
      },
      "geometry": {
        "type": "Point",
        "coordinates": [
          -79.0794702,
          41.1604348
        ]
      }
    },
    {
      "type": "Feature",
      "id": "node-wheeling-lodging",
      "properties": {
        "feature_kind": "route_node",
        "route_id": "route-09",
        "node_id": "wheeling-lodging",
        "name": "Wheeling riverfront lodging zone"
      },
      "geometry": {
        "type": "Point",
        "coordinates": [
          -80.7209149,
          40.0639616
        ]
      }
    },
    {
      "type": "Feature",
      "id": "node-polaris-lodging",
      "properties": {
        "feature_kind": "route_node",
        "route_id": "route-09",
        "node_id": "polaris-lodging",
        "name": "North Columbus/Polaris lodging zone"
      },
      "geometry": {
        "type": "Point",
        "coordinates": [
          -82.984,
          40.142
        ]
      }
    },
    {
      "type": "Feature",
      "id": "node-west-middlesex-lodging",
      "properties": {
        "feature_kind": "route_node",
        "route_id": "route-09",
        "node_id": "west-middlesex-lodging",
        "name": "West Middlesex lodging zone"
      },
      "geometry": {
        "type": "Point",
        "coordinates": [
          -80.455685,
          41.1854889
        ]
      }
    },
    {
      "type": "Feature",
      "id": "node-bellefonte-lodging",
      "properties": {
        "feature_kind": "route_node",
        "route_id": "route-09",
        "node_id": "bellefonte-lodging",
        "name": "Historic Bellefonte lodging zone"
      },
      "geometry": {
        "type": "Point",
        "coordinates": [
          -77.7737471,
          40.9134862
        ]
      }
    },
    {
      "type": "Feature",
      "id": "node-tannersville-lodging",
      "properties": {
        "feature_kind": "route_node",
        "route_id": "route-09",
        "node_id": "tannersville-lodging",
        "name": "Tannersville/Bartonsville lodging zone"
      },
      "geometry": {
        "type": "Point",
        "coordinates": [
          -75.3,
          41.04
        ]
      }
    },
    {
      "type": "Feature",
      "id": "node-danbury-lodging",
      "properties": {
        "feature_kind": "route_node",
        "route_id": "route-09",
        "node_id": "danbury-lodging",
        "name": "Danbury west lodging zone"
      },
      "geometry": {
        "type": "Point",
        "coordinates": [
          -73.4540111,
          41.394817
        ]
      }
    },
    {
      "type": "Feature",
      "id": "node-boston-logan-return",
      "properties": {
        "feature_kind": "route_node",
        "route_id": "route-09",
        "node_id": "boston-logan-return",
        "name": "Boston Logan Rental Car Center return"
      },
      "geometry": {
        "type": "Point",
        "coordinates": [
          -71.0304,
          42.3682
        ]
      }
    },
    {
      "type": "Feature",
      "id": "node-boston-logan-hotel",
      "properties": {
        "feature_kind": "route_node",
        "route_id": "route-09",
        "node_id": "boston-logan-hotel",
        "name": "Boston Logan hotel zone"
      },
      "geometry": {
        "type": "Point",
        "coordinates": [
          -71.0155,
          42.3655
        ]
      }
    },
    {
      "type": "Feature",
      "id": "node-art-omi",
      "properties": {
        "feature_kind": "route_node",
        "route_id": "route-09",
        "node_id": "art-omi",
        "name": "Art Omi, 1405 County Route 22, Ghent, New York"
      },
      "geometry": {
        "type": "Point",
        "coordinates": [
          -73.6766147,
          42.3334297
        ]
      }
    },
    {
      "type": "Feature",
      "id": "node-naumkeag-pumpkin",
      "properties": {
        "feature_kind": "route_node",
        "route_id": "route-09",
        "node_id": "naumkeag-pumpkin",
        "name": "Naumkeag, 5 Prospect Hill Road, Stockbridge, Massachusetts"
      },
      "geometry": {
        "type": "Point",
        "coordinates": [
          -73.3161392,
          42.2897141
        ]
      }
    },
    {
      "type": "Feature",
      "id": "node-worlds-largest-kaleidoscope",
      "properties": {
        "feature_kind": "route_node",
        "route_id": "route-09",
        "node_id": "worlds-largest-kaleidoscope",
        "name": "World's Largest Kaleidoscope, Emerson Resort, Mount Tremper, New York"
      },
      "geometry": {
        "type": "Point",
        "coordinates": [
          -74.2883494,
          42.0502805
        ]
      }
    },
    {
      "type": "Feature",
      "id": "node-opus-40",
      "properties": {
        "feature_kind": "route_node",
        "route_id": "route-09",
        "node_id": "opus-40",
        "name": "Opus 40, 356 George Sickle Road, Saugerties, New York"
      },
      "geometry": {
        "type": "Point",
        "coordinates": [
          -74.0321708,
          42.0515592
        ]
      }
    },
    {
      "type": "Feature",
      "id": "node-taber-museum",
      "properties": {
        "feature_kind": "route_node",
        "route_id": "route-09",
        "node_id": "taber-museum",
        "name": "Thomas T. Taber Museum, 858 West Fourth Street, Williamsport, Pennsylvania"
      },
      "geometry": {
        "type": "Point",
        "coordinates": [
          -77.0198998,
          41.2400968
        ]
      }
    },
    {
      "type": "Feature",
      "id": "node-millionaires-row",
      "properties": {
        "feature_kind": "route_node",
        "route_id": "route-09",
        "node_id": "millionaires-row",
        "name": "Way's Garden, 800 West Fourth Street, Williamsport, Pennsylvania"
      },
      "geometry": {
        "type": "Point",
        "coordinates": [
          -77.0192656,
          41.2389615
        ]
      }
    },
    {
      "type": "Feature",
      "id": "node-scripture-rocks",
      "properties": {
        "feature_kind": "route_node",
        "route_id": "route-09",
        "node_id": "scripture-rocks",
        "name": "Scripture Rocks Heritage Park, 560 Scripture Rocks Road, Brookville, Pennsylvania"
      },
      "geometry": {
        "type": "Point",
        "coordinates": [
          -79.0506188,
          41.1594272
        ]
      }
    },
    {
      "type": "Feature",
      "id": "node-punxsutawney-folklore",
      "properties": {
        "feature_kind": "route_node",
        "route_id": "route-09",
        "node_id": "punxsutawney-folklore",
        "name": "Gobbler's Knob, 1548 Woodland Avenue Extension, Punxsutawney, Pennsylvania"
      },
      "geometry": {
        "type": "Point",
        "coordinates": [
          -78.9570232,
          40.9318475
        ]
      }
    },
    {
      "type": "Feature",
      "id": "node-bayernhof",
      "properties": {
        "feature_kind": "route_node",
        "route_id": "route-09",
        "node_id": "bayernhof",
        "name": "Bayernhof Museum, 225 Saint Charles Place, Pittsburgh, Pennsylvania"
      },
      "geometry": {
        "type": "Point",
        "coordinates": [
          -79.9158069,
          40.4983418
        ]
      }
    },
    {
      "type": "Feature",
      "id": "node-heinz-history",
      "properties": {
        "feature_kind": "route_node",
        "route_id": "route-09",
        "node_id": "heinz-history",
        "name": "Heinz History Center, 1212 Smallman Street, Pittsburgh, Pennsylvania"
      },
      "geometry": {
        "type": "Point",
        "coordinates": [
          -79.9922396,
          40.4465605
        ]
      }
    },
    {
      "type": "Feature",
      "id": "node-alan-cottrill",
      "properties": {
        "feature_kind": "route_node",
        "route_id": "route-09",
        "node_id": "alan-cottrill",
        "name": "Alan Cottrill Sculpture Studio, 110 South Sixth Street, Zanesville, Ohio"
      },
      "geometry": {
        "type": "Point",
        "coordinates": [
          -82.0050289,
          39.9379756
        ]
      }
    },
    {
      "type": "Feature",
      "id": "node-y-bridge",
      "properties": {
        "feature_kind": "route_node",
        "route_id": "route-09",
        "node_id": "y-bridge",
        "name": "Y Bridge, Zanesville, Ohio"
      },
      "geometry": {
        "type": "Point",
        "coordinates": [
          -82.0144555,
          39.9408623
        ]
      }
    },
    {
      "type": "Feature",
      "id": "node-otherworld",
      "properties": {
        "feature_kind": "route_node",
        "route_id": "route-09",
        "node_id": "otherworld",
        "name": "Otherworld, 5819 Chantry Drive, Columbus, Ohio"
      },
      "geometry": {
        "type": "Point",
        "coordinates": [
          -82.8358334,
          39.9221432
        ]
      }
    },
    {
      "type": "Feature",
      "id": "node-cambridge-glass",
      "properties": {
        "feature_kind": "route_node",
        "route_id": "route-09",
        "node_id": "cambridge-glass",
        "name": "National Museum of Cambridge Glass, 136 South Ninth Street, Cambridge, Ohio"
      },
      "geometry": {
        "type": "Point",
        "coordinates": [
          -81.5885651,
          40.0237125
        ]
      }
    },
    {
      "type": "Feature",
      "id": "node-butler-institute",
      "properties": {
        "feature_kind": "route_node",
        "route_id": "route-09",
        "node_id": "butler-institute",
        "name": "Butler Institute of American Art, 524 Wick Avenue, Youngstown, Ohio"
      },
      "geometry": {
        "type": "Point",
        "coordinates": [
          -80.6457767,
          41.1047679
        ]
      }
    },
    {
      "type": "Feature",
      "id": "node-fellows-riverside",
      "properties": {
        "feature_kind": "route_node",
        "route_id": "route-09",
        "node_id": "fellows-riverside",
        "name": "Fellows Riverside Gardens, 123 McKinley Avenue, Youngstown, Ohio"
      },
      "geometry": {
        "type": "Point",
        "coordinates": [
          -80.6766042,
          41.0996875
        ]
      }
    },
    {
      "type": "Feature",
      "id": "node-st-nicholas-dubois",
      "properties": {
        "feature_kind": "route_node",
        "route_id": "route-09",
        "node_id": "st-nicholas-dubois",
        "name": "St Nicholas Orthodox Church, 301 South State Street, DuBois, Pennsylvania"
      },
      "geometry": {
        "type": "Point",
        "coordinates": [
          -78.7707861,
          41.1188561
        ]
      }
    },
    {
      "type": "Feature",
      "id": "node-bellefonte-victorian",
      "properties": {
        "feature_kind": "route_node",
        "route_id": "route-09",
        "node_id": "bellefonte-victorian",
        "name": "Talleyrand Park, 320 West High Street, Bellefonte, Pennsylvania"
      },
      "geometry": {
        "type": "Point",
        "coordinates": [
          -77.7817061,
          40.909554
        ]
      }
    },
    {
      "type": "Feature",
      "id": "node-bellefonte-art",
      "properties": {
        "feature_kind": "route_node",
        "route_id": "route-09",
        "node_id": "bellefonte-art",
        "name": "Bellefonte Art Museum, 133 North Allegheny Street, Bellefonte, Pennsylvania"
      },
      "geometry": {
        "type": "Point",
        "coordinates": [
          -77.7785487,
          40.9130418
        ]
      }
    },
    {
      "type": "Feature",
      "id": "node-columcille",
      "properties": {
        "feature_kind": "route_node",
        "route_id": "route-09",
        "node_id": "columcille",
        "name": "Columcille Megalith Park, 2155 Fox Gap Road, Bangor, Pennsylvania"
      },
      "geometry": {
        "type": "Point",
        "coordinates": [
          -75.2024627,
          40.9272149
        ]
      }
    },
    {
      "type": "Feature",
      "id": "node-asa-packer",
      "properties": {
        "feature_kind": "route_node",
        "route_id": "route-09",
        "node_id": "asa-packer",
        "name": "Asa Packer Mansion Museum, Packer Hill Avenue, Jim Thorpe, Pennsylvania"
      },
      "geometry": {
        "type": "Point",
        "coordinates": [
          -75.737273,
          40.865157
        ]
      }
    },
    {
      "type": "Feature",
      "id": "node-aldrich",
      "properties": {
        "feature_kind": "route_node",
        "route_id": "route-09",
        "node_id": "aldrich",
        "name": "The Aldrich Contemporary Art Museum, 258 Main Street, Ridgefield, Connecticut"
      },
      "geometry": {
        "type": "Point",
        "coordinates": [
          -73.4968718,
          41.2769959
        ]
      }
    },
    {
      "type": "Feature",
      "id": "node-tarrywile",
      "properties": {
        "feature_kind": "route_node",
        "route_id": "route-09",
        "node_id": "tarrywile",
        "name": "Tarrywile Park, 70 Southern Boulevard, Danbury, Connecticut"
      },
      "geometry": {
        "type": "Point",
        "coordinates": [
          -73.448419,
          41.3780766
        ]
      }
    },
    {
      "type": "Feature",
      "id": "node-harvard-natural-history",
      "properties": {
        "feature_kind": "route_node",
        "route_id": "route-09",
        "node_id": "harvard-natural-history",
        "name": "Harvard Museum of Natural History, 26 Oxford Street, Cambridge, Massachusetts"
      },
      "geometry": {
        "type": "Point",
        "coordinates": [
          -71.115646,
          42.3784657
        ]
      }
    },
    {
      "type": "Feature",
      "id": "node-ether-dome",
      "properties": {
        "feature_kind": "route_node",
        "route_id": "route-09",
        "node_id": "ether-dome",
        "name": "Ether Dome, Massachusetts General Hospital, 55 Fruit Street, Boston, Massachusetts"
      },
      "geometry": {
        "type": "Point",
        "coordinates": [
          -71.0679004,
          42.3634958
        ]
      }
    }
  ]
}
