{
  "type": "FeatureCollection",
  "name": "route-05-coal-veins-caverns-blue-ridge-secrets-loop-energy-v2",
  "features": [
    {
      "type": "Feature",
      "id": "d1-boston-logan-rental-to-rock-house-reservation",
      "properties": {
        "feature_kind": "drive_leg",
        "route_id": "route-05",
        "day": 1,
        "date": "2026-10-04",
        "from": "boston-logan-rental",
        "to": "rock-house-reservation",
        "distance_miles": 76.3,
        "baseline_minutes": 107,
        "traffic_risk": "high",
        "map_color": "#E11D48",
        "energy_rebuild": true
      },
      "geometry": {
        "coordinates": [
          [
            -71.029421,
            42.367769
          ],
          [
            -71.025966,
            42.358383
          ],
          [
            -71.037429,
            42.346811
          ],
          [
            -71.100848,
            42.347963
          ],
          [
            -71.122854,
            42.357683
          ],
          [
            -71.177949,
            42.35787
          ],
          [
            -71.249459,
            42.34591
          ],
          [
            -71.265166,
            42.339004
          ],
          [
            -71.314741,
            42.33468
          ],
          [
            -71.368117,
            42.311437
          ],
          [
            -71.412596,
            42.315404
          ],
          [
            -71.45152,
            42.302428
          ],
          [
            -71.472928,
            42.30005
          ],
          [
            -71.496004,
            42.286088
          ],
          [
            -71.557712,
            42.269721
          ],
          [
            -71.574545,
            42.262096
          ],
          [
            -71.593321,
            42.243108
          ],
          [
            -71.618632,
            42.229395
          ],
          [
            -71.695016,
            42.227682
          ],
          [
            -71.757142,
            42.220835
          ],
          [
            -71.787613,
            42.207398
          ],
          [
            -71.834819,
            42.201153
          ],
          [
            -71.85277,
            42.192648
          ],
          [
            -71.925596,
            42.173429
          ],
          [
            -71.966867,
            42.15452
          ],
          [
            -72.008615,
            42.148013
          ],
          [
            -72.060408,
            42.131268
          ],
          [
            -72.074398,
            42.117568
          ],
          [
            -72.094,
            42.111027
          ],
          [
            -72.117095,
            42.11551
          ],
          [
            -72.130559,
            42.147443
          ],
          [
            -72.138356,
            42.150432
          ],
          [
            -72.163723,
            42.181981
          ],
          [
            -72.18022,
            42.192222
          ],
          [
            -72.191825,
            42.212006
          ],
          [
            -72.171849,
            42.22239
          ],
          [
            -72.160308,
            42.235326
          ],
          [
            -72.200071,
            42.269226
          ]
        ],
        "type": "LineString"
      }
    },
    {
      "type": "Feature",
      "id": "d1-rock-house-reservation-to-holy-land-usa",
      "properties": {
        "feature_kind": "drive_leg",
        "route_id": "route-05",
        "day": 1,
        "date": "2026-10-04",
        "from": "rock-house-reservation",
        "to": "holy-land-usa",
        "distance_miles": 84.2,
        "baseline_minutes": 116,
        "traffic_risk": "high",
        "map_color": "#E11D48",
        "energy_rebuild": true
      },
      "geometry": {
        "coordinates": [
          [
            -72.200071,
            42.269226
          ],
          [
            -72.242655,
            42.260614
          ],
          [
            -72.287522,
            42.237753
          ],
          [
            -72.326324,
            42.168984
          ],
          [
            -72.347589,
            42.170169
          ],
          [
            -72.381481,
            42.153908
          ],
          [
            -72.447241,
            42.170514
          ],
          [
            -72.546763,
            42.163814
          ],
          [
            -72.558584,
            42.131174
          ],
          [
            -72.600895,
            42.107351
          ],
          [
            -72.579182,
            42.082676
          ],
          [
            -72.588948,
            42.065018
          ],
          [
            -72.587583,
            41.972763
          ],
          [
            -72.611287,
            41.921815
          ],
          [
            -72.629623,
            41.914669
          ],
          [
            -72.661925,
            41.879414
          ],
          [
            -72.666046,
            41.81984
          ],
          [
            -72.654613,
            41.797325
          ],
          [
            -72.669477,
            41.770844
          ],
          [
            -72.695064,
            41.763587
          ],
          [
            -72.705535,
            41.750358
          ],
          [
            -72.734034,
            41.748804
          ],
          [
            -72.75832,
            41.727522
          ],
          [
            -72.793869,
            41.721529
          ],
          [
            -72.82252,
            41.6712
          ],
          [
            -72.844361,
            41.669418
          ],
          [
            -72.894193,
            41.618503
          ],
          [
            -72.899906,
            41.581776
          ],
          [
            -72.944187,
            41.543283
          ],
          [
            -73.004448,
            41.538187
          ],
          [
            -73.034111,
            41.543726
          ],
          [
            -73.029819,
            41.549091
          ]
        ],
        "type": "LineString"
      }
    },
    {
      "type": "Feature",
      "id": "d1-holy-land-usa-to-danbury-lodging",
      "properties": {
        "feature_kind": "drive_leg",
        "route_id": "route-05",
        "day": 1,
        "date": "2026-10-04",
        "from": "holy-land-usa",
        "to": "danbury-lodging",
        "distance_miles": 29.5,
        "baseline_minutes": 39,
        "traffic_risk": "high",
        "map_color": "#E11D48",
        "energy_rebuild": true
      },
      "geometry": {
        "coordinates": [
          [
            -73.029819,
            41.549091
          ],
          [
            -73.033956,
            41.549319
          ],
          [
            -73.034804,
            41.552974
          ],
          [
            -73.041159,
            41.55356
          ],
          [
            -73.068444,
            41.547943
          ],
          [
            -73.085931,
            41.537349
          ],
          [
            -73.088857,
            41.526146
          ],
          [
            -73.092511,
            41.522615
          ],
          [
            -73.138366,
            41.50898
          ],
          [
            -73.163613,
            41.49338
          ],
          [
            -73.211646,
            41.476933
          ],
          [
            -73.222469,
            41.46581
          ],
          [
            -73.248145,
            41.450771
          ],
          [
            -73.250137,
            41.445048
          ],
          [
            -73.2476,
            41.43384
          ],
          [
            -73.266752,
            41.415255
          ],
          [
            -73.289385,
            41.417327
          ],
          [
            -73.314484,
            41.429437
          ],
          [
            -73.326122,
            41.426759
          ],
          [
            -73.351742,
            41.425852
          ],
          [
            -73.362572,
            41.422615
          ],
          [
            -73.374777,
            41.424994
          ],
          [
            -73.410031,
            41.414031
          ],
          [
            -73.424652,
            41.418455
          ],
          [
            -73.45225,
            41.411441
          ],
          [
            -73.462837,
            41.404987
          ],
          [
            -73.459703,
            41.404608
          ],
          [
            -73.454166,
            41.394962
          ]
        ],
        "type": "LineString"
      }
    },
    {
      "type": "Feature",
      "id": "d2-danbury-lodging-to-milford-pa-break",
      "properties": {
        "feature_kind": "drive_leg",
        "route_id": "route-05",
        "day": 2,
        "date": "2026-10-05",
        "from": "danbury-lodging",
        "to": "milford-pa-break",
        "distance_miles": 83.8,
        "baseline_minutes": 108,
        "traffic_risk": "medium",
        "map_color": "#E11D48",
        "energy_rebuild": true
      },
      "geometry": {
        "coordinates": [
          [
            -73.454166,
            41.394962
          ],
          [
            -73.468658,
            41.388694
          ],
          [
            -73.478115,
            41.39036
          ],
          [
            -73.477044,
            41.386397
          ],
          [
            -73.484225,
            41.383637
          ],
          [
            -73.528747,
            41.3929
          ],
          [
            -73.577821,
            41.383478
          ],
          [
            -73.597235,
            41.390274
          ],
          [
            -73.602502,
            41.401426
          ],
          [
            -73.629248,
            41.427915
          ],
          [
            -73.654951,
            41.483376
          ],
          [
            -73.71418,
            41.543963
          ],
          [
            -73.738527,
            41.54874
          ],
          [
            -73.804593,
            41.530728
          ],
          [
            -73.83356,
            41.532791
          ],
          [
            -73.862912,
            41.524817
          ],
          [
            -73.903695,
            41.52265
          ],
          [
            -73.922588,
            41.529846
          ],
          [
            -73.946704,
            41.530123
          ],
          [
            -73.972016,
            41.51813
          ],
          [
            -74.010342,
            41.521216
          ],
          [
            -74.0509,
            41.513623
          ],
          [
            -74.080275,
            41.515554
          ],
          [
            -74.10129,
            41.522822
          ],
          [
            -74.133901,
            41.512479
          ],
          [
            -74.192507,
            41.517223
          ],
          [
            -74.230868,
            41.502436
          ],
          [
            -74.260965,
            41.497215
          ],
          [
            -74.31633,
            41.469816
          ],
          [
            -74.341548,
            41.464347
          ],
          [
            -74.370819,
            41.447384
          ],
          [
            -74.397932,
            41.424817
          ],
          [
            -74.431032,
            41.412268
          ],
          [
            -74.468392,
            41.404375
          ],
          [
            -74.500634,
            41.40721
          ],
          [
            -74.528795,
            41.397317
          ],
          [
            -74.546317,
            41.396941
          ],
          [
            -74.611364,
            41.37435
          ],
          [
            -74.638763,
            41.373477
          ],
          [
            -74.676824,
            41.353958
          ],
          [
            -74.709537,
            41.360427
          ],
          [
            -74.717042,
            41.355297
          ],
          [
            -74.755632,
            41.346273
          ],
          [
            -74.802137,
            41.322324
          ]
        ],
        "type": "LineString"
      }
    },
    {
      "type": "Feature",
      "id": "d2-milford-pa-break-to-lackawanna-coal",
      "properties": {
        "feature_kind": "drive_leg",
        "route_id": "route-05",
        "day": 2,
        "date": "2026-10-05",
        "from": "milford-pa-break",
        "to": "lackawanna-coal",
        "distance_miles": 57.8,
        "baseline_minutes": 76,
        "traffic_risk": "medium",
        "map_color": "#E11D48",
        "energy_rebuild": true
      },
      "geometry": {
        "coordinates": [
          [
            -74.802137,
            41.322324
          ],
          [
            -74.836532,
            41.340134
          ],
          [
            -74.852151,
            41.332873
          ],
          [
            -74.874551,
            41.340458
          ],
          [
            -74.917368,
            41.342445
          ],
          [
            -74.947483,
            41.350104
          ],
          [
            -74.973916,
            41.351947
          ],
          [
            -74.994825,
            41.346425
          ],
          [
            -75.046308,
            41.358164
          ],
          [
            -75.091954,
            41.356933
          ],
          [
            -75.133092,
            41.36813
          ],
          [
            -75.172663,
            41.359761
          ],
          [
            -75.211559,
            41.361048
          ],
          [
            -75.24006,
            41.351612
          ],
          [
            -75.283525,
            41.347291
          ],
          [
            -75.301668,
            41.340241
          ],
          [
            -75.331147,
            41.343941
          ],
          [
            -75.35154,
            41.353774
          ],
          [
            -75.378679,
            41.354617
          ],
          [
            -75.395434,
            41.349024
          ],
          [
            -75.44627,
            41.369418
          ],
          [
            -75.463645,
            41.389879
          ],
          [
            -75.508862,
            41.407728
          ],
          [
            -75.540415,
            41.398119
          ],
          [
            -75.573037,
            41.375383
          ],
          [
            -75.58012,
            41.381744
          ],
          [
            -75.584266,
            41.399529
          ],
          [
            -75.607304,
            41.423358
          ],
          [
            -75.628432,
            41.434328
          ],
          [
            -75.629842,
            41.445882
          ],
          [
            -75.659626,
            41.458785
          ],
          [
            -75.705979,
            41.412642
          ],
          [
            -75.715666,
            41.417338
          ]
        ],
        "type": "LineString"
      }
    },
    {
      "type": "Feature",
      "id": "d2-lackawanna-coal-to-scranton-iron",
      "properties": {
        "feature_kind": "drive_leg",
        "route_id": "route-05",
        "day": 2,
        "date": "2026-10-05",
        "from": "lackawanna-coal",
        "to": "scranton-iron",
        "distance_miles": 4.4,
        "baseline_minutes": 13,
        "traffic_risk": "medium",
        "map_color": "#E11D48",
        "energy_rebuild": true
      },
      "geometry": {
        "coordinates": [
          [
            -75.715666,
            41.417338
          ],
          [
            -75.715284,
            41.417743
          ],
          [
            -75.714081,
            41.417018
          ],
          [
            -75.713373,
            41.415603
          ],
          [
            -75.711545,
            41.417673
          ],
          [
            -75.710378,
            41.417722
          ],
          [
            -75.709908,
            41.417171
          ],
          [
            -75.710563,
            41.415935
          ],
          [
            -75.710104,
            41.414561
          ],
          [
            -75.705979,
            41.412642
          ],
          [
            -75.70143,
            41.418658
          ],
          [
            -75.701049,
            41.417938
          ],
          [
            -75.701013,
            41.416541
          ],
          [
            -75.700442,
            41.41612
          ],
          [
            -75.684288,
            41.408256
          ],
          [
            -75.683248,
            41.409788
          ],
          [
            -75.677254,
            41.414973
          ],
          [
            -75.671749,
            41.412169
          ],
          [
            -75.671242,
            41.410669
          ],
          [
            -75.663702,
            41.40591
          ],
          [
            -75.66408,
            41.405327
          ],
          [
            -75.663961,
            41.403792
          ],
          [
            -75.662563,
            41.403926
          ]
        ],
        "type": "LineString"
      }
    },
    {
      "type": "Feature",
      "id": "d2-scranton-iron-to-scranton-lodging",
      "properties": {
        "feature_kind": "drive_leg",
        "route_id": "route-05",
        "day": 2,
        "date": "2026-10-05",
        "from": "scranton-iron",
        "to": "scranton-lodging",
        "distance_miles": 0.8,
        "baseline_minutes": 3,
        "traffic_risk": "medium",
        "map_color": "#E11D48",
        "energy_rebuild": true
      },
      "geometry": {
        "coordinates": [
          [
            -75.662563,
            41.403926
          ],
          [
            -75.663089,
            41.403872
          ],
          [
            -75.663474,
            41.403693
          ],
          [
            -75.663743,
            41.403819
          ],
          [
            -75.663961,
            41.403792
          ],
          [
            -75.663894,
            41.404547
          ],
          [
            -75.664082,
            41.405242
          ],
          [
            -75.663978,
            41.405629
          ],
          [
            -75.659725,
            41.409461
          ],
          [
            -75.661065,
            41.410307
          ],
          [
            -75.662663,
            41.408876
          ]
        ],
        "type": "LineString"
      }
    },
    {
      "type": "Feature",
      "id": "d3-scranton-lodging-to-eckley-miners-village",
      "properties": {
        "feature_kind": "drive_leg",
        "route_id": "route-05",
        "day": 3,
        "date": "2026-10-06",
        "from": "scranton-lodging",
        "to": "eckley-miners-village",
        "distance_miles": 43.3,
        "baseline_minutes": 68,
        "traffic_risk": "medium",
        "map_color": "#E11D48",
        "energy_rebuild": true
      },
      "geometry": {
        "coordinates": [
          [
            -75.662663,
            41.408876
          ],
          [
            -75.664927,
            41.401967
          ],
          [
            -75.652017,
            41.393749
          ],
          [
            -75.669174,
            41.375835
          ],
          [
            -75.688601,
            41.370221
          ],
          [
            -75.706001,
            41.358724
          ],
          [
            -75.721795,
            41.355693
          ],
          [
            -75.737107,
            41.335818
          ],
          [
            -75.73875,
            41.319719
          ],
          [
            -75.762499,
            41.309662
          ],
          [
            -75.755856,
            41.309946
          ],
          [
            -75.764031,
            41.303096
          ],
          [
            -75.770206,
            41.274885
          ],
          [
            -75.780017,
            41.264698
          ],
          [
            -75.768018,
            41.250658
          ],
          [
            -75.788703,
            41.236228
          ],
          [
            -75.803998,
            41.213549
          ],
          [
            -75.775717,
            41.166263
          ],
          [
            -75.774948,
            41.125939
          ],
          [
            -75.752488,
            41.107564
          ],
          [
            -75.734089,
            41.081655
          ],
          [
            -75.707889,
            41.073657
          ],
          [
            -75.702193,
            41.067419
          ],
          [
            -75.723643,
            41.056373
          ],
          [
            -75.745469,
            41.060775
          ],
          [
            -75.776103,
            41.055831
          ],
          [
            -75.782696,
            41.036777
          ],
          [
            -75.777776,
            41.030819
          ],
          [
            -75.801382,
            41.025876
          ],
          [
            -75.862425,
            40.99344
          ]
        ],
        "type": "LineString"
      }
    },
    {
      "type": "Feature",
      "id": "d3-eckley-miners-village-to-hickory-run-boulder-field",
      "properties": {
        "feature_kind": "drive_leg",
        "route_id": "route-05",
        "day": 3,
        "date": "2026-10-06",
        "from": "eckley-miners-village",
        "to": "hickory-run-boulder-field",
        "distance_miles": 12.1,
        "baseline_minutes": 32,
        "traffic_risk": "medium",
        "map_color": "#E11D48",
        "energy_rebuild": true
      },
      "geometry": {
        "coordinates": [
          [
            -75.862425,
            40.99344
          ],
          [
            -75.853492,
            40.996595
          ],
          [
            -75.851511,
            40.999232
          ],
          [
            -75.849763,
            40.998598
          ],
          [
            -75.84792,
            41.003201
          ],
          [
            -75.837672,
            41.004116
          ],
          [
            -75.835303,
            41.008294
          ],
          [
            -75.816327,
            41.018996
          ],
          [
            -75.810823,
            41.020468
          ],
          [
            -75.801382,
            41.025876
          ],
          [
            -75.798022,
            41.027252
          ],
          [
            -75.792384,
            41.026801
          ],
          [
            -75.79183,
            41.028888
          ],
          [
            -75.778689,
            41.03041
          ],
          [
            -75.770353,
            41.032632
          ],
          [
            -75.764949,
            41.035444
          ],
          [
            -75.762045,
            41.038551
          ],
          [
            -75.759425,
            41.038829
          ],
          [
            -75.746987,
            41.034393
          ],
          [
            -75.734018,
            41.034869
          ],
          [
            -75.732443,
            41.032437
          ],
          [
            -75.720715,
            41.023629
          ],
          [
            -75.714097,
            41.020457
          ],
          [
            -75.709644,
            41.024779
          ],
          [
            -75.70075,
            41.026696
          ],
          [
            -75.691554,
            41.026598
          ],
          [
            -75.677958,
            41.021915
          ],
          [
            -75.680602,
            41.021877
          ]
        ],
        "type": "LineString"
      }
    },
    {
      "type": "Feature",
      "id": "d3-hickory-run-boulder-field-to-lancaster-lodging",
      "properties": {
        "feature_kind": "drive_leg",
        "route_id": "route-05",
        "day": 3,
        "date": "2026-10-06",
        "from": "hickory-run-boulder-field",
        "to": "lancaster-lodging",
        "distance_miles": 99.7,
        "baseline_minutes": 140,
        "traffic_risk": "medium",
        "map_color": "#E11D48",
        "energy_rebuild": true
      },
      "geometry": {
        "coordinates": [
          [
            -75.680602,
            41.021877
          ],
          [
            -75.639558,
            41.009
          ],
          [
            -75.608015,
            41.018405
          ],
          [
            -75.59918,
            41.013016
          ],
          [
            -75.630096,
            40.983112
          ],
          [
            -75.648422,
            40.918633
          ],
          [
            -75.639567,
            40.895753
          ],
          [
            -75.657344,
            40.878978
          ],
          [
            -75.649907,
            40.858989
          ],
          [
            -75.678753,
            40.820772
          ],
          [
            -75.673349,
            40.796317
          ],
          [
            -75.656048,
            40.785502
          ],
          [
            -75.628192,
            40.721721
          ],
          [
            -75.60494,
            40.696288
          ],
          [
            -75.56716,
            40.59255
          ],
          [
            -75.626262,
            40.581038
          ],
          [
            -75.618172,
            40.572625
          ],
          [
            -75.672212,
            40.544488
          ],
          [
            -75.784099,
            40.526145
          ],
          [
            -75.809871,
            40.496668
          ],
          [
            -75.902907,
            40.445787
          ],
          [
            -75.927872,
            40.408751
          ],
          [
            -75.927265,
            40.372098
          ],
          [
            -75.995086,
            40.316161
          ],
          [
            -76.03988,
            40.241758
          ],
          [
            -76.056615,
            40.226951
          ],
          [
            -76.116987,
            40.205531
          ],
          [
            -76.156524,
            40.155387
          ],
          [
            -76.201867,
            40.141108
          ],
          [
            -76.24228,
            40.113805
          ],
          [
            -76.291426,
            40.06716
          ],
          [
            -76.278226,
            40.059635
          ],
          [
            -76.307576,
            40.037763
          ]
        ],
        "type": "LineString"
      }
    },
    {
      "type": "Feature",
      "id": "d4-lancaster-lodging-to-strasburg-rail-road",
      "properties": {
        "feature_kind": "drive_leg",
        "route_id": "route-05",
        "day": 4,
        "date": "2026-10-07",
        "from": "lancaster-lodging",
        "to": "strasburg-rail-road",
        "distance_miles": 8.7,
        "baseline_minutes": 20,
        "traffic_risk": "low",
        "map_color": "#E11D48",
        "energy_rebuild": true
      },
      "geometry": {
        "coordinates": [
          [
            -76.307576,
            40.037763
          ],
          [
            -76.303602,
            40.038197
          ],
          [
            -76.303017,
            40.034935
          ],
          [
            -76.285416,
            40.02395
          ],
          [
            -76.275416,
            40.023125
          ],
          [
            -76.274167,
            40.022082
          ],
          [
            -76.270171,
            40.021621
          ],
          [
            -76.264669,
            40.022893
          ],
          [
            -76.260151,
            40.015753
          ],
          [
            -76.255678,
            40.012754
          ],
          [
            -76.248122,
            40.006328
          ],
          [
            -76.243242,
            39.997628
          ],
          [
            -76.239893,
            39.990112
          ],
          [
            -76.226766,
            39.989216
          ],
          [
            -76.219583,
            39.989934
          ],
          [
            -76.217814,
            39.989399
          ],
          [
            -76.215948,
            39.98687
          ],
          [
            -76.200084,
            39.97953
          ],
          [
            -76.18411,
            39.983059
          ]
        ],
        "type": "LineString"
      }
    },
    {
      "type": "Feature",
      "id": "d4-strasburg-rail-road-to-ephrata-cloister",
      "properties": {
        "feature_kind": "drive_leg",
        "route_id": "route-05",
        "day": 4,
        "date": "2026-10-07",
        "from": "strasburg-rail-road",
        "to": "ephrata-cloister",
        "distance_miles": 16.9,
        "baseline_minutes": 34,
        "traffic_risk": "low",
        "map_color": "#E11D48",
        "energy_rebuild": true
      },
      "geometry": {
        "coordinates": [
          [
            -76.18411,
            39.983059
          ],
          [
            -76.178308,
            39.982829
          ],
          [
            -76.178335,
            39.984242
          ],
          [
            -76.199347,
            40.039096
          ],
          [
            -76.208305,
            40.039543
          ],
          [
            -76.214982,
            40.056613
          ],
          [
            -76.20413,
            40.074065
          ],
          [
            -76.207235,
            40.085746
          ],
          [
            -76.19503,
            40.08681
          ],
          [
            -76.200669,
            40.10685
          ],
          [
            -76.214156,
            40.116944
          ],
          [
            -76.213366,
            40.121812
          ],
          [
            -76.217063,
            40.130946
          ],
          [
            -76.211757,
            40.135514
          ],
          [
            -76.209109,
            40.148613
          ],
          [
            -76.196984,
            40.17079
          ],
          [
            -76.195502,
            40.1796
          ],
          [
            -76.189942,
            40.184288
          ],
          [
            -76.186237,
            40.184523
          ],
          [
            -76.1889,
            40.183094
          ]
        ],
        "type": "LineString"
      }
    },
    {
      "type": "Feature",
      "id": "d4-ephrata-cloister-to-harrisburg-lodging",
      "properties": {
        "feature_kind": "drive_leg",
        "route_id": "route-05",
        "day": 4,
        "date": "2026-10-07",
        "from": "ephrata-cloister",
        "to": "harrisburg-lodging",
        "distance_miles": 43.6,
        "baseline_minutes": 64,
        "traffic_risk": "low",
        "map_color": "#E11D48",
        "energy_rebuild": true
      },
      "geometry": {
        "coordinates": [
          [
            -76.1889,
            40.183094
          ],
          [
            -76.186237,
            40.184523
          ],
          [
            -76.213166,
            40.204546
          ],
          [
            -76.268123,
            40.222738
          ],
          [
            -76.287007,
            40.222202
          ],
          [
            -76.329783,
            40.234668
          ],
          [
            -76.345299,
            40.249185
          ],
          [
            -76.363018,
            40.247393
          ],
          [
            -76.375322,
            40.255817
          ],
          [
            -76.38255,
            40.257888
          ],
          [
            -76.412962,
            40.252152
          ],
          [
            -76.430839,
            40.257442
          ],
          [
            -76.43505,
            40.250105
          ],
          [
            -76.434934,
            40.234052
          ],
          [
            -76.438114,
            40.23019
          ],
          [
            -76.477334,
            40.22654
          ],
          [
            -76.491769,
            40.22803
          ],
          [
            -76.514213,
            40.225894
          ],
          [
            -76.544138,
            40.21045
          ],
          [
            -76.597759,
            40.207376
          ],
          [
            -76.618387,
            40.209198
          ],
          [
            -76.645062,
            40.207161
          ],
          [
            -76.65963,
            40.209155
          ],
          [
            -76.679972,
            40.204619
          ],
          [
            -76.708251,
            40.209758
          ],
          [
            -76.75319,
            40.210725
          ],
          [
            -76.785614,
            40.215487
          ],
          [
            -76.797567,
            40.234383
          ],
          [
            -76.812344,
            40.248653
          ],
          [
            -76.813188,
            40.25312
          ],
          [
            -76.825288,
            40.253882
          ],
          [
            -76.839071,
            40.258248
          ],
          [
            -76.859057,
            40.256364
          ],
          [
            -76.871661,
            40.252152
          ],
          [
            -76.886651,
            40.261937
          ]
        ],
        "type": "LineString"
      }
    },
    {
      "type": "Feature",
      "id": "d5-harrisburg-lodging-to-harpers-visitor-parking",
      "properties": {
        "feature_kind": "drive_leg",
        "route_id": "route-05",
        "day": 5,
        "date": "2026-10-08",
        "from": "harrisburg-lodging",
        "to": "harpers-visitor-parking",
        "distance_miles": 92.2,
        "baseline_minutes": 125,
        "traffic_risk": "medium",
        "map_color": "#E11D48",
        "energy_rebuild": true
      },
      "geometry": {
        "coordinates": [
          [
            -76.886651,
            40.261937
          ],
          [
            -76.934904,
            40.246509
          ],
          [
            -76.934167,
            40.224541
          ],
          [
            -76.971067,
            40.20058
          ],
          [
            -77.036964,
            40.118089
          ],
          [
            -77.07786,
            40.036818
          ],
          [
            -77.119897,
            39.988812
          ],
          [
            -77.137156,
            39.944004
          ],
          [
            -77.158932,
            39.926358
          ],
          [
            -77.196664,
            39.865149
          ],
          [
            -77.194491,
            39.810483
          ],
          [
            -77.20283,
            39.796744
          ],
          [
            -77.261168,
            39.763991
          ],
          [
            -77.298759,
            39.734587
          ],
          [
            -77.322716,
            39.691961
          ],
          [
            -77.345999,
            39.683867
          ],
          [
            -77.416328,
            39.630992
          ],
          [
            -77.435664,
            39.579957
          ],
          [
            -77.397023,
            39.480796
          ],
          [
            -77.404155,
            39.441751
          ],
          [
            -77.433059,
            39.420074
          ],
          [
            -77.434688,
            39.405718
          ],
          [
            -77.454705,
            39.387625
          ],
          [
            -77.509304,
            39.363513
          ],
          [
            -77.619653,
            39.350889
          ],
          [
            -77.653714,
            39.333014
          ],
          [
            -77.695952,
            39.333331
          ],
          [
            -77.711517,
            39.320017
          ],
          [
            -77.752643,
            39.315663
          ]
        ],
        "type": "LineString"
      }
    },
    {
      "type": "Feature",
      "id": "d5-harpers-visitor-parking-to-winchester-lodging",
      "properties": {
        "feature_kind": "drive_leg",
        "route_id": "route-05",
        "day": 5,
        "date": "2026-10-08",
        "from": "harpers-visitor-parking",
        "to": "winchester-lodging",
        "distance_miles": 29.7,
        "baseline_minutes": 45,
        "traffic_risk": "medium",
        "map_color": "#E11D48",
        "energy_rebuild": true
      },
      "geometry": {
        "coordinates": [
          [
            -77.752643,
            39.315663
          ],
          [
            -77.757968,
            39.314183
          ],
          [
            -77.759114,
            39.319103
          ],
          [
            -77.780544,
            39.316941
          ],
          [
            -77.790651,
            39.314634
          ],
          [
            -77.798891,
            39.308651
          ],
          [
            -77.833614,
            39.296848
          ],
          [
            -77.841275,
            39.29655
          ],
          [
            -77.837787,
            39.285128
          ],
          [
            -77.840506,
            39.278497
          ],
          [
            -77.863022,
            39.263454
          ],
          [
            -77.881154,
            39.256929
          ],
          [
            -77.898308,
            39.239145
          ],
          [
            -77.899916,
            39.221224
          ],
          [
            -77.914586,
            39.209222
          ],
          [
            -77.919387,
            39.191195
          ],
          [
            -77.965606,
            39.180034
          ],
          [
            -77.976833,
            39.162033
          ],
          [
            -78.031151,
            39.175146
          ],
          [
            -78.070016,
            39.177371
          ],
          [
            -78.088762,
            39.184344
          ],
          [
            -78.11253,
            39.18848
          ],
          [
            -78.134703,
            39.184782
          ],
          [
            -78.167082,
            39.185484
          ]
        ],
        "type": "LineString"
      }
    },
    {
      "type": "Feature",
      "id": "d6-winchester-lodging-to-luray-caverns",
      "properties": {
        "feature_kind": "drive_leg",
        "route_id": "route-05",
        "day": 6,
        "date": "2026-10-09",
        "from": "winchester-lodging",
        "to": "luray-caverns",
        "distance_miles": 50.2,
        "baseline_minutes": 73,
        "traffic_risk": "medium",
        "map_color": "#E11D48",
        "energy_rebuild": true
      },
      "geometry": {
        "coordinates": [
          [
            -78.167082,
            39.185484
          ],
          [
            -78.170008,
            39.177068
          ],
          [
            -78.160255,
            39.160695
          ],
          [
            -78.200105,
            39.109873
          ],
          [
            -78.211506,
            39.08597
          ],
          [
            -78.269481,
            39.028405
          ],
          [
            -78.298007,
            39.011442
          ],
          [
            -78.285607,
            39.001677
          ],
          [
            -78.250355,
            38.99306
          ],
          [
            -78.195444,
            38.962371
          ],
          [
            -78.199946,
            38.953026
          ],
          [
            -78.194896,
            38.910989
          ],
          [
            -78.238407,
            38.893738
          ],
          [
            -78.252877,
            38.866345
          ],
          [
            -78.293807,
            38.846898
          ],
          [
            -78.341066,
            38.816655
          ],
          [
            -78.374562,
            38.7768
          ],
          [
            -78.399388,
            38.75947
          ],
          [
            -78.410197,
            38.737959
          ],
          [
            -78.454368,
            38.689011
          ],
          [
            -78.455256,
            38.673906
          ],
          [
            -78.472014,
            38.671639
          ],
          [
            -78.483722,
            38.663593
          ]
        ],
        "type": "LineString"
      }
    },
    {
      "type": "Feature",
      "id": "d6-luray-caverns-to-skyland-horseback",
      "properties": {
        "feature_kind": "drive_leg",
        "route_id": "route-05",
        "day": 6,
        "date": "2026-10-09",
        "from": "luray-caverns",
        "to": "skyland-horseback",
        "distance_miles": 21.9,
        "baseline_minutes": 44,
        "traffic_risk": "medium",
        "map_color": "#E11D48",
        "energy_rebuild": true
      },
      "geometry": {
        "coordinates": [
          [
            -78.483722,
            38.663593
          ],
          [
            -78.482562,
            38.665307
          ],
          [
            -78.480355,
            38.664004
          ],
          [
            -78.476218,
            38.669111
          ],
          [
            -78.469486,
            38.672135
          ],
          [
            -78.457743,
            38.672612
          ],
          [
            -78.428501,
            38.67637
          ],
          [
            -78.385399,
            38.673134
          ],
          [
            -78.381337,
            38.670766
          ],
          [
            -78.369487,
            38.659486
          ],
          [
            -78.358026,
            38.657333
          ],
          [
            -78.353179,
            38.653379
          ],
          [
            -78.350862,
            38.653464
          ],
          [
            -78.348344,
            38.655475
          ],
          [
            -78.338504,
            38.656347
          ],
          [
            -78.334018,
            38.659106
          ],
          [
            -78.329568,
            38.658537
          ],
          [
            -78.329868,
            38.661367
          ],
          [
            -78.332164,
            38.663638
          ],
          [
            -78.321877,
            38.660694
          ],
          [
            -78.319512,
            38.660633
          ],
          [
            -78.320046,
            38.662021
          ],
          [
            -78.322452,
            38.661622
          ],
          [
            -78.316164,
            38.656865
          ],
          [
            -78.312808,
            38.655999
          ],
          [
            -78.311321,
            38.650705
          ],
          [
            -78.309209,
            38.649425
          ],
          [
            -78.307611,
            38.645369
          ],
          [
            -78.311185,
            38.642999
          ],
          [
            -78.314611,
            38.636216
          ],
          [
            -78.318635,
            38.63619
          ],
          [
            -78.319279,
            38.634081
          ],
          [
            -78.32256,
            38.632977
          ],
          [
            -78.321524,
            38.630665
          ],
          [
            -78.32283,
            38.626195
          ],
          [
            -78.321307,
            38.625121
          ],
          [
            -78.321289,
            38.623191
          ],
          [
            -78.322782,
            38.622522
          ],
          [
            -78.323131,
            38.624456
          ],
          [
            -78.326843,
            38.625541
          ],
          [
            -78.328186,
            38.62488
          ],
          [
            -78.328175,
            38.623066
          ],
          [
            -78.331677,
            38.62277
          ],
          [
            -78.338098,
            38.627429
          ],
          [
            -78.344224,
            38.621083
          ],
          [
            -78.342369,
            38.619141
          ],
          [
            -78.343019,
            38.616042
          ],
          [
            -78.351344,
            38.615644
          ],
          [
            -78.356063,
            38.613057
          ],
          [
            -78.35936,
            38.613396
          ],
          [
            -78.36214,
            38.612421
          ],
          [
            -78.366489,
            38.606592
          ],
          [
            -78.362649,
            38.59633
          ],
          [
            -78.35986,
            38.595913
          ],
          [
            -78.360982,
            38.586792
          ],
          [
            -78.368118,
            38.585376
          ],
          [
            -78.373029,
            38.59226
          ],
          [
            -78.380616,
            38.595016
          ],
          [
            -78.382097,
            38.593771
          ]
        ],
        "type": "LineString"
      }
    },
    {
      "type": "Feature",
      "id": "d6-skyland-horseback-to-bearfence-scramble",
      "properties": {
        "feature_kind": "drive_leg",
        "route_id": "route-05",
        "day": 6,
        "date": "2026-10-09",
        "from": "skyland-horseback",
        "to": "bearfence-scramble",
        "distance_miles": 14.6,
        "baseline_minutes": 34,
        "traffic_risk": "medium",
        "map_color": "#E11D48",
        "energy_rebuild": true
      },
      "geometry": {
        "coordinates": [
          [
            -78.382097,
            38.593771
          ],
          [
            -78.38377,
            38.591013
          ],
          [
            -78.383017,
            38.586146
          ],
          [
            -78.384359,
            38.583419
          ],
          [
            -78.382304,
            38.579386
          ],
          [
            -78.383804,
            38.573749
          ],
          [
            -78.382939,
            38.571955
          ],
          [
            -78.377939,
            38.56936
          ],
          [
            -78.384198,
            38.559436
          ],
          [
            -78.378084,
            38.556138
          ],
          [
            -78.386409,
            38.556614
          ],
          [
            -78.385785,
            38.55007
          ],
          [
            -78.393449,
            38.543311
          ],
          [
            -78.402543,
            38.544859
          ],
          [
            -78.40263,
            38.547133
          ],
          [
            -78.405944,
            38.549194
          ],
          [
            -78.41452,
            38.547736
          ],
          [
            -78.414182,
            38.540662
          ],
          [
            -78.418446,
            38.538137
          ],
          [
            -78.41927,
            38.533862
          ],
          [
            -78.422687,
            38.532759
          ],
          [
            -78.42777,
            38.525254
          ],
          [
            -78.427904,
            38.521037
          ],
          [
            -78.436423,
            38.517288
          ],
          [
            -78.442279,
            38.516838
          ],
          [
            -78.444194,
            38.515718
          ],
          [
            -78.445287,
            38.511997
          ],
          [
            -78.441691,
            38.508965
          ],
          [
            -78.44151,
            38.506528
          ],
          [
            -78.4502,
            38.494586
          ],
          [
            -78.451119,
            38.489292
          ],
          [
            -78.456286,
            38.47829
          ],
          [
            -78.457806,
            38.469837
          ],
          [
            -78.456834,
            38.464469
          ],
          [
            -78.460748,
            38.462537
          ],
          [
            -78.468189,
            38.448665
          ]
        ],
        "type": "LineString"
      }
    },
    {
      "type": "Feature",
      "id": "d6-bearfence-scramble-to-charlottesville-lodging",
      "properties": {
        "feature_kind": "drive_leg",
        "route_id": "route-05",
        "day": 6,
        "date": "2026-10-09",
        "from": "bearfence-scramble",
        "to": "charlottesville-lodging",
        "distance_miles": 40.3,
        "baseline_minutes": 67,
        "traffic_risk": "medium",
        "map_color": "#E11D48",
        "energy_rebuild": true
      },
      "geometry": {
        "coordinates": [
          [
            -78.468189,
            38.448665
          ],
          [
            -78.480062,
            38.438706
          ],
          [
            -78.491987,
            38.40594
          ],
          [
            -78.507666,
            38.396947
          ],
          [
            -78.508213,
            38.387411
          ],
          [
            -78.513527,
            38.388892
          ],
          [
            -78.531574,
            38.368749
          ],
          [
            -78.54337,
            38.366812
          ],
          [
            -78.545483,
            38.357804
          ],
          [
            -78.549357,
            38.360037
          ],
          [
            -78.543396,
            38.355392
          ],
          [
            -78.536428,
            38.357283
          ],
          [
            -78.529735,
            38.347828
          ],
          [
            -78.512054,
            38.344241
          ],
          [
            -78.497151,
            38.332238
          ],
          [
            -78.479441,
            38.327113
          ],
          [
            -78.463107,
            38.300137
          ],
          [
            -78.420283,
            38.283218
          ],
          [
            -78.386593,
            38.236898
          ],
          [
            -78.369535,
            38.233231
          ],
          [
            -78.433665,
            38.134358
          ],
          [
            -78.491724,
            38.062147
          ],
          [
            -78.475098,
            38.042531
          ],
          [
            -78.484619,
            38.032883
          ],
          [
            -78.481907,
            38.029286
          ]
        ],
        "type": "LineString"
      }
    },
    {
      "type": "Feature",
      "id": "d7-charlottesville-lodging-to-blue-ridge-tunnel",
      "properties": {
        "feature_kind": "drive_leg",
        "route_id": "route-05",
        "day": 7,
        "date": "2026-10-10",
        "from": "charlottesville-lodging",
        "to": "blue-ridge-tunnel",
        "distance_miles": 23.2,
        "baseline_minutes": 30,
        "traffic_risk": "low",
        "map_color": "#E11D48",
        "energy_rebuild": true
      },
      "geometry": {
        "coordinates": [
          [
            -78.481907,
            38.029286
          ],
          [
            -78.482262,
            38.027319
          ],
          [
            -78.486017,
            38.028743
          ],
          [
            -78.491733,
            38.024195
          ],
          [
            -78.503659,
            38.011393
          ],
          [
            -78.512838,
            38.008547
          ],
          [
            -78.523333,
            38.011484
          ],
          [
            -78.539173,
            38.021647
          ],
          [
            -78.575347,
            38.022328
          ],
          [
            -78.607356,
            38.035421
          ],
          [
            -78.658324,
            38.030593
          ],
          [
            -78.681133,
            38.032008
          ],
          [
            -78.734736,
            38.047275
          ],
          [
            -78.755313,
            38.04426
          ],
          [
            -78.777612,
            38.047574
          ],
          [
            -78.802885,
            38.043121
          ],
          [
            -78.816839,
            38.044402
          ],
          [
            -78.855147,
            38.032979
          ],
          [
            -78.861439,
            38.034045
          ],
          [
            -78.857841,
            38.030568
          ],
          [
            -78.859035,
            38.033288
          ]
        ],
        "type": "LineString"
      }
    },
    {
      "type": "Feature",
      "id": "d7-blue-ridge-tunnel-to-monticello",
      "properties": {
        "feature_kind": "drive_leg",
        "route_id": "route-05",
        "day": 7,
        "date": "2026-10-10",
        "from": "blue-ridge-tunnel",
        "to": "monticello",
        "distance_miles": 27.4,
        "baseline_minutes": 34,
        "traffic_risk": "low",
        "map_color": "#E11D48",
        "energy_rebuild": true
      },
      "geometry": {
        "coordinates": [
          [
            -78.859035,
            38.033288
          ],
          [
            -78.856759,
            38.03152
          ],
          [
            -78.859817,
            38.034285
          ],
          [
            -78.863175,
            38.031933
          ],
          [
            -78.848332,
            38.034415
          ],
          [
            -78.8168,
            38.044228
          ],
          [
            -78.802625,
            38.042988
          ],
          [
            -78.778203,
            38.0474
          ],
          [
            -78.754929,
            38.044029
          ],
          [
            -78.735455,
            38.047006
          ],
          [
            -78.675252,
            38.030167
          ],
          [
            -78.607188,
            38.034954
          ],
          [
            -78.576635,
            38.022368
          ],
          [
            -78.541731,
            38.021992
          ],
          [
            -78.519405,
            38.009645
          ],
          [
            -78.4942,
            38.006984
          ],
          [
            -78.461601,
            38.015053
          ],
          [
            -78.430422,
            38.0197
          ],
          [
            -78.441933,
            38.029576
          ],
          [
            -78.449893,
            38.033661
          ],
          [
            -78.453094,
            38.033781
          ],
          [
            -78.453047,
            38.032202
          ]
        ],
        "type": "LineString"
      }
    },
    {
      "type": "Feature",
      "id": "d7-monticello-to-davinci-escape-room",
      "properties": {
        "feature_kind": "drive_leg",
        "route_id": "route-05",
        "day": 7,
        "date": "2026-10-10",
        "from": "monticello",
        "to": "davinci-escape-room",
        "distance_miles": 1.6,
        "baseline_minutes": 6,
        "traffic_risk": "low",
        "map_color": "#E11D48",
        "energy_rebuild": true
      },
      "geometry": {
        "coordinates": [
          [
            -78.453047,
            38.032202
          ],
          [
            -78.453094,
            38.033781
          ],
          [
            -78.45682,
            38.033923
          ],
          [
            -78.457784,
            38.034202
          ],
          [
            -78.45943,
            38.035036
          ],
          [
            -78.461145,
            38.033571
          ],
          [
            -78.464123,
            38.032183
          ],
          [
            -78.465572,
            38.031852
          ],
          [
            -78.467778,
            38.03199
          ],
          [
            -78.473574,
            38.031472
          ],
          [
            -78.474231,
            38.03102
          ],
          [
            -78.475325,
            38.029622
          ],
          [
            -78.476657,
            38.030131
          ],
          [
            -78.476878,
            38.029706
          ],
          [
            -78.47658,
            38.029529
          ]
        ],
        "type": "LineString"
      }
    },
    {
      "type": "Feature",
      "id": "d7-davinci-escape-room-to-charlottesville-lodging",
      "properties": {
        "feature_kind": "drive_leg",
        "route_id": "route-05",
        "day": 7,
        "date": "2026-10-10",
        "from": "davinci-escape-room",
        "to": "charlottesville-lodging",
        "distance_miles": 0.7,
        "baseline_minutes": 3,
        "traffic_risk": "low",
        "map_color": "#E11D48",
        "energy_rebuild": true
      },
      "geometry": {
        "coordinates": [
          [
            -78.47658,
            38.029529
          ],
          [
            -78.476395,
            38.029493
          ],
          [
            -78.47609,
            38.029925
          ],
          [
            -78.475325,
            38.029622
          ],
          [
            -78.475947,
            38.029219
          ],
          [
            -78.476302,
            38.028936
          ],
          [
            -78.476549,
            38.028649
          ],
          [
            -78.476855,
            38.02824
          ],
          [
            -78.477719,
            38.026775
          ],
          [
            -78.480303,
            38.027964
          ],
          [
            -78.482515,
            38.028692
          ],
          [
            -78.482184,
            38.029373
          ],
          [
            -78.481907,
            38.029286
          ]
        ],
        "type": "LineString"
      }
    },
    {
      "type": "Feature",
      "id": "d8-charlottesville-lodging-to-transfiguration-orthodox",
      "properties": {
        "feature_kind": "drive_leg",
        "route_id": "route-05",
        "day": 8,
        "date": "2026-10-11",
        "from": "charlottesville-lodging",
        "to": "transfiguration-orthodox",
        "distance_miles": 0.8,
        "baseline_minutes": 3,
        "traffic_risk": "medium",
        "map_color": "#E11D48",
        "energy_rebuild": true
      },
      "geometry": {
        "coordinates": [
          [
            -78.481907,
            38.029286
          ],
          [
            -78.481446,
            38.029144
          ],
          [
            -78.481107,
            38.029802
          ],
          [
            -78.48261,
            38.030289
          ],
          [
            -78.481901,
            38.03174
          ],
          [
            -78.482671,
            38.03198
          ],
          [
            -78.483032,
            38.032225
          ],
          [
            -78.483387,
            38.033329
          ],
          [
            -78.48338,
            38.033622
          ],
          [
            -78.482776,
            38.034093
          ],
          [
            -78.482261,
            38.034921
          ],
          [
            -78.48181,
            38.035276
          ],
          [
            -78.4799,
            38.036324
          ],
          [
            -78.479356,
            38.036324
          ],
          [
            -78.478983,
            38.03617
          ],
          [
            -78.479136,
            38.035974
          ],
          [
            -78.479665,
            38.035898
          ]
        ],
        "type": "LineString"
      }
    },
    {
      "type": "Feature",
      "id": "d8-transfiguration-orthodox-to-warrenton-break",
      "properties": {
        "feature_kind": "drive_leg",
        "route_id": "route-05",
        "day": 8,
        "date": "2026-10-11",
        "from": "transfiguration-orthodox",
        "to": "warrenton-break",
        "distance_miles": 69.7,
        "baseline_minutes": 99,
        "traffic_risk": "medium",
        "map_color": "#E11D48",
        "energy_rebuild": true
      },
      "geometry": {
        "coordinates": [
          [
            -78.479665,
            38.035898
          ],
          [
            -78.474488,
            38.042964
          ],
          [
            -78.491515,
            38.061976
          ],
          [
            -78.433195,
            38.134572
          ],
          [
            -78.369344,
            38.233031
          ],
          [
            -78.353012,
            38.269405
          ],
          [
            -78.3236,
            38.30736
          ],
          [
            -78.241358,
            38.39165
          ],
          [
            -78.215674,
            38.404944
          ],
          [
            -78.20299,
            38.417522
          ],
          [
            -78.138214,
            38.437833
          ],
          [
            -78.119481,
            38.456395
          ],
          [
            -78.091391,
            38.44943
          ],
          [
            -78.041948,
            38.456934
          ],
          [
            -78.02273,
            38.453603
          ],
          [
            -78.007536,
            38.445509
          ],
          [
            -77.991277,
            38.445754
          ],
          [
            -77.967696,
            38.459799
          ],
          [
            -77.928898,
            38.496989
          ],
          [
            -77.885701,
            38.503929
          ],
          [
            -77.838611,
            38.51724
          ],
          [
            -77.82143,
            38.527024
          ],
          [
            -77.801065,
            38.560727
          ],
          [
            -77.800708,
            38.632656
          ],
          [
            -77.804677,
            38.644766
          ],
          [
            -77.785755,
            38.68561
          ],
          [
            -77.787099,
            38.702928
          ],
          [
            -77.795296,
            38.713399
          ]
        ],
        "type": "LineString"
      }
    },
    {
      "type": "Feature",
      "id": "d8-warrenton-break-to-leesburg-outlets",
      "properties": {
        "feature_kind": "drive_leg",
        "route_id": "route-05",
        "day": 8,
        "date": "2026-10-11",
        "from": "warrenton-break",
        "to": "leesburg-outlets",
        "distance_miles": 36,
        "baseline_minutes": 58,
        "traffic_risk": "medium",
        "map_color": "#E11D48",
        "energy_rebuild": true
      },
      "geometry": {
        "coordinates": [
          [
            -77.795296,
            38.713399
          ],
          [
            -77.790803,
            38.727787
          ],
          [
            -77.778972,
            38.727333
          ],
          [
            -77.73598,
            38.760062
          ],
          [
            -77.665473,
            38.782439
          ],
          [
            -77.661142,
            38.803215
          ],
          [
            -77.634751,
            38.82208
          ],
          [
            -77.638193,
            38.85304
          ],
          [
            -77.62221,
            38.948727
          ],
          [
            -77.622816,
            38.976654
          ],
          [
            -77.613539,
            39.014369
          ],
          [
            -77.624775,
            39.034159
          ],
          [
            -77.622423,
            39.044476
          ],
          [
            -77.601313,
            39.082971
          ],
          [
            -77.588303,
            39.086237
          ],
          [
            -77.574382,
            39.101745
          ],
          [
            -77.554419,
            39.098767
          ],
          [
            -77.53587,
            39.109277
          ],
          [
            -77.539169,
            39.106753
          ]
        ],
        "type": "LineString"
      }
    },
    {
      "type": "Feature",
      "id": "d8-leesburg-outlets-to-leesburg-lodging",
      "properties": {
        "feature_kind": "drive_leg",
        "route_id": "route-05",
        "day": 8,
        "date": "2026-10-11",
        "from": "leesburg-outlets",
        "to": "leesburg-lodging",
        "distance_miles": 2.2,
        "baseline_minutes": 8,
        "traffic_risk": "medium",
        "map_color": "#E11D48",
        "energy_rebuild": true
      },
      "geometry": {
        "coordinates": [
          [
            -77.539169,
            39.106753
          ],
          [
            -77.539032,
            39.106704
          ],
          [
            -77.538525,
            39.108032
          ],
          [
            -77.537896,
            39.108745
          ],
          [
            -77.535977,
            39.108041
          ],
          [
            -77.535442,
            39.109168
          ],
          [
            -77.538168,
            39.110573
          ],
          [
            -77.537749,
            39.112106
          ],
          [
            -77.537711,
            39.113755
          ],
          [
            -77.556636,
            39.113344
          ],
          [
            -77.564608,
            39.115482
          ]
        ],
        "type": "LineString"
      }
    },
    {
      "type": "Feature",
      "id": "d9-leesburg-lodging-to-catoctin-furnace",
      "properties": {
        "feature_kind": "drive_leg",
        "route_id": "route-05",
        "day": 9,
        "date": "2026-10-12",
        "from": "leesburg-lodging",
        "to": "catoctin-furnace",
        "distance_miles": 39.6,
        "baseline_minutes": 61,
        "traffic_risk": "high",
        "map_color": "#E11D48",
        "energy_rebuild": true
      },
      "geometry": {
        "coordinates": [
          [
            -77.564608,
            39.115482
          ],
          [
            -77.547587,
            39.137156
          ],
          [
            -77.536066,
            39.164284
          ],
          [
            -77.538183,
            39.197877
          ],
          [
            -77.529902,
            39.248925
          ],
          [
            -77.543597,
            39.256682
          ],
          [
            -77.548274,
            39.270985
          ],
          [
            -77.515716,
            39.308227
          ],
          [
            -77.503868,
            39.363948
          ],
          [
            -77.454431,
            39.387472
          ],
          [
            -77.431392,
            39.405584
          ],
          [
            -77.435856,
            39.410595
          ],
          [
            -77.433172,
            39.419413
          ],
          [
            -77.405537,
            39.439386
          ],
          [
            -77.399452,
            39.453815
          ],
          [
            -77.398658,
            39.499404
          ],
          [
            -77.422259,
            39.529556
          ],
          [
            -77.435447,
            39.579961
          ],
          [
            -77.430217,
            39.599179
          ],
          [
            -77.419655,
            39.609691
          ]
        ],
        "type": "LineString"
      }
    },
    {
      "type": "Feature",
      "id": "d9-catoctin-furnace-to-harrisburg-riverfront",
      "properties": {
        "feature_kind": "drive_leg",
        "route_id": "route-05",
        "day": 9,
        "date": "2026-10-12",
        "from": "catoctin-furnace",
        "to": "harrisburg-riverfront",
        "distance_miles": 57,
        "baseline_minutes": 77,
        "traffic_risk": "high",
        "map_color": "#E11D48",
        "energy_rebuild": true
      },
      "geometry": {
        "coordinates": [
          [
            -77.419655,
            39.609691
          ],
          [
            -77.414802,
            39.632144
          ],
          [
            -77.345882,
            39.683659
          ],
          [
            -77.32459,
            39.690468
          ],
          [
            -77.316656,
            39.697566
          ],
          [
            -77.297634,
            39.735316
          ],
          [
            -77.275848,
            39.745103
          ],
          [
            -77.260732,
            39.763706
          ],
          [
            -77.230159,
            39.776086
          ],
          [
            -77.202841,
            39.79626
          ],
          [
            -77.194023,
            39.810405
          ],
          [
            -77.198133,
            39.82292
          ],
          [
            -77.196541,
            39.864754
          ],
          [
            -77.158671,
            39.926239
          ],
          [
            -77.136882,
            39.943903
          ],
          [
            -77.11942,
            39.989036
          ],
          [
            -77.077656,
            40.03687
          ],
          [
            -77.050837,
            40.079727
          ],
          [
            -77.036841,
            40.118038
          ],
          [
            -77.01388,
            40.136972
          ],
          [
            -77.006711,
            40.156532
          ],
          [
            -76.971083,
            40.200424
          ],
          [
            -76.934023,
            40.224474
          ],
          [
            -76.93491,
            40.246335
          ],
          [
            -76.891394,
            40.264492
          ],
          [
            -76.885944,
            40.260449
          ]
        ],
        "type": "LineString"
      }
    },
    {
      "type": "Feature",
      "id": "d9-harrisburg-riverfront-to-lehigh-gorge-railway",
      "properties": {
        "feature_kind": "drive_leg",
        "route_id": "route-05",
        "day": 9,
        "date": "2026-10-12",
        "from": "harrisburg-riverfront",
        "to": "lehigh-gorge-railway",
        "distance_miles": 88.3,
        "baseline_minutes": 120,
        "traffic_risk": "high",
        "map_color": "#E11D48",
        "energy_rebuild": true
      },
      "geometry": {
        "coordinates": [
          [
            -76.885944,
            40.260449
          ],
          [
            -76.88286,
            40.258536
          ],
          [
            -76.87457,
            40.264532
          ],
          [
            -76.882057,
            40.288868
          ],
          [
            -76.878375,
            40.300988
          ],
          [
            -76.85765,
            40.301381
          ],
          [
            -76.837219,
            40.307103
          ],
          [
            -76.808177,
            40.325125
          ],
          [
            -76.760745,
            40.331196
          ],
          [
            -76.703687,
            40.364187
          ],
          [
            -76.612725,
            40.399164
          ],
          [
            -76.589468,
            40.412976
          ],
          [
            -76.565153,
            40.414057
          ],
          [
            -76.520757,
            40.426295
          ],
          [
            -76.517529,
            40.465558
          ],
          [
            -76.529643,
            40.485698
          ],
          [
            -76.478517,
            40.516117
          ],
          [
            -76.433051,
            40.526876
          ],
          [
            -76.428693,
            40.534126
          ],
          [
            -76.430328,
            40.563507
          ],
          [
            -76.405481,
            40.577944
          ],
          [
            -76.413046,
            40.597753
          ],
          [
            -76.422085,
            40.603913
          ],
          [
            -76.425483,
            40.613161
          ],
          [
            -76.446671,
            40.624946
          ],
          [
            -76.4473,
            40.631104
          ],
          [
            -76.397643,
            40.656491
          ],
          [
            -76.35817,
            40.709471
          ],
          [
            -76.310135,
            40.731866
          ],
          [
            -76.285973,
            40.754262
          ],
          [
            -76.261111,
            40.768805
          ],
          [
            -76.200567,
            40.774553
          ],
          [
            -76.144436,
            40.78838
          ],
          [
            -76.078988,
            40.819209
          ],
          [
            -76.0473,
            40.817013
          ],
          [
            -76.043962,
            40.812465
          ],
          [
            -76.012235,
            40.822261
          ],
          [
            -75.974827,
            40.825659
          ],
          [
            -75.959581,
            40.822019
          ],
          [
            -75.835062,
            40.860941
          ],
          [
            -75.765227,
            40.872626
          ],
          [
            -75.743253,
            40.87209
          ],
          [
            -75.737486,
            40.863368
          ]
        ],
        "type": "LineString"
      }
    },
    {
      "type": "Feature",
      "id": "d9-lehigh-gorge-railway-to-stroudsburg-lodging",
      "properties": {
        "feature_kind": "drive_leg",
        "route_id": "route-05",
        "day": 9,
        "date": "2026-10-12",
        "from": "lehigh-gorge-railway",
        "to": "stroudsburg-lodging",
        "distance_miles": 36.1,
        "baseline_minutes": 61,
        "traffic_risk": "high",
        "map_color": "#E11D48",
        "energy_rebuild": true
      },
      "geometry": {
        "coordinates": [
          [
            -75.737486,
            40.863368
          ],
          [
            -75.736038,
            40.858762
          ],
          [
            -75.722642,
            40.862689
          ],
          [
            -75.718888,
            40.860837
          ],
          [
            -75.711824,
            40.849014
          ],
          [
            -75.708349,
            40.831391
          ],
          [
            -75.704467,
            40.827256
          ],
          [
            -75.683882,
            40.837719
          ],
          [
            -75.667867,
            40.838849
          ],
          [
            -75.65864,
            40.835015
          ],
          [
            -75.653512,
            40.838231
          ],
          [
            -75.641619,
            40.838283
          ],
          [
            -75.595452,
            40.857819
          ],
          [
            -75.571343,
            40.870685
          ],
          [
            -75.529288,
            40.88214
          ],
          [
            -75.497818,
            40.90079
          ],
          [
            -75.445144,
            40.914886
          ],
          [
            -75.40959,
            40.918919
          ],
          [
            -75.386182,
            40.925638
          ],
          [
            -75.36277,
            40.921938
          ],
          [
            -75.33166,
            40.925829
          ],
          [
            -75.323326,
            40.929941
          ],
          [
            -75.310229,
            40.925242
          ],
          [
            -75.298705,
            40.925912
          ],
          [
            -75.290647,
            40.950405
          ],
          [
            -75.281213,
            40.960507
          ],
          [
            -75.253877,
            40.972155
          ],
          [
            -75.228852,
            40.975223
          ],
          [
            -75.220411,
            40.984812
          ],
          [
            -75.196371,
            40.978996
          ],
          [
            -75.191097,
            40.981314
          ],
          [
            -75.194771,
            40.98638
          ]
        ],
        "type": "LineString"
      }
    },
    {
      "type": "Feature",
      "id": "d10-stroudsburg-lodging-to-walkway-over-hudson",
      "properties": {
        "feature_kind": "drive_leg",
        "route_id": "route-05",
        "day": 10,
        "date": "2026-10-13",
        "from": "stroudsburg-lodging",
        "to": "walkway-over-hudson",
        "distance_miles": 97.4,
        "baseline_minutes": 149,
        "traffic_risk": "high",
        "map_color": "#E11D48",
        "energy_rebuild": true
      },
      "geometry": {
        "coordinates": [
          [
            -75.194771,
            40.98638
          ],
          [
            -75.192562,
            40.980611
          ],
          [
            -75.134337,
            41.008163
          ],
          [
            -75.118591,
            41.046322
          ],
          [
            -75.008875,
            41.085161
          ],
          [
            -74.975104,
            41.116122
          ],
          [
            -74.930221,
            41.140001
          ],
          [
            -74.885937,
            41.18568
          ],
          [
            -74.868475,
            41.235828
          ],
          [
            -74.83361,
            41.288391
          ],
          [
            -74.803794,
            41.311639
          ],
          [
            -74.784093,
            41.295633
          ],
          [
            -74.775234,
            41.307199
          ],
          [
            -74.703694,
            41.330615
          ],
          [
            -74.68467,
            41.353782
          ],
          [
            -74.638625,
            41.373202
          ],
          [
            -74.611693,
            41.374
          ],
          [
            -74.50282,
            41.406401
          ],
          [
            -74.468767,
            41.403796
          ],
          [
            -74.430837,
            41.411925
          ],
          [
            -74.397967,
            41.424028
          ],
          [
            -74.341321,
            41.464057
          ],
          [
            -74.193543,
            41.516454
          ],
          [
            -74.14042,
            41.511848
          ],
          [
            -74.10256,
            41.522449
          ],
          [
            -74.05311,
            41.513387
          ],
          [
            -74.020222,
            41.519139
          ],
          [
            -73.964958,
            41.615207
          ],
          [
            -73.96714,
            41.706084
          ],
          [
            -73.955481,
            41.709336
          ],
          [
            -73.936362,
            41.700593
          ],
          [
            -73.93971,
            41.709562
          ]
        ],
        "type": "LineString"
      }
    },
    {
      "type": "Feature",
      "id": "d10-walkway-over-hudson-to-mine-hill-preserve",
      "properties": {
        "feature_kind": "drive_leg",
        "route_id": "route-05",
        "day": 10,
        "date": "2026-10-13",
        "from": "walkway-over-hudson",
        "to": "mine-hill-preserve",
        "distance_miles": 42.2,
        "baseline_minutes": 81,
        "traffic_risk": "high",
        "map_color": "#E11D48",
        "energy_rebuild": true
      },
      "geometry": {
        "coordinates": [
          [
            -73.93971,
            41.709562
          ],
          [
            -73.939081,
            41.705532
          ],
          [
            -73.918138,
            41.700819
          ],
          [
            -73.908475,
            41.697457
          ],
          [
            -73.909221,
            41.695473
          ],
          [
            -73.894374,
            41.694792
          ],
          [
            -73.854456,
            41.680184
          ],
          [
            -73.839446,
            41.66986
          ],
          [
            -73.805938,
            41.672382
          ],
          [
            -73.791952,
            41.669981
          ],
          [
            -73.765481,
            41.671533
          ],
          [
            -73.737607,
            41.659677
          ],
          [
            -73.72895,
            41.651646
          ],
          [
            -73.710329,
            41.653049
          ],
          [
            -73.701708,
            41.656432
          ],
          [
            -73.696089,
            41.653804
          ],
          [
            -73.685872,
            41.657136
          ],
          [
            -73.672579,
            41.657135
          ],
          [
            -73.649493,
            41.651605
          ],
          [
            -73.641749,
            41.647216
          ],
          [
            -73.628859,
            41.64689
          ],
          [
            -73.62409,
            41.649094
          ],
          [
            -73.623859,
            41.646051
          ],
          [
            -73.612992,
            41.648486
          ],
          [
            -73.607566,
            41.642145
          ],
          [
            -73.561118,
            41.647425
          ],
          [
            -73.55604,
            41.654887
          ],
          [
            -73.550672,
            41.65477
          ],
          [
            -73.531729,
            41.653002
          ],
          [
            -73.524827,
            41.644233
          ],
          [
            -73.50737,
            41.648464
          ],
          [
            -73.497885,
            41.638525
          ],
          [
            -73.494014,
            41.644246
          ],
          [
            -73.483981,
            41.646451
          ],
          [
            -73.483377,
            41.641393
          ],
          [
            -73.471043,
            41.63159
          ],
          [
            -73.461108,
            41.618935
          ],
          [
            -73.451636,
            41.612668
          ],
          [
            -73.458862,
            41.604064
          ],
          [
            -73.457863,
            41.596311
          ],
          [
            -73.451149,
            41.593325
          ],
          [
            -73.442028,
            41.58326
          ],
          [
            -73.425093,
            41.579968
          ],
          [
            -73.417507,
            41.57435
          ],
          [
            -73.408749,
            41.576604
          ],
          [
            -73.39275,
            41.563499
          ],
          [
            -73.385302,
            41.553482
          ],
          [
            -73.366506,
            41.545168
          ],
          [
            -73.34844,
            41.544202
          ],
          [
            -73.340052,
            41.549668
          ],
          [
            -73.352024,
            41.558338
          ],
          [
            -73.344556,
            41.560347
          ],
          [
            -73.348615,
            41.564054
          ],
          [
            -73.344659,
            41.565546
          ]
        ],
        "type": "LineString"
      }
    },
    {
      "type": "Feature",
      "id": "d10-mine-hill-preserve-to-newtown-lodging",
      "properties": {
        "feature_kind": "drive_leg",
        "route_id": "route-05",
        "day": 10,
        "date": "2026-10-13",
        "from": "mine-hill-preserve",
        "to": "newtown-lodging",
        "distance_miles": 13.7,
        "baseline_minutes": 33,
        "traffic_risk": "high",
        "map_color": "#E11D48",
        "energy_rebuild": true
      },
      "geometry": {
        "coordinates": [
          [
            -73.344659,
            41.565546
          ],
          [
            -73.348615,
            41.564054
          ],
          [
            -73.347718,
            41.562027
          ],
          [
            -73.344556,
            41.560347
          ],
          [
            -73.352024,
            41.558338
          ],
          [
            -73.350119,
            41.556036
          ],
          [
            -73.346591,
            41.554818
          ],
          [
            -73.340052,
            41.549668
          ],
          [
            -73.343795,
            41.548645
          ],
          [
            -73.346905,
            41.544827
          ],
          [
            -73.353987,
            41.540637
          ],
          [
            -73.355609,
            41.53712
          ],
          [
            -73.366386,
            41.53513
          ],
          [
            -73.364739,
            41.524775
          ],
          [
            -73.360175,
            41.512836
          ],
          [
            -73.35983,
            41.50586
          ],
          [
            -73.351688,
            41.490158
          ],
          [
            -73.350408,
            41.481321
          ],
          [
            -73.35138,
            41.475011
          ],
          [
            -73.347671,
            41.474943
          ],
          [
            -73.346138,
            41.472921
          ],
          [
            -73.336553,
            41.467366
          ],
          [
            -73.330109,
            41.461494
          ],
          [
            -73.326662,
            41.460584
          ],
          [
            -73.32417,
            41.452647
          ],
          [
            -73.319949,
            41.448229
          ],
          [
            -73.314748,
            41.439565
          ],
          [
            -73.315629,
            41.428018
          ],
          [
            -73.310456,
            41.420627
          ],
          [
            -73.310921,
            41.416645
          ],
          [
            -73.308922,
            41.413455
          ],
          [
            -73.303577,
            41.414108
          ]
        ],
        "type": "LineString"
      }
    },
    {
      "type": "Feature",
      "id": "d11-newtown-lodging-to-dinosaur-footprints",
      "properties": {
        "feature_kind": "drive_leg",
        "route_id": "route-05",
        "day": 11,
        "date": "2026-10-14",
        "from": "newtown-lodging",
        "to": "dinosaur-footprints",
        "distance_miles": 81.6,
        "baseline_minutes": 104,
        "traffic_risk": "high",
        "map_color": "#E11D48",
        "energy_rebuild": true
      },
      "geometry": {
        "coordinates": [
          [
            -73.303577,
            41.414108
          ],
          [
            -73.265893,
            41.414758
          ],
          [
            -73.247039,
            41.433901
          ],
          [
            -73.24781,
            41.450627
          ],
          [
            -73.213033,
            41.475636
          ],
          [
            -73.092168,
            41.522378
          ],
          [
            -73.068037,
            41.547863
          ],
          [
            -73.032767,
            41.551416
          ],
          [
            -73.004141,
            41.537966
          ],
          [
            -72.944699,
            41.542718
          ],
          [
            -72.899968,
            41.580202
          ],
          [
            -72.894352,
            41.617775
          ],
          [
            -72.844024,
            41.668812
          ],
          [
            -72.82161,
            41.670111
          ],
          [
            -72.793734,
            41.720369
          ],
          [
            -72.758159,
            41.727354
          ],
          [
            -72.733135,
            41.748659
          ],
          [
            -72.705428,
            41.749698
          ],
          [
            -72.695069,
            41.763393
          ],
          [
            -72.668473,
            41.770015
          ],
          [
            -72.654163,
            41.797712
          ],
          [
            -72.665487,
            41.823219
          ],
          [
            -72.661569,
            41.879282
          ],
          [
            -72.629522,
            41.91446
          ],
          [
            -72.611016,
            41.921844
          ],
          [
            -72.587233,
            41.973552
          ],
          [
            -72.588641,
            42.065689
          ],
          [
            -72.579017,
            42.082508
          ],
          [
            -72.609518,
            42.118402
          ],
          [
            -72.605288,
            42.182311
          ],
          [
            -72.617236,
            42.197228
          ],
          [
            -72.607593,
            42.207107
          ]
        ],
        "type": "LineString"
      }
    },
    {
      "type": "Feature",
      "id": "d11-dinosaur-footprints-to-mapparium",
      "properties": {
        "feature_kind": "drive_leg",
        "route_id": "route-05",
        "day": 11,
        "date": "2026-10-14",
        "from": "dinosaur-footprints",
        "to": "mapparium",
        "distance_miles": 88.9,
        "baseline_minutes": 112,
        "traffic_risk": "high",
        "map_color": "#E11D48",
        "energy_rebuild": true
      },
      "geometry": {
        "coordinates": [
          [
            -72.607593,
            42.207107
          ],
          [
            -72.582474,
            42.168526
          ],
          [
            -72.549796,
            42.162293
          ],
          [
            -72.446944,
            42.170139
          ],
          [
            -72.380062,
            42.153842
          ],
          [
            -72.318581,
            42.176923
          ],
          [
            -72.282553,
            42.164759
          ],
          [
            -72.213315,
            42.18235
          ],
          [
            -72.125431,
            42.135082
          ],
          [
            -72.060918,
            42.129605
          ],
          [
            -71.756282,
            42.220853
          ],
          [
            -71.618119,
            42.229365
          ],
          [
            -71.557662,
            42.269541
          ],
          [
            -71.411699,
            42.315475
          ],
          [
            -71.368027,
            42.311283
          ],
          [
            -71.315058,
            42.334425
          ],
          [
            -71.178254,
            42.357713
          ],
          [
            -71.121905,
            42.35728
          ],
          [
            -71.077035,
            42.347326
          ],
          [
            -71.087054,
            42.344067
          ]
        ],
        "type": "LineString"
      }
    },
    {
      "type": "Feature",
      "id": "d11-mapparium-to-boston-logan-return",
      "properties": {
        "feature_kind": "drive_leg",
        "route_id": "route-05",
        "day": 11,
        "date": "2026-10-14",
        "from": "mapparium",
        "to": "boston-logan-return",
        "distance_miles": 5.6,
        "baseline_minutes": 15,
        "traffic_risk": "high",
        "map_color": "#E11D48",
        "energy_rebuild": true
      },
      "geometry": {
        "coordinates": [
          [
            -71.087054,
            42.344067
          ],
          [
            -71.088221,
            42.346415
          ],
          [
            -71.089267,
            42.346313
          ],
          [
            -71.089218,
            42.346893
          ],
          [
            -71.090923,
            42.346521
          ],
          [
            -71.092448,
            42.347052
          ],
          [
            -71.092013,
            42.350623
          ],
          [
            -71.091344,
            42.35108
          ],
          [
            -71.073502,
            42.356107
          ],
          [
            -71.072717,
            42.357433
          ],
          [
            -71.072119,
            42.359478
          ],
          [
            -71.072251,
            42.361757
          ],
          [
            -71.070934,
            42.362577
          ],
          [
            -71.069332,
            42.365265
          ],
          [
            -71.068093,
            42.366304
          ],
          [
            -71.06558,
            42.366117
          ],
          [
            -71.064129,
            42.367602
          ],
          [
            -71.062715,
            42.367654
          ],
          [
            -71.06059,
            42.366239
          ],
          [
            -71.057295,
            42.362634
          ],
          [
            -71.056225,
            42.361952
          ],
          [
            -71.055097,
            42.361783
          ],
          [
            -71.050157,
            42.36546
          ],
          [
            -71.037854,
            42.373526
          ],
          [
            -71.037106,
            42.373733
          ],
          [
            -71.033728,
            42.372424
          ],
          [
            -71.032567,
            42.372674
          ],
          [
            -71.031056,
            42.373817
          ],
          [
            -71.029987,
            42.373674
          ],
          [
            -71.029168,
            42.372551
          ],
          [
            -71.027327,
            42.371003
          ],
          [
            -71.026893,
            42.370183
          ],
          [
            -71.029421,
            42.367769
          ]
        ],
        "type": "LineString"
      }
    },
    {
      "type": "Feature",
      "id": "d11-boston-logan-return-to-boston-logan-hotel",
      "properties": {
        "feature_kind": "drive_leg",
        "route_id": "route-05",
        "day": 11,
        "date": "2026-10-14",
        "from": "boston-logan-return",
        "to": "boston-logan-hotel",
        "distance_miles": 1.1,
        "baseline_minutes": 4,
        "traffic_risk": "high",
        "map_color": "#E11D48",
        "energy_rebuild": true
      },
      "geometry": {
        "coordinates": [
          [
            -71.029421,
            42.367769
          ],
          [
            -71.02961,
            42.367518
          ],
          [
            -71.029577,
            42.367362
          ],
          [
            -71.028114,
            42.366661
          ],
          [
            -71.027786,
            42.36704
          ],
          [
            -71.028379,
            42.367289
          ],
          [
            -71.028631,
            42.367466
          ],
          [
            -71.028806,
            42.367745
          ],
          [
            -71.028808,
            42.36805
          ],
          [
            -71.028033,
            42.36905
          ],
          [
            -71.027852,
            42.369108
          ],
          [
            -71.027461,
            42.369514
          ],
          [
            -71.027084,
            42.369576
          ],
          [
            -71.026842,
            42.369478
          ],
          [
            -71.026673,
            42.369235
          ],
          [
            -71.026546,
            42.368312
          ],
          [
            -71.026381,
            42.367878
          ],
          [
            -71.026085,
            42.367474
          ],
          [
            -71.025727,
            42.36717
          ],
          [
            -71.024299,
            42.366404
          ],
          [
            -71.022319,
            42.365889
          ],
          [
            -71.019883,
            42.364853
          ],
          [
            -71.01937,
            42.364782
          ],
          [
            -71.018851,
            42.364889
          ],
          [
            -71.018546,
            42.365109
          ],
          [
            -71.017961,
            42.365836
          ],
          [
            -71.0171,
            42.366204
          ],
          [
            -71.017001,
            42.366367
          ],
          [
            -71.016767,
            42.366379
          ]
        ],
        "type": "LineString"
      }
    },
    {
      "type": "Feature",
      "id": "wadsworth-atheneum",
      "properties": {
        "feature_kind": "place",
        "route_id": "route-05",
        "place_id": "wadsworth-atheneum",
        "name": "Wadsworth Atheneum Museum of Art",
        "city": "Hartford",
        "state": "CT",
        "visit_date": "2026-10-04",
        "priority": "archive",
        "included_in_magic_score": false,
        "energy_rebuild_role": "preserved-revision-history"
      },
      "geometry": {
        "type": "Point",
        "coordinates": [
          -72.6734,
          41.7638
        ]
      }
    },
    {
      "type": "Feature",
      "id": "holy-land-usa",
      "properties": {
        "feature_kind": "place",
        "route_id": "route-05",
        "place_id": "holy-land-usa",
        "name": "Holy Land USA & Stations Trail",
        "city": "Waterbury",
        "state": "CT",
        "visit_date": "2026-10-04",
        "priority": "anchor",
        "included_in_magic_score": true,
        "experience_bucket": "sacred-spiritual",
        "energy_rebuild_role": "active-core"
      },
      "geometry": {
        "type": "Point",
        "coordinates": [
          -73.0299116,
          41.549133
        ]
      }
    },
    {
      "type": "Feature",
      "id": "lackawanna-coal",
      "properties": {
        "feature_kind": "place",
        "route_id": "route-05",
        "place_id": "lackawanna-coal",
        "name": "Lackawanna Coal Mine Tour",
        "city": "Scranton",
        "state": "PA",
        "visit_date": "2026-10-05",
        "priority": "anchor",
        "included_in_magic_score": true,
        "experience_bucket": "underground-industrial-infrastructure",
        "energy_rebuild_role": "active-core"
      },
      "geometry": {
        "type": "Point",
        "coordinates": [
          -75.7155,
          41.4173
        ]
      }
    },
    {
      "type": "Feature",
      "id": "steamtown",
      "properties": {
        "feature_kind": "place",
        "route_id": "route-05",
        "place_id": "steamtown",
        "name": "Steamtown National Historic Site",
        "city": "Scranton",
        "state": "PA",
        "visit_date": "2026-10-05",
        "priority": "optional",
        "included_in_magic_score": false,
        "energy_rebuild_role": "documented-alternative"
      },
      "geometry": {
        "type": "Point",
        "coordinates": [
          -75.6716,
          41.408
        ]
      }
    },
    {
      "type": "Feature",
      "id": "scranton-iron",
      "properties": {
        "feature_kind": "place",
        "route_id": "route-05",
        "place_id": "scranton-iron",
        "name": "Scranton Iron Furnaces",
        "city": "Scranton",
        "state": "PA",
        "visit_date": "2026-10-05",
        "priority": "anchor",
        "included_in_magic_score": true,
        "experience_bucket": "underground-industrial-infrastructure",
        "energy_rebuild_role": "active-core"
      },
      "geometry": {
        "type": "Point",
        "coordinates": [
          -75.6623,
          41.404
        ]
      }
    },
    {
      "type": "Feature",
      "id": "watch-clock",
      "properties": {
        "feature_kind": "place",
        "route_id": "route-05",
        "place_id": "watch-clock",
        "name": "National Watch & Clock Museum",
        "city": "Columbia",
        "state": "PA",
        "visit_date": "2026-10-06",
        "priority": "archive",
        "included_in_magic_score": false,
        "energy_rebuild_role": "preserved-revision-history"
      },
      "geometry": {
        "type": "Point",
        "coordinates": [
          -76.5022,
          40.037
        ]
      }
    },
    {
      "type": "Feature",
      "id": "lancaster-central-market",
      "properties": {
        "feature_kind": "place",
        "route_id": "route-05",
        "place_id": "lancaster-central-market",
        "name": "Lancaster Central Market",
        "city": "Lancaster",
        "state": "PA",
        "visit_date": "2026-10-06",
        "priority": "optional-social",
        "included_in_magic_score": false,
        "energy_rebuild_role": "documented-alternative"
      },
      "geometry": {
        "type": "Point",
        "coordinates": [
          -76.3065,
          40.0383
        ]
      }
    },
    {
      "type": "Feature",
      "id": "lancaster-troll-market",
      "properties": {
        "feature_kind": "place",
        "route_id": "route-05",
        "place_id": "lancaster-troll-market",
        "name": "Lancaster Troll Market",
        "city": "Lancaster",
        "state": "PA",
        "visit_date": "2026-10-06",
        "priority": "flex",
        "included_in_magic_score": false,
        "energy_rebuild_role": "documented-alternative"
      },
      "geometry": {
        "type": "Point",
        "coordinates": [
          -76.3069,
          40.039
        ]
      }
    },
    {
      "type": "Feature",
      "id": "ephrata-cloister",
      "properties": {
        "feature_kind": "place",
        "route_id": "route-05",
        "place_id": "ephrata-cloister",
        "name": "Ephrata Cloister",
        "city": "Ephrata",
        "state": "PA",
        "visit_date": "2026-10-07",
        "priority": "anchor",
        "included_in_magic_score": true,
        "experience_bucket": "sacred-spiritual",
        "energy_rebuild_role": "active-core"
      },
      "geometry": {
        "type": "Point",
        "coordinates": [
          -76.1887,
          40.1834
        ]
      }
    },
    {
      "type": "Feature",
      "id": "railroad-museum-pa",
      "properties": {
        "feature_kind": "place",
        "route_id": "route-05",
        "place_id": "railroad-museum-pa",
        "name": "Railroad Museum of Pennsylvania",
        "city": "Strasburg",
        "state": "PA",
        "visit_date": "2026-10-07",
        "priority": "optional",
        "included_in_magic_score": false,
        "energy_rebuild_role": "documented-alternative"
      },
      "geometry": {
        "type": "Point",
        "coordinates": [
          -76.1606,
          39.9822
        ]
      }
    },
    {
      "type": "Feature",
      "id": "eshelman-covered-bridge",
      "properties": {
        "feature_kind": "place",
        "route_id": "route-05",
        "place_id": "eshelman-covered-bridge",
        "name": "Eshelman's Mill Covered Bridge",
        "city": "Paradise",
        "state": "PA",
        "visit_date": "2026-10-07",
        "priority": "flex",
        "included_in_magic_score": false,
        "energy_rebuild_role": "documented-alternative"
      },
      "geometry": {
        "type": "Point",
        "coordinates": [
          -76.1518,
          39.9727
        ]
      }
    },
    {
      "type": "Feature",
      "id": "harrisburg-riverfront",
      "properties": {
        "feature_kind": "place",
        "route_id": "route-05",
        "place_id": "harrisburg-riverfront",
        "name": "Harrisburg Riverfront & Walnut Street Bridge",
        "city": "Harrisburg",
        "state": "PA",
        "visit_date": "2026-10-12",
        "priority": "anchor",
        "included_in_magic_score": true,
        "experience_bucket": "nature-geology-scenic",
        "energy_rebuild_role": "active-core"
      },
      "geometry": {
        "type": "Point",
        "coordinates": [
          -76.886,
          40.2604
        ]
      }
    },
    {
      "type": "Feature",
      "id": "pa-capitol",
      "properties": {
        "feature_kind": "place",
        "route_id": "route-05",
        "place_id": "pa-capitol",
        "name": "Pennsylvania State Capitol",
        "city": "Harrisburg",
        "state": "PA",
        "visit_date": "2026-10-08",
        "priority": "flex",
        "included_in_magic_score": false,
        "energy_rebuild_role": "documented-alternative"
      },
      "geometry": {
        "type": "Point",
        "coordinates": [
          -76.8837,
          40.2644
        ]
      }
    },
    {
      "type": "Feature",
      "id": "antietam",
      "properties": {
        "feature_kind": "place",
        "route_id": "route-05",
        "place_id": "antietam",
        "name": "Antietam National Battlefield",
        "city": "Sharpsburg",
        "state": "MD",
        "visit_date": "2026-10-08",
        "priority": "optional",
        "included_in_magic_score": false,
        "energy_rebuild_role": "documented-alternative"
      },
      "geometry": {
        "type": "Point",
        "coordinates": [
          -77.7447,
          39.468
        ]
      }
    },
    {
      "type": "Feature",
      "id": "harpers-lower-town",
      "properties": {
        "feature_kind": "place",
        "route_id": "route-05",
        "place_id": "harpers-lower-town",
        "name": "Harpers Ferry Lower Town & The Point",
        "city": "Harpers Ferry",
        "state": "WV",
        "visit_date": "2026-10-08",
        "priority": "anchor",
        "included_in_magic_score": true,
        "experience_bucket": "high-impact-history-culture",
        "energy_rebuild_role": "active-core"
      },
      "geometry": {
        "type": "Point",
        "coordinates": [
          -77.7389,
          39.3232
        ]
      }
    },
    {
      "type": "Feature",
      "id": "storer-college",
      "properties": {
        "feature_kind": "place",
        "route_id": "route-05",
        "place_id": "storer-college",
        "name": "Storer College & Camp Hill",
        "city": "Harpers Ferry",
        "state": "WV",
        "visit_date": "2026-10-08",
        "priority": "anchor",
        "included_in_magic_score": true,
        "experience_bucket": "high-impact-history-culture",
        "energy_rebuild_role": "active-core"
      },
      "geometry": {
        "type": "Point",
        "coordinates": [
          -77.7411,
          39.324
        ]
      }
    },
    {
      "type": "Feature",
      "id": "virginius-island",
      "properties": {
        "feature_kind": "place",
        "route_id": "route-05",
        "place_id": "virginius-island",
        "name": "Virginius Island Ruins Trail",
        "city": "Harpers Ferry",
        "state": "WV",
        "visit_date": "2026-10-08",
        "priority": "anchor",
        "included_in_magic_score": true,
        "experience_bucket": "underground-industrial-infrastructure",
        "energy_rebuild_role": "active-core"
      },
      "geometry": {
        "type": "Point",
        "coordinates": [
          -77.7392,
          39.3215
        ]
      }
    },
    {
      "type": "Feature",
      "id": "luray-caverns",
      "properties": {
        "feature_kind": "place",
        "route_id": "route-05",
        "place_id": "luray-caverns",
        "name": "Luray Caverns",
        "city": "Luray",
        "state": "VA",
        "visit_date": "2026-10-09",
        "priority": "anchor",
        "included_in_magic_score": true,
        "experience_bucket": "nature-geology-scenic",
        "energy_rebuild_role": "active-core"
      },
      "geometry": {
        "type": "Point",
        "coordinates": [
          -78.4836,
          38.6633
        ]
      }
    },
    {
      "type": "Feature",
      "id": "skyline-overlooks",
      "properties": {
        "feature_kind": "place",
        "route_id": "route-05",
        "place_id": "skyline-overlooks",
        "name": "Skyline Drive Overlook Sequence",
        "city": "Shenandoah National Park",
        "state": "VA",
        "visit_date": "2026-10-09",
        "priority": "anchor",
        "included_in_magic_score": true,
        "experience_bucket": "nature-geology-scenic",
        "energy_rebuild_role": "active-core"
      },
      "geometry": {
        "type": "Point",
        "coordinates": [
          -78.292,
          38.6254
        ]
      }
    },
    {
      "type": "Feature",
      "id": "stony-man",
      "properties": {
        "feature_kind": "place",
        "route_id": "route-05",
        "place_id": "stony-man",
        "name": "Stony Man Summit",
        "city": "Shenandoah National Park",
        "state": "VA",
        "visit_date": "2026-10-09",
        "priority": "optional",
        "included_in_magic_score": false,
        "energy_rebuild_role": "documented-alternative"
      },
      "geometry": {
        "type": "Point",
        "coordinates": [
          -78.2815,
          38.599
        ]
      }
    },
    {
      "type": "Feature",
      "id": "charlottesville-downtown",
      "properties": {
        "feature_kind": "place",
        "route_id": "route-05",
        "place_id": "charlottesville-downtown",
        "name": "Charlottesville Downtown Mall",
        "city": "Charlottesville",
        "state": "VA",
        "visit_date": "2026-10-09",
        "priority": "flex",
        "included_in_magic_score": false,
        "energy_rebuild_role": "documented-alternative"
      },
      "geometry": {
        "type": "Point",
        "coordinates": [
          -78.4819,
          38.03
        ]
      }
    },
    {
      "type": "Feature",
      "id": "monticello",
      "properties": {
        "feature_kind": "place",
        "route_id": "route-05",
        "place_id": "monticello",
        "name": "Monticello - From Slavery to Freedom",
        "city": "Charlottesville",
        "state": "VA",
        "visit_date": "2026-10-10",
        "priority": "anchor",
        "included_in_magic_score": true,
        "experience_bucket": "high-impact-history-culture",
        "energy_rebuild_role": "active-core"
      },
      "geometry": {
        "type": "Point",
        "coordinates": [
          -78.4529,
          38.0322
        ]
      }
    },
    {
      "type": "Feature",
      "id": "jefferson-school",
      "properties": {
        "feature_kind": "place",
        "route_id": "route-05",
        "place_id": "jefferson-school",
        "name": "Jefferson School African American Heritage Center",
        "city": "Charlottesville",
        "state": "VA",
        "visit_date": "2026-10-10",
        "priority": "optional",
        "included_in_magic_score": false,
        "energy_rebuild_role": "documented-alternative"
      },
      "geometry": {
        "type": "Point",
        "coordinates": [
          -78.4936,
          38.031
        ]
      }
    },
    {
      "type": "Feature",
      "id": "kluge-ruhe",
      "properties": {
        "feature_kind": "place",
        "route_id": "route-05",
        "place_id": "kluge-ruhe",
        "name": "Kluge-Ruhe Aboriginal Art Collection",
        "city": "Charlottesville",
        "state": "VA",
        "visit_date": "2026-10-10",
        "priority": "archive",
        "included_in_magic_score": false,
        "energy_rebuild_role": "preserved-revision-history"
      },
      "geometry": {
        "type": "Point",
        "coordinates": [
          -78.4534,
          37.9804
        ]
      }
    },
    {
      "type": "Feature",
      "id": "ix-looking-glass",
      "properties": {
        "feature_kind": "place",
        "route_id": "route-05",
        "place_id": "ix-looking-glass",
        "name": "IX Art Park & The Looking Glass",
        "city": "Charlottesville",
        "state": "VA",
        "visit_date": "2026-10-10",
        "priority": "optional",
        "included_in_magic_score": false,
        "energy_rebuild_role": "documented-alternative"
      },
      "geometry": {
        "type": "Point",
        "coordinates": [
          -78.4832,
          38.0233
        ]
      }
    },
    {
      "type": "Feature",
      "id": "morgan-wade-jefferson",
      "properties": {
        "feature_kind": "place",
        "route_id": "route-05",
        "place_id": "morgan-wade-jefferson",
        "name": "Morgan Wade at The Jefferson Theater",
        "city": "Charlottesville",
        "state": "VA",
        "visit_date": "2026-10-10",
        "priority": "optional-social",
        "included_in_magic_score": false,
        "energy_rebuild_role": "documented-alternative"
      },
      "geometry": {
        "type": "Point",
        "coordinates": [
          -78.4836,
          38.0311
        ]
      }
    },
    {
      "type": "Feature",
      "id": "transfiguration-orthodox",
      "properties": {
        "feature_kind": "place",
        "route_id": "route-05",
        "place_id": "transfiguration-orthodox",
        "name": "Transfiguration Greek Orthodox Church",
        "city": "Charlottesville",
        "state": "VA",
        "visit_date": "2026-10-11",
        "priority": "anchor",
        "included_in_magic_score": true,
        "experience_bucket": "sacred-spiritual",
        "energy_rebuild_role": "active-core"
      },
      "geometry": {
        "type": "Point",
        "coordinates": [
          -78.4797,
          38.036
        ]
      }
    },
    {
      "type": "Feature",
      "id": "civil-war-medicine",
      "properties": {
        "feature_kind": "place",
        "route_id": "route-05",
        "place_id": "civil-war-medicine",
        "name": "National Museum of Civil War Medicine",
        "city": "Frederick",
        "state": "MD",
        "visit_date": "2026-10-11",
        "priority": "optional",
        "included_in_magic_score": false,
        "energy_rebuild_role": "documented-alternative"
      },
      "geometry": {
        "type": "Point",
        "coordinates": [
          -77.4107,
          39.4154
        ]
      }
    },
    {
      "type": "Feature",
      "id": "burnside-plantation",
      "properties": {
        "feature_kind": "place",
        "route_id": "route-05",
        "place_id": "burnside-plantation",
        "name": "Burnside Plantation",
        "city": "Bethlehem",
        "state": "PA",
        "visit_date": "2026-10-12",
        "priority": "archive",
        "included_in_magic_score": false,
        "energy_rebuild_role": "preserved-revision-history"
      },
      "geometry": {
        "type": "Point",
        "coordinates": [
          -75.395,
          40.637
        ]
      }
    },
    {
      "type": "Feature",
      "id": "fairfield-hills",
      "properties": {
        "feature_kind": "place",
        "route_id": "route-05",
        "place_id": "fairfield-hills",
        "name": "Fairfield Hills Adaptive-Reuse Campus",
        "city": "Newtown",
        "state": "CT",
        "visit_date": "2026-10-13",
        "priority": "flex",
        "included_in_magic_score": false,
        "energy_rebuild_role": "documented-alternative"
      },
      "geometry": {
        "type": "Point",
        "coordinates": [
          -73.3036,
          41.4141
        ]
      }
    },
    {
      "type": "Feature",
      "id": "mapparium",
      "properties": {
        "feature_kind": "place",
        "route_id": "route-05",
        "place_id": "mapparium",
        "name": "Mapparium Globe",
        "city": "Boston",
        "state": "MA",
        "visit_date": "2026-10-14",
        "priority": "anchor",
        "included_in_magic_score": true,
        "experience_bucket": "immersive-curiosity",
        "energy_rebuild_role": "active-core"
      },
      "geometry": {
        "type": "Point",
        "coordinates": [
          -71.0873,
          42.344
        ]
      }
    },
    {
      "type": "Feature",
      "id": "mark-twain-house",
      "properties": {
        "feature_kind": "place",
        "route_id": "route-05",
        "place_id": "mark-twain-house",
        "name": "The Mark Twain House & Museum",
        "city": "Hartford",
        "state": "CT",
        "visit_date": "2026-10-04",
        "priority": "alternative",
        "included_in_magic_score": false,
        "energy_rebuild_role": "documented-alternative"
      },
      "geometry": {
        "type": "Point",
        "coordinates": [
          -72.7004,
          41.7671
        ]
      }
    },
    {
      "type": "Feature",
      "id": "houdini-museum",
      "properties": {
        "feature_kind": "place",
        "route_id": "route-05",
        "place_id": "houdini-museum",
        "name": "Houdini Museum",
        "city": "Scranton",
        "state": "PA",
        "visit_date": "2026-10-05",
        "priority": "alternative",
        "included_in_magic_score": false,
        "energy_rebuild_role": "documented-alternative"
      },
      "geometry": {
        "type": "Point",
        "coordinates": [
          -75.678,
          41.4404
        ]
      }
    },
    {
      "type": "Feature",
      "id": "wolf-sanctuary",
      "properties": {
        "feature_kind": "place",
        "route_id": "route-05",
        "place_id": "wolf-sanctuary",
        "name": "Wolf Sanctuary of Pennsylvania",
        "city": "Lititz",
        "state": "PA",
        "visit_date": "2026-10-06",
        "priority": "alternative",
        "included_in_magic_score": false,
        "energy_rebuild_role": "documented-alternative"
      },
      "geometry": {
        "type": "Point",
        "coordinates": [
          -76.3412,
          40.2145
        ]
      }
    },
    {
      "type": "Feature",
      "id": "turkey-hill-experience",
      "properties": {
        "feature_kind": "place",
        "route_id": "route-05",
        "place_id": "turkey-hill-experience",
        "name": "Turkey Hill Experience",
        "city": "Columbia",
        "state": "PA",
        "visit_date": "2026-10-06",
        "priority": "alternative",
        "included_in_magic_score": false,
        "energy_rebuild_role": "documented-alternative"
      },
      "geometry": {
        "type": "Point",
        "coordinates": [
          -76.495,
          40.0407
        ]
      }
    },
    {
      "type": "Feature",
      "id": "seton-shrine",
      "properties": {
        "feature_kind": "place",
        "route_id": "route-05",
        "place_id": "seton-shrine",
        "name": "National Shrine of Saint Elizabeth Ann Seton",
        "city": "Emmitsburg",
        "state": "MD",
        "visit_date": "2026-10-08",
        "priority": "alternative",
        "included_in_magic_score": false,
        "energy_rebuild_role": "documented-alternative"
      },
      "geometry": {
        "type": "Point",
        "coordinates": [
          -77.325,
          39.6993
        ]
      }
    },
    {
      "type": "Feature",
      "id": "shenandoah-caverns-fright",
      "properties": {
        "feature_kind": "place",
        "route_id": "route-05",
        "place_id": "shenandoah-caverns-fright",
        "name": "Shenandoah Caverns + American Fright Night",
        "city": "Quicksburg",
        "state": "VA",
        "visit_date": "2026-10-09",
        "priority": "alternative",
        "included_in_magic_score": false,
        "energy_rebuild_role": "documented-alternative"
      },
      "geometry": {
        "type": "Point",
        "coordinates": [
          -78.6809,
          38.614
        ]
      }
    },
    {
      "type": "Feature",
      "id": "exchange-hotel",
      "properties": {
        "feature_kind": "place",
        "route_id": "route-05",
        "place_id": "exchange-hotel",
        "name": "Exchange Hotel Civil War Medical Museum",
        "city": "Gordonsville",
        "state": "VA",
        "visit_date": "2026-10-10",
        "priority": "alternative",
        "included_in_magic_score": false,
        "energy_rebuild_role": "documented-alternative"
      },
      "geometry": {
        "type": "Point",
        "coordinates": [
          -78.187,
          38.1331
        ]
      }
    },
    {
      "type": "Feature",
      "id": "balls-bluff",
      "properties": {
        "feature_kind": "place",
        "route_id": "route-05",
        "place_id": "balls-bluff",
        "name": "Ball's Bluff Battlefield & National Cemetery",
        "city": "Leesburg",
        "state": "VA",
        "visit_date": "2026-10-11",
        "priority": "alternative",
        "included_in_magic_score": false,
        "energy_rebuild_role": "documented-alternative"
      },
      "geometry": {
        "type": "Point",
        "coordinates": [
          -77.5297,
          39.1303
        ]
      }
    },
    {
      "type": "Feature",
      "id": "illicks-mill",
      "properties": {
        "feature_kind": "place",
        "route_id": "route-05",
        "place_id": "illicks-mill",
        "name": "Illick's Mill & Monocacy Creek",
        "city": "Bethlehem",
        "state": "PA",
        "visit_date": "2026-10-12",
        "priority": "alternative",
        "included_in_magic_score": false,
        "energy_rebuild_role": "documented-alternative"
      },
      "geometry": {
        "type": "Point",
        "coordinates": [
          -75.404,
          40.6518
        ]
      }
    },
    {
      "type": "Feature",
      "id": "newtown-meeting-house",
      "properties": {
        "feature_kind": "place",
        "route_id": "route-05",
        "place_id": "newtown-meeting-house",
        "name": "Newtown Meeting House & Flagpole",
        "city": "Newtown",
        "state": "CT",
        "visit_date": "2026-10-13",
        "priority": "alternative",
        "included_in_magic_score": false,
        "energy_rebuild_role": "documented-alternative"
      },
      "geometry": {
        "type": "Point",
        "coordinates": [
          -73.3031,
          41.4149
        ]
      }
    },
    {
      "type": "Feature",
      "id": "worcester-arms-armor",
      "properties": {
        "feature_kind": "place",
        "route_id": "route-05",
        "place_id": "worcester-arms-armor",
        "name": "Worcester Art Museum - Arms & Armor Galleries",
        "city": "Worcester",
        "state": "MA",
        "visit_date": "2026-10-14",
        "priority": "alternative",
        "included_in_magic_score": false,
        "energy_rebuild_role": "documented-alternative"
      },
      "geometry": {
        "type": "Point",
        "coordinates": [
          -71.802,
          42.273
        ]
      }
    },
    {
      "type": "Feature",
      "id": "rock-house-reservation",
      "properties": {
        "feature_kind": "place",
        "route_id": "route-05",
        "place_id": "rock-house-reservation",
        "name": "Rock House Reservation",
        "city": "West Brookfield",
        "state": "MA",
        "visit_date": "2026-10-04",
        "priority": "anchor",
        "included_in_magic_score": true,
        "experience_bucket": "nature-geology-scenic",
        "energy_rebuild_role": "active-core"
      },
      "geometry": {
        "type": "Point",
        "coordinates": [
          -72.1985,
          42.2713
        ]
      }
    },
    {
      "type": "Feature",
      "id": "eckley-miners-village",
      "properties": {
        "feature_kind": "place",
        "route_id": "route-05",
        "place_id": "eckley-miners-village",
        "name": "Eckley Miners' Village",
        "city": "Weatherly",
        "state": "PA",
        "visit_date": "2026-10-06",
        "priority": "anchor",
        "included_in_magic_score": true,
        "experience_bucket": "underground-industrial-infrastructure",
        "energy_rebuild_role": "active-core"
      },
      "geometry": {
        "type": "Point",
        "coordinates": [
          -75.8624,
          40.9934
        ]
      }
    },
    {
      "type": "Feature",
      "id": "hickory-run-boulder-field",
      "properties": {
        "feature_kind": "place",
        "route_id": "route-05",
        "place_id": "hickory-run-boulder-field",
        "name": "Hickory Run Boulder Field",
        "city": "White Haven",
        "state": "PA",
        "visit_date": "2026-10-06",
        "priority": "anchor",
        "included_in_magic_score": true,
        "experience_bucket": "nature-geology-scenic",
        "energy_rebuild_role": "active-core"
      },
      "geometry": {
        "type": "Point",
        "coordinates": [
          -75.681,
          41.0221
        ]
      }
    },
    {
      "type": "Feature",
      "id": "strasburg-rail-road",
      "properties": {
        "feature_kind": "place",
        "route_id": "route-05",
        "place_id": "strasburg-rail-road",
        "name": "Strasburg Rail Road",
        "city": "Ronks",
        "state": "PA",
        "visit_date": "2026-10-07",
        "priority": "anchor",
        "included_in_magic_score": true,
        "experience_bucket": "underground-industrial-infrastructure",
        "energy_rebuild_role": "active-core"
      },
      "geometry": {
        "type": "Point",
        "coordinates": [
          -76.1841,
          39.9832
        ]
      }
    },
    {
      "type": "Feature",
      "id": "skyland-horseback",
      "properties": {
        "feature_kind": "place",
        "route_id": "route-05",
        "place_id": "skyland-horseback",
        "name": "Skyland Stables Trail Ride",
        "city": "Shenandoah National Park",
        "state": "VA",
        "visit_date": "2026-10-09",
        "priority": "anchor",
        "included_in_magic_score": true,
        "experience_bucket": "active-mountain-adventure",
        "energy_rebuild_role": "active-core"
      },
      "geometry": {
        "type": "Point",
        "coordinates": [
          -78.382,
          38.5937
        ]
      }
    },
    {
      "type": "Feature",
      "id": "bearfence-scramble",
      "properties": {
        "feature_kind": "place",
        "route_id": "route-05",
        "place_id": "bearfence-scramble",
        "name": "Bearfence Mountain Scramble",
        "city": "Shenandoah National Park",
        "state": "VA",
        "visit_date": "2026-10-09",
        "priority": "anchor",
        "included_in_magic_score": true,
        "experience_bucket": "active-mountain-adventure",
        "energy_rebuild_role": "active-core"
      },
      "geometry": {
        "type": "Point",
        "coordinates": [
          -78.4651,
          38.4472
        ]
      }
    },
    {
      "type": "Feature",
      "id": "blue-ridge-tunnel",
      "properties": {
        "feature_kind": "place",
        "route_id": "route-05",
        "place_id": "blue-ridge-tunnel",
        "name": "Claudius Crozet Blue Ridge Tunnel",
        "city": "Afton",
        "state": "VA",
        "visit_date": "2026-10-10",
        "priority": "anchor",
        "included_in_magic_score": true,
        "experience_bucket": "underground-industrial-infrastructure",
        "energy_rebuild_role": "active-core"
      },
      "geometry": {
        "type": "Point",
        "coordinates": [
          -78.8586,
          38.0333
        ]
      }
    },
    {
      "type": "Feature",
      "id": "davinci-escape-room",
      "properties": {
        "feature_kind": "place",
        "route_id": "route-05",
        "place_id": "davinci-escape-room",
        "name": "Unlocked History — Da Vinci's Discovery",
        "city": "Charlottesville",
        "state": "VA",
        "visit_date": "2026-10-10",
        "priority": "anchor",
        "included_in_magic_score": true,
        "experience_bucket": "interactive-puzzle",
        "energy_rebuild_role": "active-core"
      },
      "geometry": {
        "type": "Point",
        "coordinates": [
          -78.4767,
          38.0293
        ]
      }
    },
    {
      "type": "Feature",
      "id": "leesburg-outlets",
      "properties": {
        "feature_kind": "place",
        "route_id": "route-05",
        "place_id": "leesburg-outlets",
        "name": "Leesburg Premium Outlets",
        "city": "Leesburg",
        "state": "VA",
        "visit_date": "2026-10-11",
        "priority": "anchor",
        "included_in_magic_score": true,
        "experience_bucket": "shopping",
        "energy_rebuild_role": "active-core"
      },
      "geometry": {
        "type": "Point",
        "coordinates": [
          -77.5392,
          39.1067
        ]
      }
    },
    {
      "type": "Feature",
      "id": "catoctin-furnace",
      "properties": {
        "feature_kind": "place",
        "route_id": "route-05",
        "place_id": "catoctin-furnace",
        "name": "Catoctin Furnace & African American Cemetery",
        "city": "Thurmont",
        "state": "MD",
        "visit_date": "2026-10-12",
        "priority": "anchor",
        "included_in_magic_score": true,
        "experience_bucket": "underground-industrial-infrastructure",
        "energy_rebuild_role": "active-core"
      },
      "geometry": {
        "type": "Point",
        "coordinates": [
          -77.4197,
          39.6097
        ]
      }
    },
    {
      "type": "Feature",
      "id": "lehigh-gorge-railway",
      "properties": {
        "feature_kind": "place",
        "route_id": "route-05",
        "place_id": "lehigh-gorge-railway",
        "name": "Lehigh Gorge Scenic Railway",
        "city": "Jim Thorpe",
        "state": "PA",
        "visit_date": "2026-10-12",
        "priority": "anchor",
        "included_in_magic_score": true,
        "experience_bucket": "scenic-rail-transport",
        "energy_rebuild_role": "active-core"
      },
      "geometry": {
        "type": "Point",
        "coordinates": [
          -75.7374,
          40.8633
        ]
      }
    },
    {
      "type": "Feature",
      "id": "walkway-over-hudson",
      "properties": {
        "feature_kind": "place",
        "route_id": "route-05",
        "place_id": "walkway-over-hudson",
        "name": "Walkway Over the Hudson",
        "city": "Poughkeepsie",
        "state": "NY",
        "visit_date": "2026-10-13",
        "priority": "anchor",
        "included_in_magic_score": true,
        "experience_bucket": "underground-industrial-infrastructure",
        "energy_rebuild_role": "active-core"
      },
      "geometry": {
        "type": "Point",
        "coordinates": [
          -73.9418,
          41.7106
        ]
      }
    },
    {
      "type": "Feature",
      "id": "mine-hill-preserve",
      "properties": {
        "feature_kind": "place",
        "route_id": "route-05",
        "place_id": "mine-hill-preserve",
        "name": "Mine Hill Preserve",
        "city": "Roxbury",
        "state": "CT",
        "visit_date": "2026-10-13",
        "priority": "anchor",
        "included_in_magic_score": true,
        "experience_bucket": "underground-industrial-infrastructure",
        "energy_rebuild_role": "active-core"
      },
      "geometry": {
        "type": "Point",
        "coordinates": [
          -73.3415,
          41.5685
        ]
      }
    },
    {
      "type": "Feature",
      "id": "dinosaur-footprints",
      "properties": {
        "feature_kind": "place",
        "route_id": "route-05",
        "place_id": "dinosaur-footprints",
        "name": "Dinosaur Footprints Reservation",
        "city": "Holyoke",
        "state": "MA",
        "visit_date": "2026-10-14",
        "priority": "anchor",
        "included_in_magic_score": true,
        "experience_bucket": "nature-geology-scenic",
        "energy_rebuild_role": "active-core"
      },
      "geometry": {
        "type": "Point",
        "coordinates": [
          -72.6076,
          42.2071
        ]
      }
    },
    {
      "type": "Feature",
      "id": "node-boston-logan-rental",
      "properties": {
        "feature_kind": "route_node",
        "route_id": "route-05",
        "node_id": "boston-logan-rental",
        "name": "Boston Logan Rental Car Center"
      },
      "geometry": {
        "type": "Point",
        "coordinates": [
          -71.0304,
          42.3682
        ]
      }
    },
    {
      "type": "Feature",
      "id": "node-danbury-lodging",
      "properties": {
        "feature_kind": "route_node",
        "route_id": "route-05",
        "node_id": "danbury-lodging",
        "name": "Danbury west/I-84 lodging zone"
      },
      "geometry": {
        "type": "Point",
        "coordinates": [
          -73.454,
          41.3948
        ]
      }
    },
    {
      "type": "Feature",
      "id": "node-scranton-lodging",
      "properties": {
        "feature_kind": "route_node",
        "route_id": "route-05",
        "node_id": "scranton-lodging",
        "name": "Scranton downtown lodging zone"
      },
      "geometry": {
        "type": "Point",
        "coordinates": [
          -75.6627,
          41.4089
        ]
      }
    },
    {
      "type": "Feature",
      "id": "node-lancaster-lodging",
      "properties": {
        "feature_kind": "route_node",
        "route_id": "route-05",
        "node_id": "lancaster-lodging",
        "name": "Lancaster central lodging zone"
      },
      "geometry": {
        "type": "Point",
        "coordinates": [
          -76.3076,
          40.0379
        ]
      }
    },
    {
      "type": "Feature",
      "id": "node-harrisburg-lodging",
      "properties": {
        "feature_kind": "route_node",
        "route_id": "route-05",
        "node_id": "harrisburg-lodging",
        "name": "Harrisburg downtown lodging zone"
      },
      "geometry": {
        "type": "Point",
        "coordinates": [
          -76.8867,
          40.2619
        ]
      }
    },
    {
      "type": "Feature",
      "id": "node-harpers-visitor-parking",
      "properties": {
        "feature_kind": "route_node",
        "route_id": "route-05",
        "node_id": "harpers-visitor-parking",
        "name": "Harpers Ferry visitor-center parking and shuttle"
      },
      "geometry": {
        "type": "Point",
        "coordinates": [
          -77.7523,
          39.3154
        ]
      }
    },
    {
      "type": "Feature",
      "id": "node-winchester-lodging",
      "properties": {
        "feature_kind": "route_node",
        "route_id": "route-05",
        "node_id": "winchester-lodging",
        "name": "Winchester historic district lodging zone"
      },
      "geometry": {
        "type": "Point",
        "coordinates": [
          -78.167,
          39.1857
        ]
      }
    },
    {
      "type": "Feature",
      "id": "node-charlottesville-lodging",
      "properties": {
        "feature_kind": "route_node",
        "route_id": "route-05",
        "node_id": "charlottesville-lodging",
        "name": "Charlottesville downtown lodging zone"
      },
      "geometry": {
        "type": "Point",
        "coordinates": [
          -78.4819,
          38.0293
        ]
      }
    },
    {
      "type": "Feature",
      "id": "node-frederick-lodging",
      "properties": {
        "feature_kind": "route_node",
        "route_id": "route-05",
        "node_id": "frederick-lodging",
        "name": "Frederick historic district lodging zone"
      },
      "geometry": {
        "type": "Point",
        "coordinates": [
          -77.4108,
          39.4143
        ]
      }
    },
    {
      "type": "Feature",
      "id": "node-bethlehem-lodging",
      "properties": {
        "feature_kind": "route_node",
        "route_id": "route-05",
        "node_id": "bethlehem-lodging",
        "name": "Bethlehem Burnside/airport lodging zone"
      },
      "geometry": {
        "type": "Point",
        "coordinates": [
          -75.395,
          40.637
        ]
      }
    },
    {
      "type": "Feature",
      "id": "node-milford-pa-break",
      "properties": {
        "feature_kind": "route_node",
        "route_id": "route-05",
        "node_id": "milford-pa-break",
        "name": "Milford, PA Delaware River comfort break"
      },
      "geometry": {
        "type": "Point",
        "coordinates": [
          -74.8021,
          41.3223
        ]
      }
    },
    {
      "type": "Feature",
      "id": "node-warrenton-break",
      "properties": {
        "feature_kind": "route_node",
        "route_id": "route-05",
        "node_id": "warrenton-break",
        "name": "Warrenton, VA US-29 comfort break"
      },
      "geometry": {
        "type": "Point",
        "coordinates": [
          -77.7953,
          38.7134
        ]
      }
    },
    {
      "type": "Feature",
      "id": "node-leesburg-lodging",
      "properties": {
        "feature_kind": "route_node",
        "route_id": "route-05",
        "node_id": "leesburg-lodging",
        "name": "Leesburg historic district lodging zone"
      },
      "geometry": {
        "type": "Point",
        "coordinates": [
          -77.5646,
          39.1155
        ]
      }
    },
    {
      "type": "Feature",
      "id": "node-stroudsburg-lodging",
      "properties": {
        "feature_kind": "route_node",
        "route_id": "route-05",
        "node_id": "stroudsburg-lodging",
        "name": "Stroudsburg downtown lodging zone"
      },
      "geometry": {
        "type": "Point",
        "coordinates": [
          -75.1947,
          40.9864
        ]
      }
    },
    {
      "type": "Feature",
      "id": "node-newtown-lodging",
      "properties": {
        "feature_kind": "route_node",
        "route_id": "route-05",
        "node_id": "newtown-lodging",
        "name": "Newtown Fairfield Hills lodging zone"
      },
      "geometry": {
        "type": "Point",
        "coordinates": [
          -73.3036,
          41.4141
        ]
      }
    },
    {
      "type": "Feature",
      "id": "node-boston-logan-return",
      "properties": {
        "feature_kind": "route_node",
        "route_id": "route-05",
        "node_id": "boston-logan-return",
        "name": "Boston Logan Rental Car Center return"
      },
      "geometry": {
        "type": "Point",
        "coordinates": [
          -71.0304,
          42.3682
        ]
      }
    },
    {
      "type": "Feature",
      "id": "node-boston-logan-hotel",
      "properties": {
        "feature_kind": "route_node",
        "route_id": "route-05",
        "node_id": "boston-logan-hotel",
        "name": "Boston Logan hotel zone"
      },
      "geometry": {
        "type": "Point",
        "coordinates": [
          -71.0155,
          42.3655
        ]
      }
    },
    {
      "type": "Feature",
      "id": "node-wadsworth-atheneum",
      "properties": {
        "feature_kind": "route_node",
        "route_id": "route-05",
        "node_id": "wadsworth-atheneum",
        "name": "Wadsworth Atheneum Museum of Art, 600 Main Street, Hartford, Connecticut"
      },
      "geometry": {
        "type": "Point",
        "coordinates": [
          -72.6734,
          41.7638
        ]
      }
    },
    {
      "type": "Feature",
      "id": "node-holy-land-usa",
      "properties": {
        "feature_kind": "route_node",
        "route_id": "route-05",
        "node_id": "holy-land-usa",
        "name": "Holy Land USA, 60 Slocum Street, Waterbury, Connecticut"
      },
      "geometry": {
        "type": "Point",
        "coordinates": [
          -73.0299116,
          41.549133
        ]
      }
    },
    {
      "type": "Feature",
      "id": "node-mark-twain-house",
      "properties": {
        "feature_kind": "route_node",
        "route_id": "route-05",
        "node_id": "mark-twain-house",
        "name": "The Mark Twain House & Museum, 351 Farmington Avenue, Hartford, Connecticut"
      },
      "geometry": {
        "type": "Point",
        "coordinates": [
          -72.7004,
          41.7671
        ]
      }
    },
    {
      "type": "Feature",
      "id": "node-lackawanna-coal",
      "properties": {
        "feature_kind": "route_node",
        "route_id": "route-05",
        "node_id": "lackawanna-coal",
        "name": "Lackawanna Coal Mine Tour, Scranton, Pennsylvania"
      },
      "geometry": {
        "type": "Point",
        "coordinates": [
          -75.7155,
          41.4173
        ]
      }
    },
    {
      "type": "Feature",
      "id": "node-steamtown",
      "properties": {
        "feature_kind": "route_node",
        "route_id": "route-05",
        "node_id": "steamtown",
        "name": "Steamtown National Historic Site, Scranton, Pennsylvania"
      },
      "geometry": {
        "type": "Point",
        "coordinates": [
          -75.6716,
          41.408
        ]
      }
    },
    {
      "type": "Feature",
      "id": "node-scranton-iron",
      "properties": {
        "feature_kind": "route_node",
        "route_id": "route-05",
        "node_id": "scranton-iron",
        "name": "Scranton Iron Furnaces, Scranton, Pennsylvania"
      },
      "geometry": {
        "type": "Point",
        "coordinates": [
          -75.6623,
          41.404
        ]
      }
    },
    {
      "type": "Feature",
      "id": "node-houdini-museum",
      "properties": {
        "feature_kind": "route_node",
        "route_id": "route-05",
        "node_id": "houdini-museum",
        "name": "Houdini Museum, 1433 North Main Avenue, Scranton, Pennsylvania"
      },
      "geometry": {
        "type": "Point",
        "coordinates": [
          -75.678,
          41.4404
        ]
      }
    },
    {
      "type": "Feature",
      "id": "node-watch-clock",
      "properties": {
        "feature_kind": "route_node",
        "route_id": "route-05",
        "node_id": "watch-clock",
        "name": "National Watch and Clock Museum, 514 Poplar Street, Columbia, Pennsylvania"
      },
      "geometry": {
        "type": "Point",
        "coordinates": [
          -76.5022,
          40.037
        ]
      }
    },
    {
      "type": "Feature",
      "id": "node-lancaster-central-market",
      "properties": {
        "feature_kind": "route_node",
        "route_id": "route-05",
        "node_id": "lancaster-central-market",
        "name": "Lancaster Central Market, Lancaster, Pennsylvania"
      },
      "geometry": {
        "type": "Point",
        "coordinates": [
          -76.3065,
          40.0383
        ]
      }
    },
    {
      "type": "Feature",
      "id": "node-lancaster-troll-market",
      "properties": {
        "feature_kind": "route_node",
        "route_id": "route-05",
        "node_id": "lancaster-troll-market",
        "name": "Lancaster Troll Market, 44 North Queen Street, Lancaster, Pennsylvania"
      },
      "geometry": {
        "type": "Point",
        "coordinates": [
          -76.3069,
          40.039
        ]
      }
    },
    {
      "type": "Feature",
      "id": "node-wolf-sanctuary",
      "properties": {
        "feature_kind": "route_node",
        "route_id": "route-05",
        "node_id": "wolf-sanctuary",
        "name": "Wolf Sanctuary of PA, 465 Speedwell Forge Road, Lititz, Pennsylvania"
      },
      "geometry": {
        "type": "Point",
        "coordinates": [
          -76.3412,
          40.2145
        ]
      }
    },
    {
      "type": "Feature",
      "id": "node-ephrata-cloister",
      "properties": {
        "feature_kind": "route_node",
        "route_id": "route-05",
        "node_id": "ephrata-cloister",
        "name": "Ephrata Cloister, 632 West Main Street, Ephrata, Pennsylvania"
      },
      "geometry": {
        "type": "Point",
        "coordinates": [
          -76.1887,
          40.1834
        ]
      }
    },
    {
      "type": "Feature",
      "id": "node-railroad-museum-pa",
      "properties": {
        "feature_kind": "route_node",
        "route_id": "route-05",
        "node_id": "railroad-museum-pa",
        "name": "Railroad Museum of Pennsylvania, 300 Gap Road, Strasburg, Pennsylvania"
      },
      "geometry": {
        "type": "Point",
        "coordinates": [
          -76.1606,
          39.9822
        ]
      }
    },
    {
      "type": "Feature",
      "id": "node-eshelman-covered-bridge",
      "properties": {
        "feature_kind": "route_node",
        "route_id": "route-05",
        "node_id": "eshelman-covered-bridge",
        "name": "Eshelman's Mill Covered Bridge, Paradise, Pennsylvania"
      },
      "geometry": {
        "type": "Point",
        "coordinates": [
          -76.1518,
          39.9727
        ]
      }
    },
    {
      "type": "Feature",
      "id": "node-harrisburg-riverfront",
      "properties": {
        "feature_kind": "route_node",
        "route_id": "route-05",
        "node_id": "harrisburg-riverfront",
        "name": "Walnut Street Bridge, Harrisburg, Pennsylvania"
      },
      "geometry": {
        "type": "Point",
        "coordinates": [
          -76.886,
          40.2604
        ]
      }
    },
    {
      "type": "Feature",
      "id": "node-turkey-hill-experience",
      "properties": {
        "feature_kind": "route_node",
        "route_id": "route-05",
        "node_id": "turkey-hill-experience",
        "name": "Turkey Hill Experience, 301 Linden Street, Columbia, Pennsylvania"
      },
      "geometry": {
        "type": "Point",
        "coordinates": [
          -76.495,
          40.0407
        ]
      }
    },
    {
      "type": "Feature",
      "id": "node-pa-capitol",
      "properties": {
        "feature_kind": "route_node",
        "route_id": "route-05",
        "node_id": "pa-capitol",
        "name": "Pennsylvania State Capitol, Harrisburg, Pennsylvania"
      },
      "geometry": {
        "type": "Point",
        "coordinates": [
          -76.8837,
          40.2644
        ]
      }
    },
    {
      "type": "Feature",
      "id": "node-antietam",
      "properties": {
        "feature_kind": "route_node",
        "route_id": "route-05",
        "node_id": "antietam",
        "name": "Antietam National Battlefield Visitor Center, Sharpsburg, Maryland"
      },
      "geometry": {
        "type": "Point",
        "coordinates": [
          -77.7447,
          39.468
        ]
      }
    },
    {
      "type": "Feature",
      "id": "node-harpers-lower-town",
      "properties": {
        "feature_kind": "route_node",
        "route_id": "route-05",
        "node_id": "harpers-lower-town",
        "name": "Harpers Ferry Lower Town, Harpers Ferry, West Virginia"
      },
      "geometry": {
        "type": "Point",
        "coordinates": [
          -77.7389,
          39.3232
        ]
      }
    },
    {
      "type": "Feature",
      "id": "node-storer-college",
      "properties": {
        "feature_kind": "route_node",
        "route_id": "route-05",
        "node_id": "storer-college",
        "name": "Storer College, Harpers Ferry, West Virginia"
      },
      "geometry": {
        "type": "Point",
        "coordinates": [
          -77.7411,
          39.324
        ]
      }
    },
    {
      "type": "Feature",
      "id": "node-virginius-island",
      "properties": {
        "feature_kind": "route_node",
        "route_id": "route-05",
        "node_id": "virginius-island",
        "name": "Virginius Island, Harpers Ferry, West Virginia"
      },
      "geometry": {
        "type": "Point",
        "coordinates": [
          -77.7392,
          39.3215
        ]
      }
    },
    {
      "type": "Feature",
      "id": "node-seton-shrine",
      "properties": {
        "feature_kind": "route_node",
        "route_id": "route-05",
        "node_id": "seton-shrine",
        "name": "National Shrine of Saint Elizabeth Ann Seton, Emmitsburg, Maryland"
      },
      "geometry": {
        "type": "Point",
        "coordinates": [
          -77.325,
          39.6993
        ]
      }
    },
    {
      "type": "Feature",
      "id": "node-luray-caverns",
      "properties": {
        "feature_kind": "route_node",
        "route_id": "route-05",
        "node_id": "luray-caverns",
        "name": "Luray Caverns, Luray, Virginia"
      },
      "geometry": {
        "type": "Point",
        "coordinates": [
          -78.4836,
          38.6633
        ]
      }
    },
    {
      "type": "Feature",
      "id": "node-skyline-overlooks",
      "properties": {
        "feature_kind": "route_node",
        "route_id": "route-05",
        "node_id": "skyline-overlooks",
        "name": "Hazel Mountain Overlook, Skyline Drive, Virginia"
      },
      "geometry": {
        "type": "Point",
        "coordinates": [
          -78.292,
          38.6254
        ]
      }
    },
    {
      "type": "Feature",
      "id": "node-stony-man",
      "properties": {
        "feature_kind": "route_node",
        "route_id": "route-05",
        "node_id": "stony-man",
        "name": "Stony Man Trailhead, Skyline Drive, Virginia"
      },
      "geometry": {
        "type": "Point",
        "coordinates": [
          -78.2815,
          38.599
        ]
      }
    },
    {
      "type": "Feature",
      "id": "node-charlottesville-downtown",
      "properties": {
        "feature_kind": "route_node",
        "route_id": "route-05",
        "node_id": "charlottesville-downtown",
        "name": "Charlottesville Downtown Mall, Charlottesville, Virginia"
      },
      "geometry": {
        "type": "Point",
        "coordinates": [
          -78.4819,
          38.03
        ]
      }
    },
    {
      "type": "Feature",
      "id": "node-shenandoah-caverns-fright",
      "properties": {
        "feature_kind": "route_node",
        "route_id": "route-05",
        "node_id": "shenandoah-caverns-fright",
        "name": "Shenandoah Caverns, Quicksburg, Virginia"
      },
      "geometry": {
        "type": "Point",
        "coordinates": [
          -78.6809,
          38.614
        ]
      }
    },
    {
      "type": "Feature",
      "id": "node-monticello",
      "properties": {
        "feature_kind": "route_node",
        "route_id": "route-05",
        "node_id": "monticello",
        "name": "Monticello, Charlottesville, Virginia"
      },
      "geometry": {
        "type": "Point",
        "coordinates": [
          -78.4529,
          38.0322
        ]
      }
    },
    {
      "type": "Feature",
      "id": "node-jefferson-school",
      "properties": {
        "feature_kind": "route_node",
        "route_id": "route-05",
        "node_id": "jefferson-school",
        "name": "Jefferson School African American Heritage Center, Charlottesville, Virginia"
      },
      "geometry": {
        "type": "Point",
        "coordinates": [
          -78.4936,
          38.031
        ]
      }
    },
    {
      "type": "Feature",
      "id": "node-kluge-ruhe",
      "properties": {
        "feature_kind": "route_node",
        "route_id": "route-05",
        "node_id": "kluge-ruhe",
        "name": "Kluge-Ruhe Aboriginal Art Collection, Charlottesville, Virginia"
      },
      "geometry": {
        "type": "Point",
        "coordinates": [
          -78.4534,
          37.9804
        ]
      }
    },
    {
      "type": "Feature",
      "id": "node-ix-looking-glass",
      "properties": {
        "feature_kind": "route_node",
        "route_id": "route-05",
        "node_id": "ix-looking-glass",
        "name": "IX Art Park, Charlottesville, Virginia"
      },
      "geometry": {
        "type": "Point",
        "coordinates": [
          -78.4832,
          38.0233
        ]
      }
    },
    {
      "type": "Feature",
      "id": "node-morgan-wade-jefferson",
      "properties": {
        "feature_kind": "route_node",
        "route_id": "route-05",
        "node_id": "morgan-wade-jefferson",
        "name": "The Jefferson Theater, Charlottesville, Virginia"
      },
      "geometry": {
        "type": "Point",
        "coordinates": [
          -78.4836,
          38.0311
        ]
      }
    },
    {
      "type": "Feature",
      "id": "node-exchange-hotel",
      "properties": {
        "feature_kind": "route_node",
        "route_id": "route-05",
        "node_id": "exchange-hotel",
        "name": "Exchange Hotel Civil War Medical Museum, Gordonsville, Virginia"
      },
      "geometry": {
        "type": "Point",
        "coordinates": [
          -78.187,
          38.1331
        ]
      }
    },
    {
      "type": "Feature",
      "id": "node-transfiguration-orthodox",
      "properties": {
        "feature_kind": "route_node",
        "route_id": "route-05",
        "node_id": "transfiguration-orthodox",
        "name": "Transfiguration Greek Orthodox Church, 100 Perry Drive, Charlottesville, Virginia"
      },
      "geometry": {
        "type": "Point",
        "coordinates": [
          -78.4797,
          38.036
        ]
      }
    },
    {
      "type": "Feature",
      "id": "node-civil-war-medicine",
      "properties": {
        "feature_kind": "route_node",
        "route_id": "route-05",
        "node_id": "civil-war-medicine",
        "name": "National Museum of Civil War Medicine, Frederick, Maryland"
      },
      "geometry": {
        "type": "Point",
        "coordinates": [
          -77.4107,
          39.4154
        ]
      }
    },
    {
      "type": "Feature",
      "id": "node-balls-bluff",
      "properties": {
        "feature_kind": "route_node",
        "route_id": "route-05",
        "node_id": "balls-bluff",
        "name": "Ball's Bluff Battlefield Regional Park, Ball's Bluff Road, Leesburg, Virginia"
      },
      "geometry": {
        "type": "Point",
        "coordinates": [
          -77.5297,
          39.1303
        ]
      }
    },
    {
      "type": "Feature",
      "id": "node-burnside-plantation",
      "properties": {
        "feature_kind": "route_node",
        "route_id": "route-05",
        "node_id": "burnside-plantation",
        "name": "Burnside Plantation, 1461 Schoenersville Road, Bethlehem, Pennsylvania"
      },
      "geometry": {
        "type": "Point",
        "coordinates": [
          -75.395,
          40.637
        ]
      }
    },
    {
      "type": "Feature",
      "id": "node-illicks-mill",
      "properties": {
        "feature_kind": "route_node",
        "route_id": "route-05",
        "node_id": "illicks-mill",
        "name": "Illick's Mill, 100 Illicks Mill Road, Bethlehem, Pennsylvania"
      },
      "geometry": {
        "type": "Point",
        "coordinates": [
          -75.404,
          40.6518
        ]
      }
    },
    {
      "type": "Feature",
      "id": "node-fairfield-hills",
      "properties": {
        "feature_kind": "route_node",
        "route_id": "route-05",
        "node_id": "fairfield-hills",
        "name": "Fairfield Hills Campus, 3 Primrose Street, Newtown, Connecticut"
      },
      "geometry": {
        "type": "Point",
        "coordinates": [
          -73.3036,
          41.4141
        ]
      }
    },
    {
      "type": "Feature",
      "id": "node-newtown-meeting-house",
      "properties": {
        "feature_kind": "route_node",
        "route_id": "route-05",
        "node_id": "newtown-meeting-house",
        "name": "Newtown Meeting House, 31 Main Street, Newtown, Connecticut"
      },
      "geometry": {
        "type": "Point",
        "coordinates": [
          -73.3031,
          41.4149
        ]
      }
    },
    {
      "type": "Feature",
      "id": "node-mapparium",
      "properties": {
        "feature_kind": "route_node",
        "route_id": "route-05",
        "node_id": "mapparium",
        "name": "Mapparium, 210 Massachusetts Avenue, Boston, Massachusetts"
      },
      "geometry": {
        "type": "Point",
        "coordinates": [
          -71.0873,
          42.344
        ]
      }
    },
    {
      "type": "Feature",
      "id": "node-worcester-arms-armor",
      "properties": {
        "feature_kind": "route_node",
        "route_id": "route-05",
        "node_id": "worcester-arms-armor",
        "name": "Worcester Art Museum, 55 Salisbury Street, Worcester, Massachusetts"
      },
      "geometry": {
        "type": "Point",
        "coordinates": [
          -71.802,
          42.273
        ]
      }
    },
    {
      "type": "Feature",
      "id": "node-rock-house-reservation",
      "properties": {
        "feature_kind": "route_node",
        "route_id": "route-05",
        "node_id": "rock-house-reservation",
        "name": "Rock House Reservation, West Brookfield, Massachusetts"
      },
      "geometry": {
        "type": "Point",
        "coordinates": [
          -72.1985,
          42.2713
        ]
      }
    },
    {
      "type": "Feature",
      "id": "node-eckley-miners-village",
      "properties": {
        "feature_kind": "route_node",
        "route_id": "route-05",
        "node_id": "eckley-miners-village",
        "name": "Eckley Miners Village, Weatherly, Pennsylvania"
      },
      "geometry": {
        "type": "Point",
        "coordinates": [
          -75.8624,
          40.9934
        ]
      }
    },
    {
      "type": "Feature",
      "id": "node-hickory-run-boulder-field",
      "properties": {
        "feature_kind": "route_node",
        "route_id": "route-05",
        "node_id": "hickory-run-boulder-field",
        "name": "Boulder Field, Hickory Run State Park, White Haven, Pennsylvania"
      },
      "geometry": {
        "type": "Point",
        "coordinates": [
          -75.681,
          41.0221
        ]
      }
    },
    {
      "type": "Feature",
      "id": "node-strasburg-rail-road",
      "properties": {
        "feature_kind": "route_node",
        "route_id": "route-05",
        "node_id": "strasburg-rail-road",
        "name": "Strasburg Rail Road, 301 Gap Road, Ronks, Pennsylvania"
      },
      "geometry": {
        "type": "Point",
        "coordinates": [
          -76.1841,
          39.9832
        ]
      }
    },
    {
      "type": "Feature",
      "id": "node-skyland-horseback",
      "properties": {
        "feature_kind": "route_node",
        "route_id": "route-05",
        "node_id": "skyland-horseback",
        "name": "Skyland Stables, Skyline Drive mile 42.5, Shenandoah National Park, Virginia"
      },
      "geometry": {
        "type": "Point",
        "coordinates": [
          -78.382,
          38.5937
        ]
      }
    },
    {
      "type": "Feature",
      "id": "node-bearfence-scramble",
      "properties": {
        "feature_kind": "route_node",
        "route_id": "route-05",
        "node_id": "bearfence-scramble",
        "name": "Bearfence Mountain Trail, Skyline Drive mile 56.4, Shenandoah National Park, Virginia"
      },
      "geometry": {
        "type": "Point",
        "coordinates": [
          -78.4651,
          38.4472
        ]
      }
    },
    {
      "type": "Feature",
      "id": "node-blue-ridge-tunnel",
      "properties": {
        "feature_kind": "route_node",
        "route_id": "route-05",
        "node_id": "blue-ridge-tunnel",
        "name": "Claudius Crozet Blue Ridge Tunnel, Afton, Virginia"
      },
      "geometry": {
        "type": "Point",
        "coordinates": [
          -78.8586,
          38.0333
        ]
      }
    },
    {
      "type": "Feature",
      "id": "node-davinci-escape-room",
      "properties": {
        "feature_kind": "route_node",
        "route_id": "route-05",
        "node_id": "davinci-escape-room",
        "name": "Unlocked History Escape Rooms, Charlottesville, Virginia"
      },
      "geometry": {
        "type": "Point",
        "coordinates": [
          -78.4767,
          38.0293
        ]
      }
    },
    {
      "type": "Feature",
      "id": "node-leesburg-outlets",
      "properties": {
        "feature_kind": "route_node",
        "route_id": "route-05",
        "node_id": "leesburg-outlets",
        "name": "Leesburg Premium Outlets, 241 Fort Evans Road NE, Leesburg, Virginia"
      },
      "geometry": {
        "type": "Point",
        "coordinates": [
          -77.5392,
          39.1067
        ]
      }
    },
    {
      "type": "Feature",
      "id": "node-catoctin-furnace",
      "properties": {
        "feature_kind": "route_node",
        "route_id": "route-05",
        "node_id": "catoctin-furnace",
        "name": "Catoctin Furnace Historic District, Thurmont, Maryland"
      },
      "geometry": {
        "type": "Point",
        "coordinates": [
          -77.4197,
          39.6097
        ]
      }
    },
    {
      "type": "Feature",
      "id": "node-lehigh-gorge-railway",
      "properties": {
        "feature_kind": "route_node",
        "route_id": "route-05",
        "node_id": "lehigh-gorge-railway",
        "name": "Lehigh Gorge Scenic Railway, 1 Susquehanna Street, Jim Thorpe, Pennsylvania"
      },
      "geometry": {
        "type": "Point",
        "coordinates": [
          -75.7374,
          40.8633
        ]
      }
    },
    {
      "type": "Feature",
      "id": "node-walkway-over-hudson",
      "properties": {
        "feature_kind": "route_node",
        "route_id": "route-05",
        "node_id": "walkway-over-hudson",
        "name": "Walkway Over the Hudson, Poughkeepsie, New York"
      },
      "geometry": {
        "type": "Point",
        "coordinates": [
          -73.9418,
          41.7106
        ]
      }
    },
    {
      "type": "Feature",
      "id": "node-mine-hill-preserve",
      "properties": {
        "feature_kind": "route_node",
        "route_id": "route-05",
        "node_id": "mine-hill-preserve",
        "name": "Mine Hill Preserve, Roxbury, Connecticut"
      },
      "geometry": {
        "type": "Point",
        "coordinates": [
          -73.3415,
          41.5685
        ]
      }
    },
    {
      "type": "Feature",
      "id": "node-dinosaur-footprints",
      "properties": {
        "feature_kind": "route_node",
        "route_id": "route-05",
        "node_id": "dinosaur-footprints",
        "name": "Dinosaur Footprints Reservation, Holyoke, Massachusetts"
      },
      "geometry": {
        "type": "Point",
        "coordinates": [
          -72.6076,
          42.2071
        ]
      }
    }
  ]
}
