{
  "type": "FeatureCollection",
  "name": "route-07-kazoos-rock-mechanical-dreams-loop",
  "features": [
    {
      "type": "Feature",
      "id": "d1-boston-logan-rental-to-springfield-museums",
      "properties": {
        "feature_kind": "drive_leg",
        "route_id": "route-07",
        "day": 1,
        "date": "2026-10-04",
        "from": "boston-logan-rental",
        "to": "springfield-museums",
        "distance_miles": 91.8,
        "baseline_minutes": 115,
        "map_color": "#F97316"
      },
      "geometry": {
        "coordinates": [
          [
            -71.029421,
            42.367769
          ],
          [
            -71.037429,
            42.346811
          ],
          [
            -71.177949,
            42.35787
          ],
          [
            -71.315031,
            42.33461
          ],
          [
            -71.367832,
            42.311489
          ],
          [
            -71.412023,
            42.315539
          ],
          [
            -71.557712,
            42.269721
          ],
          [
            -71.618632,
            42.229395
          ],
          [
            -71.755983,
            42.2211
          ],
          [
            -72.059325,
            42.129954
          ],
          [
            -72.124859,
            42.135049
          ],
          [
            -72.2159,
            42.182517
          ],
          [
            -72.282382,
            42.164903
          ],
          [
            -72.318532,
            42.17708
          ],
          [
            -72.380572,
            42.153946
          ],
          [
            -72.447241,
            42.170514
          ],
          [
            -72.546138,
            42.164138
          ],
          [
            -72.55036,
            42.142222
          ],
          [
            -72.586281,
            42.104401
          ]
        ],
        "type": "LineString"
      }
    },
    {
      "type": "Feature",
      "id": "d1-springfield-museums-to-springfield-lodging",
      "properties": {
        "feature_kind": "drive_leg",
        "route_id": "route-07",
        "day": 1,
        "date": "2026-10-04",
        "from": "springfield-museums",
        "to": "springfield-lodging",
        "distance_miles": 0.6,
        "baseline_minutes": 3,
        "map_color": "#F97316"
      },
      "geometry": {
        "coordinates": [
          [
            -72.586281,
            42.104401
          ],
          [
            -72.586195,
            42.104352
          ],
          [
            -72.58607,
            42.104475
          ],
          [
            -72.586683,
            42.10482
          ],
          [
            -72.58753,
            42.104057
          ],
          [
            -72.587949,
            42.104392
          ],
          [
            -72.588617,
            42.103843
          ],
          [
            -72.587286,
            42.102982
          ],
          [
            -72.585527,
            42.101988
          ],
          [
            -72.584979,
            42.101849
          ],
          [
            -72.58453,
            42.101821
          ],
          [
            -72.584171,
            42.101834
          ],
          [
            -72.583306,
            42.101962
          ],
          [
            -72.583318,
            42.101753
          ],
          [
            -72.583406,
            42.101766
          ],
          [
            -72.583643,
            42.101591
          ]
        ],
        "type": "LineString"
      }
    },
    {
      "type": "Feature",
      "id": "d2-springfield-lodging-to-cohoes-falls",
      "properties": {
        "feature_kind": "drive_leg",
        "route_id": "route-07",
        "day": 2,
        "date": "2026-10-05",
        "from": "springfield-lodging",
        "to": "cohoes-falls",
        "distance_miles": 93.8,
        "baseline_minutes": 119,
        "map_color": "#F97316"
      },
      "geometry": {
        "coordinates": [
          [
            -72.583643,
            42.101591
          ],
          [
            -72.605549,
            42.110411
          ],
          [
            -72.609711,
            42.134656
          ],
          [
            -72.636088,
            42.139867
          ],
          [
            -72.644549,
            42.161637
          ],
          [
            -72.639745,
            42.15412
          ],
          [
            -72.694668,
            42.13902
          ],
          [
            -72.759029,
            42.154856
          ],
          [
            -72.906255,
            42.172582
          ],
          [
            -72.993536,
            42.236973
          ],
          [
            -73.043933,
            42.23304
          ],
          [
            -73.110157,
            42.248037
          ],
          [
            -73.162165,
            42.291201
          ],
          [
            -73.194316,
            42.300504
          ],
          [
            -73.297311,
            42.297751
          ],
          [
            -73.351982,
            42.307479
          ],
          [
            -73.368241,
            42.330514
          ],
          [
            -73.435765,
            42.366103
          ],
          [
            -73.455627,
            42.368417
          ],
          [
            -73.471608,
            42.389293
          ],
          [
            -73.49423,
            42.389646
          ],
          [
            -73.540926,
            42.414172
          ],
          [
            -73.556821,
            42.442375
          ],
          [
            -73.583778,
            42.459777
          ],
          [
            -73.629963,
            42.482427
          ],
          [
            -73.669731,
            42.483376
          ],
          [
            -73.688799,
            42.511584
          ],
          [
            -73.677209,
            42.592015
          ],
          [
            -73.731402,
            42.667329
          ],
          [
            -73.709832,
            42.694537
          ],
          [
            -73.698166,
            42.732233
          ],
          [
            -73.697784,
            42.7689
          ],
          [
            -73.711103,
            42.78583
          ]
        ],
        "type": "LineString"
      }
    },
    {
      "type": "Feature",
      "id": "d2-cohoes-falls-to-oakwood-troy",
      "properties": {
        "feature_kind": "drive_leg",
        "route_id": "route-07",
        "day": 2,
        "date": "2026-10-05",
        "from": "cohoes-falls",
        "to": "oakwood-troy",
        "distance_miles": 3.9,
        "baseline_minutes": 15,
        "map_color": "#F97316"
      },
      "geometry": {
        "coordinates": [
          [
            -73.711103,
            42.78583
          ],
          [
            -73.710941,
            42.785094
          ],
          [
            -73.710123,
            42.784171
          ],
          [
            -73.707166,
            42.783066
          ],
          [
            -73.702243,
            42.778358
          ],
          [
            -73.700807,
            42.777504
          ],
          [
            -73.700998,
            42.777113
          ],
          [
            -73.700252,
            42.775658
          ],
          [
            -73.700091,
            42.774436
          ],
          [
            -73.690194,
            42.773353
          ],
          [
            -73.678936,
            42.771015
          ],
          [
            -73.677795,
            42.773482
          ],
          [
            -73.670005,
            42.771589
          ],
          [
            -73.667764,
            42.773182
          ],
          [
            -73.667356,
            42.770969
          ],
          [
            -73.667585,
            42.768805
          ],
          [
            -73.667072,
            42.767937
          ],
          [
            -73.667491,
            42.766736
          ],
          [
            -73.666834,
            42.765561
          ],
          [
            -73.665896,
            42.765115
          ],
          [
            -73.665853,
            42.764673
          ],
          [
            -73.667102,
            42.76369
          ],
          [
            -73.666618,
            42.761557
          ],
          [
            -73.666836,
            42.761059
          ],
          [
            -73.667516,
            42.761094
          ],
          [
            -73.667475,
            42.762107
          ]
        ],
        "type": "LineString"
      }
    },
    {
      "type": "Feature",
      "id": "d2-oakwood-troy-to-troy-lodging",
      "properties": {
        "feature_kind": "drive_leg",
        "route_id": "route-07",
        "day": 2,
        "date": "2026-10-05",
        "from": "oakwood-troy",
        "to": "troy-lodging",
        "distance_miles": 2.8,
        "baseline_minutes": 12,
        "map_color": "#F97316"
      },
      "geometry": {
        "coordinates": [
          [
            -73.667475,
            42.762107
          ],
          [
            -73.667727,
            42.760806
          ],
          [
            -73.668148,
            42.760751
          ],
          [
            -73.668332,
            42.760089
          ],
          [
            -73.669004,
            42.759892
          ],
          [
            -73.670071,
            42.758996
          ],
          [
            -73.670126,
            42.756209
          ],
          [
            -73.670977,
            42.754785
          ],
          [
            -73.67059,
            42.752782
          ],
          [
            -73.671758,
            42.748688
          ],
          [
            -73.677366,
            42.743118
          ],
          [
            -73.679409,
            42.740573
          ],
          [
            -73.67975,
            42.739528
          ],
          [
            -73.683115,
            42.73964
          ],
          [
            -73.682757,
            42.738726
          ],
          [
            -73.683274,
            42.73694
          ],
          [
            -73.684643,
            42.735432
          ],
          [
            -73.685996,
            42.733099
          ],
          [
            -73.686817,
            42.729597
          ],
          [
            -73.685976,
            42.729494
          ],
          [
            -73.686338,
            42.728402
          ],
          [
            -73.686797,
            42.728428
          ]
        ],
        "type": "LineString"
      }
    },
    {
      "type": "Feature",
      "id": "d3-troy-lodging-to-boxing-hof",
      "properties": {
        "feature_kind": "drive_leg",
        "route_id": "route-07",
        "day": 3,
        "date": "2026-10-06",
        "from": "troy-lodging",
        "to": "boxing-hof",
        "distance_miles": 126.6,
        "baseline_minutes": 152,
        "map_color": "#F97316"
      },
      "geometry": {
        "coordinates": [
          [
            -73.686797,
            42.728428
          ],
          [
            -73.681773,
            42.739699
          ],
          [
            -73.765272,
            42.764072
          ],
          [
            -73.790042,
            42.732029
          ],
          [
            -73.841801,
            42.696767
          ],
          [
            -73.929831,
            42.7522
          ],
          [
            -74.011458,
            42.784544
          ],
          [
            -74.013526,
            42.839705
          ],
          [
            -74.046581,
            42.870136
          ],
          [
            -74.102382,
            42.898084
          ],
          [
            -74.240027,
            42.932356
          ],
          [
            -74.307464,
            42.930301
          ],
          [
            -74.379342,
            42.948271
          ],
          [
            -74.467036,
            42.897028
          ],
          [
            -74.529915,
            42.894179
          ],
          [
            -74.60664,
            42.915416
          ],
          [
            -74.63663,
            42.959759
          ],
          [
            -74.671535,
            42.989464
          ],
          [
            -74.72518,
            42.989935
          ],
          [
            -74.806093,
            43.017109
          ],
          [
            -74.884663,
            43.004662
          ],
          [
            -75.01044,
            43.018013
          ],
          [
            -75.042041,
            43.030564
          ],
          [
            -75.067642,
            43.055813
          ],
          [
            -75.115508,
            43.082277
          ],
          [
            -75.272213,
            43.136892
          ],
          [
            -75.387334,
            43.122974
          ],
          [
            -75.482681,
            43.136306
          ],
          [
            -75.609651,
            43.125938
          ],
          [
            -75.727241,
            43.101361
          ],
          [
            -75.749678,
            43.089886
          ]
        ],
        "type": "LineString"
      }
    },
    {
      "type": "Feature",
      "id": "d3-boxing-hof-to-syracuse-lodging",
      "properties": {
        "feature_kind": "drive_leg",
        "route_id": "route-07",
        "day": 3,
        "date": "2026-10-06",
        "from": "boxing-hof",
        "to": "syracuse-lodging",
        "distance_miles": 24.8,
        "baseline_minutes": 35,
        "map_color": "#F97316"
      },
      "geometry": {
        "coordinates": [
          [
            -75.749678,
            43.089886
          ],
          [
            -75.750636,
            43.087807
          ],
          [
            -75.746365,
            43.090758
          ],
          [
            -75.74617,
            43.094705
          ],
          [
            -75.748723,
            43.092239
          ],
          [
            -75.761825,
            43.090164
          ],
          [
            -75.846844,
            43.095949
          ],
          [
            -75.922643,
            43.091467
          ],
          [
            -76.038624,
            43.095022
          ],
          [
            -76.0446,
            43.098379
          ],
          [
            -76.054985,
            43.098391
          ],
          [
            -76.052026,
            43.062313
          ],
          [
            -76.054058,
            43.05882
          ],
          [
            -76.060991,
            43.056977
          ],
          [
            -76.095079,
            43.059525
          ],
          [
            -76.128664,
            43.051714
          ],
          [
            -76.145564,
            43.051771
          ],
          [
            -76.1474,
            43.048093
          ]
        ],
        "type": "LineString"
      }
    },
    {
      "type": "Feature",
      "id": "d4-syracuse-lodging-to-anthony-house",
      "properties": {
        "feature_kind": "drive_leg",
        "route_id": "route-07",
        "day": 4,
        "date": "2026-10-07",
        "from": "syracuse-lodging",
        "to": "anthony-house",
        "distance_miles": 87.3,
        "baseline_minutes": 109,
        "map_color": "#F97316"
      },
      "geometry": {
        "coordinates": [
          [
            -76.1474,
            43.048093
          ],
          [
            -76.196747,
            43.065761
          ],
          [
            -76.246859,
            43.105856
          ],
          [
            -76.289057,
            43.114512
          ],
          [
            -76.288372,
            43.107243
          ],
          [
            -76.323192,
            43.09035
          ],
          [
            -76.459628,
            43.080507
          ],
          [
            -76.606717,
            43.052727
          ],
          [
            -76.71453,
            43.002039
          ],
          [
            -76.821119,
            42.971443
          ],
          [
            -76.909273,
            42.958812
          ],
          [
            -77.022578,
            42.95608
          ],
          [
            -77.091315,
            42.97422
          ],
          [
            -77.266374,
            42.979739
          ],
          [
            -77.424517,
            43.000685
          ],
          [
            -77.498394,
            43.088847
          ],
          [
            -77.508226,
            43.117879
          ],
          [
            -77.545408,
            43.142757
          ],
          [
            -77.594258,
            43.141876
          ],
          [
            -77.628004,
            43.153367
          ]
        ],
        "type": "LineString"
      }
    },
    {
      "type": "Feature",
      "id": "d4-anthony-house-to-mount-hope-rochester",
      "properties": {
        "feature_kind": "drive_leg",
        "route_id": "route-07",
        "day": 4,
        "date": "2026-10-07",
        "from": "anthony-house",
        "to": "mount-hope-rochester",
        "distance_miles": 2.9,
        "baseline_minutes": 10,
        "map_color": "#F97316"
      },
      "geometry": {
        "coordinates": [
          [
            -77.628004,
            43.153367
          ],
          [
            -77.627758,
            43.153366
          ],
          [
            -77.627726,
            43.152248
          ],
          [
            -77.628972,
            43.151941
          ],
          [
            -77.629016,
            43.146611
          ],
          [
            -77.620018,
            43.146609
          ],
          [
            -77.618271,
            43.143667
          ],
          [
            -77.616134,
            43.142718
          ],
          [
            -77.613449,
            43.14088
          ],
          [
            -77.614526,
            43.138402
          ],
          [
            -77.613276,
            43.132385
          ],
          [
            -77.615927,
            43.127685
          ],
          [
            -77.61701,
            43.127602
          ],
          [
            -77.617203,
            43.127234
          ],
          [
            -77.619391,
            43.127611
          ],
          [
            -77.618088,
            43.129954
          ],
          [
            -77.618819,
            43.129924
          ]
        ],
        "type": "LineString"
      }
    },
    {
      "type": "Feature",
      "id": "d4-mount-hope-rochester-to-batavia-lodging",
      "properties": {
        "feature_kind": "drive_leg",
        "route_id": "route-07",
        "day": 4,
        "date": "2026-10-07",
        "from": "mount-hope-rochester",
        "to": "batavia-lodging",
        "distance_miles": 33.5,
        "baseline_minutes": 52,
        "map_color": "#F97316"
      },
      "geometry": {
        "coordinates": [
          [
            -77.618819,
            43.129924
          ],
          [
            -77.62114,
            43.125637
          ],
          [
            -77.629198,
            43.12315
          ],
          [
            -77.639329,
            43.125739
          ],
          [
            -77.646649,
            43.122909
          ],
          [
            -77.658179,
            43.127453
          ],
          [
            -77.66792,
            43.141296
          ],
          [
            -77.666465,
            43.140065
          ],
          [
            -77.70141,
            43.126572
          ],
          [
            -77.722071,
            43.133826
          ],
          [
            -77.73498,
            43.123037
          ],
          [
            -77.768136,
            43.11634
          ],
          [
            -77.792588,
            43.099229
          ],
          [
            -77.801496,
            43.095301
          ],
          [
            -77.829322,
            43.09435
          ],
          [
            -77.867078,
            43.098106
          ],
          [
            -77.92026,
            43.086319
          ],
          [
            -77.928268,
            43.082838
          ],
          [
            -77.937276,
            43.074858
          ],
          [
            -77.959113,
            43.071095
          ],
          [
            -78.020873,
            43.041351
          ],
          [
            -78.100521,
            43.019922
          ],
          [
            -78.164295,
            42.99495
          ],
          [
            -78.187602,
            42.998129
          ]
        ],
        "type": "LineString"
      }
    },
    {
      "type": "Feature",
      "id": "d5-batavia-lodging-to-eden-kazoo",
      "properties": {
        "feature_kind": "drive_leg",
        "route_id": "route-07",
        "day": 5,
        "date": "2026-10-08",
        "from": "batavia-lodging",
        "to": "eden-kazoo",
        "distance_miles": 56.6,
        "baseline_minutes": 79,
        "map_color": "#F97316"
      },
      "geometry": {
        "coordinates": [
          [
            -78.187602,
            42.998129
          ],
          [
            -78.192114,
            43.000114
          ],
          [
            -78.192146,
            43.015633
          ],
          [
            -78.184956,
            43.020726
          ],
          [
            -78.392822,
            43.010266
          ],
          [
            -78.433081,
            42.992712
          ],
          [
            -78.499762,
            42.979702
          ],
          [
            -78.529836,
            42.968648
          ],
          [
            -78.609882,
            42.950363
          ],
          [
            -78.67178,
            42.947459
          ],
          [
            -78.761929,
            42.950439
          ],
          [
            -78.766497,
            42.944223
          ],
          [
            -78.768183,
            42.884304
          ],
          [
            -78.787945,
            42.875092
          ],
          [
            -78.791794,
            42.866394
          ],
          [
            -78.79184,
            42.816716
          ],
          [
            -78.815547,
            42.800669
          ],
          [
            -78.819019,
            42.765279
          ],
          [
            -78.837043,
            42.746902
          ],
          [
            -78.848695,
            42.742847
          ],
          [
            -78.835292,
            42.731399
          ],
          [
            -78.839094,
            42.71662
          ],
          [
            -78.856885,
            42.692141
          ],
          [
            -78.89053,
            42.663415
          ],
          [
            -78.898308,
            42.649256
          ]
        ],
        "type": "LineString"
      }
    },
    {
      "type": "Feature",
      "id": "d5-eden-kazoo-to-trec-presque-isle",
      "properties": {
        "feature_kind": "drive_leg",
        "route_id": "route-07",
        "day": 5,
        "date": "2026-10-08",
        "from": "eden-kazoo",
        "to": "trec-presque-isle",
        "distance_miles": 80.9,
        "baseline_minutes": 108,
        "map_color": "#F97316"
      },
      "geometry": {
        "coordinates": [
          [
            -78.898308,
            42.649256
          ],
          [
            -78.896926,
            42.652405
          ],
          [
            -78.911558,
            42.659252
          ],
          [
            -78.954936,
            42.652506
          ],
          [
            -78.962024,
            42.661301
          ],
          [
            -79.027651,
            42.604654
          ],
          [
            -79.081252,
            42.573912
          ],
          [
            -79.149917,
            42.519404
          ],
          [
            -79.164894,
            42.513141
          ],
          [
            -79.202111,
            42.511085
          ],
          [
            -79.236297,
            42.497316
          ],
          [
            -79.297486,
            42.464133
          ],
          [
            -79.366845,
            42.455053
          ],
          [
            -79.407598,
            42.416799
          ],
          [
            -79.437666,
            42.410317
          ],
          [
            -79.541271,
            42.353985
          ],
          [
            -79.579165,
            42.341476
          ],
          [
            -79.621136,
            42.313911
          ],
          [
            -79.755427,
            42.257582
          ],
          [
            -79.77685,
            42.239509
          ],
          [
            -79.78565,
            42.223723
          ],
          [
            -79.849602,
            42.170227
          ],
          [
            -79.963859,
            42.119105
          ],
          [
            -79.986866,
            42.125202
          ],
          [
            -80.016799,
            42.122274
          ],
          [
            -80.058084,
            42.125794
          ],
          [
            -80.079302,
            42.117964
          ],
          [
            -80.082673,
            42.123
          ],
          [
            -80.145603,
            42.099762
          ],
          [
            -80.153938,
            42.109624
          ]
        ],
        "type": "LineString"
      }
    },
    {
      "type": "Feature",
      "id": "d5-trec-presque-isle-to-erie-lodging",
      "properties": {
        "feature_kind": "drive_leg",
        "route_id": "route-07",
        "day": 5,
        "date": "2026-10-08",
        "from": "trec-presque-isle",
        "to": "erie-lodging",
        "distance_miles": 5.1,
        "baseline_minutes": 13,
        "map_color": "#F97316"
      },
      "geometry": {
        "coordinates": [
          [
            -80.153938,
            42.109624
          ],
          [
            -80.154364,
            42.109282
          ],
          [
            -80.153391,
            42.107982
          ],
          [
            -80.15367,
            42.107694
          ],
          [
            -80.148378,
            42.104042
          ],
          [
            -80.145603,
            42.099762
          ],
          [
            -80.081303,
            42.123509
          ],
          [
            -80.084597,
            42.128449
          ],
          [
            -80.082512,
            42.129219
          ]
        ],
        "type": "LineString"
      }
    },
    {
      "type": "Feature",
      "id": "d6-erie-lodging-to-rock-hall",
      "properties": {
        "feature_kind": "drive_leg",
        "route_id": "route-07",
        "day": 6,
        "date": "2026-10-09",
        "from": "erie-lodging",
        "to": "rock-hall",
        "distance_miles": 101.7,
        "baseline_minutes": 121,
        "map_color": "#F97316"
      },
      "geometry": {
        "coordinates": [
          [
            -80.082512,
            42.129219
          ],
          [
            -80.079943,
            42.124013
          ],
          [
            -80.122316,
            42.109367
          ],
          [
            -80.105594,
            42.06727
          ],
          [
            -80.13457,
            42.026415
          ],
          [
            -80.219233,
            42.013136
          ],
          [
            -80.38564,
            41.946598
          ],
          [
            -80.508112,
            41.942818
          ],
          [
            -80.658185,
            41.885359
          ],
          [
            -80.74022,
            41.832346
          ],
          [
            -80.791757,
            41.826469
          ],
          [
            -80.877655,
            41.775044
          ],
          [
            -81.046244,
            41.759614
          ],
          [
            -81.124985,
            41.722861
          ],
          [
            -81.165661,
            41.714538
          ],
          [
            -81.291445,
            41.651023
          ],
          [
            -81.377628,
            41.639527
          ],
          [
            -81.450222,
            41.592069
          ],
          [
            -81.482326,
            41.590278
          ],
          [
            -81.496571,
            41.605539
          ],
          [
            -81.695067,
            41.508762
          ]
        ],
        "type": "LineString"
      }
    },
    {
      "type": "Feature",
      "id": "d6-rock-hall-to-christmas-story-house",
      "properties": {
        "feature_kind": "drive_leg",
        "route_id": "route-07",
        "day": 6,
        "date": "2026-10-09",
        "from": "rock-hall",
        "to": "christmas-story-house",
        "distance_miles": 3.6,
        "baseline_minutes": 11,
        "map_color": "#F97316"
      },
      "geometry": {
        "coordinates": [
          [
            -81.695067,
            41.508762
          ],
          [
            -81.694672,
            41.509074
          ],
          [
            -81.68245,
            41.495209
          ],
          [
            -81.682628,
            41.494908
          ],
          [
            -81.685706,
            41.493389
          ],
          [
            -81.687793,
            41.491657
          ],
          [
            -81.690675,
            41.487184
          ],
          [
            -81.692657,
            41.483207
          ],
          [
            -81.693354,
            41.482903
          ],
          [
            -81.693855,
            41.483389
          ],
          [
            -81.693534,
            41.483735
          ],
          [
            -81.692544,
            41.483809
          ],
          [
            -81.691372,
            41.482255
          ],
          [
            -81.691201,
            41.47004
          ],
          [
            -81.688824,
            41.470084
          ],
          [
            -81.687632,
            41.468723
          ]
        ],
        "type": "LineString"
      }
    },
    {
      "type": "Feature",
      "id": "d6-christmas-story-house-to-buckland-museum",
      "properties": {
        "feature_kind": "drive_leg",
        "route_id": "route-07",
        "day": 6,
        "date": "2026-10-09",
        "from": "christmas-story-house",
        "to": "buckland-museum",
        "distance_miles": 3,
        "baseline_minutes": 9,
        "map_color": "#F97316"
      },
      "geometry": {
        "coordinates": [
          [
            -81.687632,
            41.468723
          ],
          [
            -81.687622,
            41.468031
          ],
          [
            -81.691182,
            41.46798
          ],
          [
            -81.691431,
            41.465565
          ],
          [
            -81.694321,
            41.464619
          ],
          [
            -81.694834,
            41.460974
          ],
          [
            -81.69438,
            41.459674
          ],
          [
            -81.691795,
            41.45735
          ],
          [
            -81.691138,
            41.45492
          ],
          [
            -81.689172,
            41.454047
          ],
          [
            -81.688246,
            41.454061
          ],
          [
            -81.687755,
            41.453052
          ],
          [
            -81.687645,
            41.446411
          ],
          [
            -81.689123,
            41.446427
          ],
          [
            -81.693365,
            41.445615
          ],
          [
            -81.693872,
            41.44499
          ],
          [
            -81.693987,
            41.442955
          ],
          [
            -81.695908,
            41.439264
          ],
          [
            -81.699288,
            41.437971
          ],
          [
            -81.699639,
            41.438221
          ]
        ],
        "type": "LineString"
      }
    },
    {
      "type": "Feature",
      "id": "d6-buckland-museum-to-sugar-agora",
      "properties": {
        "feature_kind": "drive_leg",
        "route_id": "route-07",
        "day": 6,
        "date": "2026-10-09",
        "from": "buckland-museum",
        "to": "sugar-agora",
        "distance_miles": 6.1,
        "baseline_minutes": 13,
        "map_color": "#F97316"
      },
      "geometry": {
        "coordinates": [
          [
            -81.699639,
            41.438221
          ],
          [
            -81.704912,
            41.441669
          ],
          [
            -81.702977,
            41.44517
          ],
          [
            -81.701098,
            41.456059
          ],
          [
            -81.696171,
            41.458393
          ],
          [
            -81.694296,
            41.460782
          ],
          [
            -81.692667,
            41.468456
          ],
          [
            -81.692941,
            41.479239
          ],
          [
            -81.691147,
            41.485366
          ],
          [
            -81.688362,
            41.490288
          ],
          [
            -81.68464,
            41.493485
          ],
          [
            -81.678983,
            41.495532
          ],
          [
            -81.673032,
            41.498504
          ],
          [
            -81.670097,
            41.499585
          ],
          [
            -81.657398,
            41.500997
          ],
          [
            -81.657678,
            41.50222
          ],
          [
            -81.653779,
            41.502689
          ],
          [
            -81.653618,
            41.503232
          ]
        ],
        "type": "LineString"
      }
    },
    {
      "type": "Feature",
      "id": "d6-sugar-agora-to-cleveland-lodging",
      "properties": {
        "feature_kind": "drive_leg",
        "route_id": "route-07",
        "day": 6,
        "date": "2026-10-09",
        "from": "sugar-agora",
        "to": "cleveland-lodging",
        "distance_miles": 2.3,
        "baseline_minutes": 7,
        "map_color": "#F97316"
      },
      "geometry": {
        "coordinates": [
          [
            -81.653618,
            41.503232
          ],
          [
            -81.654104,
            41.503182
          ],
          [
            -81.653996,
            41.502665
          ],
          [
            -81.657678,
            41.50222
          ],
          [
            -81.657398,
            41.500997
          ],
          [
            -81.674575,
            41.499076
          ],
          [
            -81.678945,
            41.49763
          ],
          [
            -81.680806,
            41.499669
          ],
          [
            -81.690651,
            41.498193
          ],
          [
            -81.691116,
            41.499256
          ]
        ],
        "type": "LineString"
      }
    },
    {
      "type": "Feature",
      "id": "d7-cleveland-lodging-to-cleveland-art",
      "properties": {
        "feature_kind": "drive_leg",
        "route_id": "route-07",
        "day": 7,
        "date": "2026-10-10",
        "from": "cleveland-lodging",
        "to": "cleveland-art",
        "distance_miles": 4.9,
        "baseline_minutes": 14,
        "map_color": "#F97316"
      },
      "geometry": {
        "coordinates": [
          [
            -81.691116,
            41.499256
          ],
          [
            -81.691198,
            41.499581
          ],
          [
            -81.68444,
            41.500488
          ],
          [
            -81.685027,
            41.502248
          ],
          [
            -81.683714,
            41.502907
          ],
          [
            -81.66838,
            41.504466
          ],
          [
            -81.662387,
            41.504742
          ],
          [
            -81.648273,
            41.506597
          ],
          [
            -81.646302,
            41.506578
          ],
          [
            -81.640567,
            41.505883
          ],
          [
            -81.633768,
            41.506008
          ],
          [
            -81.629861,
            41.505702
          ],
          [
            -81.613026,
            41.505452
          ],
          [
            -81.612161,
            41.505216
          ],
          [
            -81.61217,
            41.506705
          ],
          [
            -81.614321,
            41.508007
          ],
          [
            -81.614781,
            41.509552
          ],
          [
            -81.614266,
            41.510503
          ],
          [
            -81.613681,
            41.510209
          ],
          [
            -81.612596,
            41.510291
          ],
          [
            -81.611756,
            41.509603
          ]
        ],
        "type": "LineString"
      }
    },
    {
      "type": "Feature",
      "id": "d7-cleveland-art-to-southpointe-lodging",
      "properties": {
        "feature_kind": "drive_leg",
        "route_id": "route-07",
        "day": 7,
        "date": "2026-10-10",
        "from": "cleveland-art",
        "to": "southpointe-lodging",
        "distance_miles": 139.8,
        "baseline_minutes": 173,
        "map_color": "#F97316"
      },
      "geometry": {
        "coordinates": [
          [
            -81.611756,
            41.509603
          ],
          [
            -81.602902,
            41.483893
          ],
          [
            -81.58889,
            41.483558
          ],
          [
            -81.565011,
            41.466433
          ],
          [
            -81.564886,
            41.42422
          ],
          [
            -81.53001,
            41.42385
          ],
          [
            -81.507805,
            41.40924
          ],
          [
            -81.511761,
            41.351098
          ],
          [
            -81.369102,
            41.252437
          ],
          [
            -80.985823,
            41.238981
          ],
          [
            -80.822048,
            41.091232
          ],
          [
            -80.630719,
            40.948961
          ],
          [
            -80.431225,
            40.885979
          ],
          [
            -80.402898,
            40.867668
          ],
          [
            -80.390894,
            40.844814
          ],
          [
            -80.370183,
            40.837529
          ],
          [
            -80.35607,
            40.784518
          ],
          [
            -80.375808,
            40.710117
          ],
          [
            -80.333853,
            40.683117
          ],
          [
            -80.323565,
            40.6639
          ],
          [
            -80.324966,
            40.623944
          ],
          [
            -80.298044,
            40.599006
          ],
          [
            -80.272467,
            40.542395
          ],
          [
            -80.283051,
            40.501956
          ],
          [
            -80.271281,
            40.488316
          ],
          [
            -80.305558,
            40.455669
          ],
          [
            -80.317529,
            40.419059
          ],
          [
            -80.256957,
            40.360461
          ],
          [
            -80.21886,
            40.362644
          ],
          [
            -80.148737,
            40.322892
          ],
          [
            -80.161029,
            40.270535
          ],
          [
            -80.164022,
            40.277462
          ]
        ],
        "type": "LineString"
      }
    },
    {
      "type": "Feature",
      "id": "d8-southpointe-lodging-to-all-saints-canonsburg",
      "properties": {
        "feature_kind": "drive_leg",
        "route_id": "route-07",
        "day": 8,
        "date": "2026-10-11",
        "from": "southpointe-lodging",
        "to": "all-saints-canonsburg",
        "distance_miles": 1.1,
        "baseline_minutes": 5,
        "map_color": "#F97316"
      },
      "geometry": {
        "coordinates": [
          [
            -80.164022,
            40.277462
          ],
          [
            -80.164484,
            40.27762
          ],
          [
            -80.164826,
            40.276972
          ],
          [
            -80.165276,
            40.276482
          ],
          [
            -80.164147,
            40.2759
          ],
          [
            -80.163557,
            40.275306
          ],
          [
            -80.163401,
            40.275011
          ],
          [
            -80.163273,
            40.274339
          ],
          [
            -80.163361,
            40.273986
          ],
          [
            -80.163517,
            40.273882
          ],
          [
            -80.163479,
            40.273727
          ],
          [
            -80.163358,
            40.273675
          ],
          [
            -80.163031,
            40.273706
          ],
          [
            -80.161427,
            40.273061
          ],
          [
            -80.162066,
            40.271768
          ],
          [
            -80.162123,
            40.271394
          ],
          [
            -80.161966,
            40.271129
          ],
          [
            -80.16135,
            40.270708
          ],
          [
            -80.161029,
            40.270535
          ],
          [
            -80.159586,
            40.27271
          ],
          [
            -80.159118,
            40.273144
          ],
          [
            -80.158795,
            40.273333
          ],
          [
            -80.158285,
            40.273568
          ],
          [
            -80.157905,
            40.273623
          ],
          [
            -80.156477,
            40.273654
          ],
          [
            -80.156439,
            40.273139
          ],
          [
            -80.156745,
            40.273146
          ]
        ],
        "type": "LineString"
      }
    },
    {
      "type": "Feature",
      "id": "d8-all-saints-canonsburg-to-bedford-coffee-pot",
      "properties": {
        "feature_kind": "drive_leg",
        "route_id": "route-07",
        "day": 8,
        "date": "2026-10-11",
        "from": "all-saints-canonsburg",
        "to": "bedford-coffee-pot",
        "distance_miles": 116.7,
        "baseline_minutes": 153,
        "map_color": "#F97316"
      },
      "geometry": {
        "coordinates": [
          [
            -80.156745,
            40.273146
          ],
          [
            -80.174999,
            40.261859
          ],
          [
            -80.170564,
            40.252523
          ],
          [
            -80.180618,
            40.242077
          ],
          [
            -80.152334,
            40.218442
          ],
          [
            -80.133994,
            40.214228
          ],
          [
            -80.083933,
            40.166367
          ],
          [
            -80.038028,
            40.156127
          ],
          [
            -80.005598,
            40.13329
          ],
          [
            -79.966244,
            40.130897
          ],
          [
            -79.921455,
            40.109821
          ],
          [
            -79.89777,
            40.107618
          ],
          [
            -79.855332,
            40.13943
          ],
          [
            -79.825051,
            40.140078
          ],
          [
            -79.733689,
            40.167776
          ],
          [
            -79.688034,
            40.192597
          ],
          [
            -79.67404,
            40.211113
          ],
          [
            -79.600342,
            40.219781
          ],
          [
            -79.60785,
            40.224794
          ],
          [
            -79.466243,
            40.151863
          ],
          [
            -79.433686,
            40.154882
          ],
          [
            -79.379038,
            40.108247
          ],
          [
            -79.290083,
            40.128643
          ],
          [
            -79.235904,
            40.104174
          ],
          [
            -79.205346,
            40.103363
          ],
          [
            -79.197254,
            40.085815
          ],
          [
            -79.143588,
            40.064942
          ],
          [
            -79.046985,
            40.000352
          ],
          [
            -78.87477,
            39.968997
          ],
          [
            -78.847659,
            39.957079
          ],
          [
            -78.834171,
            39.964168
          ],
          [
            -78.815665,
            39.955288
          ],
          [
            -78.783135,
            39.987038
          ],
          [
            -78.752816,
            39.977078
          ],
          [
            -78.709885,
            39.985151
          ],
          [
            -78.677725,
            40.0095
          ],
          [
            -78.61783,
            40.01934
          ],
          [
            -78.603327,
            40.009019
          ],
          [
            -78.55638,
            40.047071
          ],
          [
            -78.514313,
            40.049346
          ],
          [
            -78.519133,
            40.058254
          ],
          [
            -78.51755,
            40.023081
          ]
        ],
        "type": "LineString"
      }
    },
    {
      "type": "Feature",
      "id": "d8-bedford-coffee-pot-to-mcconnellsburg-lodging",
      "properties": {
        "feature_kind": "drive_leg",
        "route_id": "route-07",
        "day": 8,
        "date": "2026-10-11",
        "from": "bedford-coffee-pot",
        "to": "mcconnellsburg-lodging",
        "distance_miles": 35,
        "baseline_minutes": 53,
        "map_color": "#F97316"
      },
      "geometry": {
        "coordinates": [
          [
            -78.51755,
            40.023081
          ],
          [
            -78.513428,
            40.021249
          ],
          [
            -78.51555,
            40.019124
          ],
          [
            -78.511258,
            40.023805
          ],
          [
            -78.505961,
            40.021208
          ],
          [
            -78.47751,
            40.018527
          ],
          [
            -78.471164,
            40.014262
          ],
          [
            -78.455004,
            40.02512
          ],
          [
            -78.440942,
            40.025418
          ],
          [
            -78.405669,
            40.019565
          ],
          [
            -78.39536,
            40.012081
          ],
          [
            -78.384329,
            40.009838
          ],
          [
            -78.380401,
            40.012009
          ],
          [
            -78.37739,
            40.025245
          ],
          [
            -78.371452,
            40.027463
          ],
          [
            -78.35011,
            40.020102
          ],
          [
            -78.330365,
            40.018979
          ],
          [
            -78.31246,
            40.008129
          ],
          [
            -78.303259,
            40.007471
          ],
          [
            -78.290739,
            39.998014
          ],
          [
            -78.273138,
            39.992052
          ],
          [
            -78.266123,
            39.99731
          ],
          [
            -78.257767,
            39.995213
          ],
          [
            -78.249533,
            39.998988
          ],
          [
            -78.22433,
            39.999297
          ],
          [
            -78.214376,
            40.004448
          ],
          [
            -78.210231,
            40.010341
          ],
          [
            -78.184483,
            40.020505
          ],
          [
            -78.172054,
            40.021673
          ],
          [
            -78.144352,
            40.014105
          ],
          [
            -78.128426,
            40.017678
          ],
          [
            -78.12077,
            40.016905
          ],
          [
            -78.107284,
            40.008749
          ],
          [
            -78.096948,
            39.997568
          ],
          [
            -78.081734,
            39.991632
          ],
          [
            -78.047875,
            39.985939
          ],
          [
            -78.04716,
            39.982631
          ],
          [
            -78.038828,
            39.975673
          ],
          [
            -78.024505,
            39.970768
          ],
          [
            -78.024446,
            39.953906
          ],
          [
            -78.019708,
            39.940366
          ],
          [
            -78.015788,
            39.936781
          ],
          [
            -78.017002,
            39.932967
          ],
          [
            -78.024049,
            39.932656
          ]
        ],
        "type": "LineString"
      }
    },
    {
      "type": "Feature",
      "id": "d9-mcconnellsburg-lodging-to-mack-museum",
      "properties": {
        "feature_kind": "drive_leg",
        "route_id": "route-07",
        "day": 9,
        "date": "2026-10-12",
        "from": "mcconnellsburg-lodging",
        "to": "mack-museum",
        "distance_miles": 154.5,
        "baseline_minutes": 198,
        "map_color": "#F97316"
      },
      "geometry": {
        "coordinates": [
          [
            -78.024049,
            39.932656
          ],
          [
            -77.999052,
            39.93256
          ],
          [
            -77.978761,
            39.960779
          ],
          [
            -77.962117,
            40.00454
          ],
          [
            -77.96944,
            40.034573
          ],
          [
            -77.953389,
            40.058106
          ],
          [
            -77.87953,
            40.076524
          ],
          [
            -77.861252,
            40.091267
          ],
          [
            -77.82904,
            40.087059
          ],
          [
            -77.704516,
            40.157954
          ],
          [
            -77.68536,
            40.159551
          ],
          [
            -77.642884,
            40.142637
          ],
          [
            -77.599563,
            40.164884
          ],
          [
            -77.376594,
            40.2022
          ],
          [
            -77.244514,
            40.207612
          ],
          [
            -77.15634,
            40.225936
          ],
          [
            -77.083473,
            40.245924
          ],
          [
            -77.038436,
            40.271077
          ],
          [
            -76.987214,
            40.276396
          ],
          [
            -76.975079,
            40.298942
          ],
          [
            -76.926343,
            40.31604
          ],
          [
            -76.855927,
            40.301735
          ],
          [
            -76.808745,
            40.32496
          ],
          [
            -76.760162,
            40.331401
          ],
          [
            -76.588569,
            40.413281
          ],
          [
            -76.504481,
            40.429043
          ],
          [
            -76.460483,
            40.447838
          ],
          [
            -76.400846,
            40.451343
          ],
          [
            -76.107116,
            40.516521
          ],
          [
            -75.959703,
            40.570818
          ],
          [
            -75.724145,
            40.581371
          ],
          [
            -75.651469,
            40.575097
          ],
          [
            -75.589252,
            40.58909
          ],
          [
            -75.517839,
            40.562209
          ],
          [
            -75.49401,
            40.572308
          ]
        ],
        "type": "LineString"
      }
    },
    {
      "type": "Feature",
      "id": "d9-mack-museum-to-allentown-parkway-lodging",
      "properties": {
        "feature_kind": "drive_leg",
        "route_id": "route-07",
        "day": 9,
        "date": "2026-10-12",
        "from": "mack-museum",
        "to": "allentown-parkway-lodging",
        "distance_miles": 2.2,
        "baseline_minutes": 9,
        "map_color": "#F97316"
      },
      "geometry": {
        "coordinates": [
          [
            -75.49401,
            40.572308
          ],
          [
            -75.494095,
            40.572855
          ],
          [
            -75.494553,
            40.572931
          ],
          [
            -75.494689,
            40.573839
          ],
          [
            -75.49505,
            40.573819
          ],
          [
            -75.496605,
            40.571789
          ],
          [
            -75.496782,
            40.570305
          ],
          [
            -75.495968,
            40.56888
          ],
          [
            -75.49795,
            40.567688
          ],
          [
            -75.498649,
            40.56785
          ],
          [
            -75.496861,
            40.56485
          ],
          [
            -75.495247,
            40.563124
          ],
          [
            -75.493571,
            40.56194
          ],
          [
            -75.48784,
            40.55882
          ],
          [
            -75.491148,
            40.552522
          ],
          [
            -75.491395,
            40.551433
          ],
          [
            -75.490411,
            40.551377
          ],
          [
            -75.491018,
            40.55125
          ],
          [
            -75.491101,
            40.550994
          ]
        ],
        "type": "LineString"
      }
    },
    {
      "type": "Feature",
      "id": "d10-allentown-parkway-lodging-to-uncle-sam-danbury",
      "properties": {
        "feature_kind": "drive_leg",
        "route_id": "route-07",
        "day": 10,
        "date": "2026-10-13",
        "from": "allentown-parkway-lodging",
        "to": "uncle-sam-danbury",
        "distance_miles": 153.7,
        "baseline_minutes": 199,
        "map_color": "#F97316"
      },
      "geometry": {
        "coordinates": [
          [
            -75.491101,
            40.550994
          ],
          [
            -75.48317,
            40.563937
          ],
          [
            -75.429213,
            40.554795
          ],
          [
            -75.38147,
            40.586843
          ],
          [
            -75.302964,
            40.604855
          ],
          [
            -75.231325,
            40.666878
          ],
          [
            -75.19257,
            40.676676
          ],
          [
            -75.180516,
            40.674763
          ],
          [
            -75.162364,
            40.650479
          ],
          [
            -75.13597,
            40.66925
          ],
          [
            -75.111959,
            40.672144
          ],
          [
            -75.06658,
            40.659245
          ],
          [
            -75.046646,
            40.661514
          ],
          [
            -75.034203,
            40.651143
          ],
          [
            -74.974761,
            40.63542
          ],
          [
            -74.918294,
            40.631197
          ],
          [
            -74.783025,
            40.651718
          ],
          [
            -74.684157,
            40.642697
          ],
          [
            -74.501441,
            40.646813
          ],
          [
            -74.421207,
            40.663003
          ],
          [
            -74.36933,
            40.696621
          ],
          [
            -74.326939,
            40.710965
          ],
          [
            -74.280003,
            40.713915
          ],
          [
            -74.240621,
            40.704919
          ],
          [
            -74.213269,
            40.71638
          ],
          [
            -74.151596,
            40.705483
          ],
          [
            -74.134832,
            40.716993
          ],
          [
            -74.09546,
            40.78265
          ],
          [
            -74.037024,
            40.820895
          ],
          [
            -74.016562,
            40.845111
          ],
          [
            -73.995832,
            40.841738
          ],
          [
            -73.977499,
            40.858415
          ],
          [
            -73.925547,
            40.844422
          ],
          [
            -73.856401,
            40.929965
          ],
          [
            -73.816015,
            40.922655
          ],
          [
            -73.79685,
            40.958529
          ],
          [
            -73.750168,
            40.977751
          ],
          [
            -73.721097,
            41.003912
          ],
          [
            -73.715217,
            41.019611
          ],
          [
            -73.728451,
            41.057123
          ],
          [
            -73.688933,
            41.157199
          ],
          [
            -73.685032,
            41.219299
          ],
          [
            -73.672643,
            41.247337
          ],
          [
            -73.685872,
            41.26973
          ],
          [
            -73.654019,
            41.343781
          ],
          [
            -73.595402,
            41.388385
          ],
          [
            -73.57697,
            41.382868
          ],
          [
            -73.529152,
            41.392724
          ],
          [
            -73.48422,
            41.38348
          ],
          [
            -73.450269,
            41.397947
          ]
        ],
        "type": "LineString"
      }
    },
    {
      "type": "Feature",
      "id": "d10-uncle-sam-danbury-to-danbury-downtown-lodging",
      "properties": {
        "feature_kind": "drive_leg",
        "route_id": "route-07",
        "day": 10,
        "date": "2026-10-13",
        "from": "uncle-sam-danbury",
        "to": "danbury-downtown-lodging",
        "distance_miles": 0.7,
        "baseline_minutes": 2,
        "map_color": "#F97316"
      },
      "geometry": {
        "coordinates": [
          [
            -73.450269,
            41.397947
          ],
          [
            -73.45053,
            41.398136
          ],
          [
            -73.450307,
            41.398271
          ],
          [
            -73.450495,
            41.398449
          ],
          [
            -73.450072,
            41.39857
          ],
          [
            -73.449955,
            41.398424
          ],
          [
            -73.450891,
            41.397898
          ],
          [
            -73.450986,
            41.396737
          ],
          [
            -73.450864,
            41.396373
          ],
          [
            -73.450719,
            41.396198
          ],
          [
            -73.449637,
            41.395136
          ],
          [
            -73.450796,
            41.39412
          ],
          [
            -73.452219,
            41.393238
          ],
          [
            -73.452883,
            41.392957
          ],
          [
            -73.453167,
            41.392854
          ],
          [
            -73.453431,
            41.39323
          ],
          [
            -73.453822,
            41.393599
          ]
        ],
        "type": "LineString"
      }
    },
    {
      "type": "Feature",
      "id": "d11-danbury-downtown-lodging-to-boston-logan-return",
      "properties": {
        "feature_kind": "drive_leg",
        "route_id": "route-07",
        "day": 11,
        "date": "2026-10-14",
        "from": "danbury-downtown-lodging",
        "to": "boston-logan-return",
        "distance_miles": 160.1,
        "baseline_minutes": 199,
        "map_color": "#F97316"
      },
      "geometry": {
        "coordinates": [
          [
            -73.453822,
            41.393599
          ],
          [
            -73.375158,
            41.42476
          ],
          [
            -73.314981,
            41.429154
          ],
          [
            -73.266881,
            41.414283
          ],
          [
            -73.247039,
            41.433901
          ],
          [
            -73.24781,
            41.450627
          ],
          [
            -73.213033,
            41.475636
          ],
          [
            -73.092168,
            41.522378
          ],
          [
            -73.067748,
            41.547956
          ],
          [
            -73.032767,
            41.551416
          ],
          [
            -73.004141,
            41.537966
          ],
          [
            -72.944699,
            41.542718
          ],
          [
            -72.899968,
            41.580202
          ],
          [
            -72.894352,
            41.617775
          ],
          [
            -72.844024,
            41.668812
          ],
          [
            -72.82161,
            41.670111
          ],
          [
            -72.791134,
            41.72213
          ],
          [
            -72.757863,
            41.727479
          ],
          [
            -72.732649,
            41.748849
          ],
          [
            -72.704745,
            41.749947
          ],
          [
            -72.680507,
            41.770944
          ],
          [
            -72.633961,
            41.763195
          ],
          [
            -72.577718,
            41.7743
          ],
          [
            -72.552615,
            41.801379
          ],
          [
            -72.469261,
            41.830939
          ],
          [
            -72.429894,
            41.854297
          ],
          [
            -72.374059,
            41.857029
          ],
          [
            -72.205035,
            41.948201
          ],
          [
            -72.062321,
            42.128856
          ],
          [
            -71.756836,
            42.220728
          ],
          [
            -71.618119,
            42.229365
          ],
          [
            -71.557662,
            42.269541
          ],
          [
            -71.411977,
            42.315412
          ],
          [
            -71.368027,
            42.311283
          ],
          [
            -71.315058,
            42.334425
          ],
          [
            -71.178254,
            42.357713
          ],
          [
            -71.037544,
            42.346671
          ],
          [
            -71.025581,
            42.358706
          ],
          [
            -71.029421,
            42.367769
          ]
        ],
        "type": "LineString"
      }
    },
    {
      "type": "Feature",
      "id": "d11-boston-logan-return-to-boston-logan-hotel",
      "properties": {
        "feature_kind": "drive_leg",
        "route_id": "route-07",
        "day": 11,
        "date": "2026-10-14",
        "from": "boston-logan-return",
        "to": "boston-logan-hotel",
        "distance_miles": 1.1,
        "baseline_minutes": 4,
        "map_color": "#F97316"
      },
      "geometry": {
        "coordinates": [
          [
            -71.029421,
            42.367769
          ],
          [
            -71.02961,
            42.367518
          ],
          [
            -71.029577,
            42.367362
          ],
          [
            -71.028114,
            42.366661
          ],
          [
            -71.027786,
            42.36704
          ],
          [
            -71.028379,
            42.367289
          ],
          [
            -71.028631,
            42.367466
          ],
          [
            -71.028806,
            42.367745
          ],
          [
            -71.028808,
            42.36805
          ],
          [
            -71.028033,
            42.36905
          ],
          [
            -71.027852,
            42.369108
          ],
          [
            -71.027461,
            42.369514
          ],
          [
            -71.027084,
            42.369576
          ],
          [
            -71.026842,
            42.369478
          ],
          [
            -71.026673,
            42.369235
          ],
          [
            -71.026546,
            42.368312
          ],
          [
            -71.026381,
            42.367878
          ],
          [
            -71.026085,
            42.367474
          ],
          [
            -71.025727,
            42.36717
          ],
          [
            -71.024299,
            42.366404
          ],
          [
            -71.022319,
            42.365889
          ],
          [
            -71.019883,
            42.364853
          ],
          [
            -71.01937,
            42.364782
          ],
          [
            -71.018851,
            42.364889
          ],
          [
            -71.018546,
            42.365109
          ],
          [
            -71.017961,
            42.365836
          ],
          [
            -71.0171,
            42.366204
          ],
          [
            -71.017001,
            42.366367
          ],
          [
            -71.016767,
            42.366379
          ]
        ],
        "type": "LineString"
      }
    },
    {
      "type": "Feature",
      "id": "replacement-d1-springfield-armory",
      "properties": {
        "feature_kind": "replacement_drive_variant",
        "route_id": "route-07",
        "day": 1,
        "replacement_place_id": "springfield-armory",
        "replaces_place_ids": [
          "springfield-museums"
        ],
        "baseline_total_miles": 92.6,
        "baseline_total_minutes": 119,
        "delta_minutes": 2,
        "cap_status": "passes-baseline-cap",
        "map_color": "#F97316"
      },
      "geometry": {
        "type": "MultiLineString",
        "coordinates": [
          [
            [
              -71.029421,
              42.367769
            ],
            [
              -71.037429,
              42.346811
            ],
            [
              -71.177949,
              42.35787
            ],
            [
              -71.315031,
              42.33461
            ],
            [
              -71.367832,
              42.311489
            ],
            [
              -71.412023,
              42.315539
            ],
            [
              -71.557712,
              42.269721
            ],
            [
              -71.618632,
              42.229395
            ],
            [
              -71.755983,
              42.2211
            ],
            [
              -72.059325,
              42.129954
            ],
            [
              -72.124859,
              42.135049
            ],
            [
              -72.2159,
              42.182517
            ],
            [
              -72.282382,
              42.164903
            ],
            [
              -72.318532,
              42.17708
            ],
            [
              -72.380572,
              42.153946
            ],
            [
              -72.447241,
              42.170514
            ],
            [
              -72.546138,
              42.164138
            ],
            [
              -72.550296,
              42.142318
            ],
            [
              -72.581276,
              42.107328
            ]
          ],
          [
            [
              -72.581276,
              42.107328
            ],
            [
              -72.580784,
              42.106786
            ],
            [
              -72.580704,
              42.106585
            ],
            [
              -72.580613,
              42.106575
            ],
            [
              -72.57937,
              42.107169
            ],
            [
              -72.578972,
              42.107237
            ],
            [
              -72.578259,
              42.107599
            ],
            [
              -72.57767,
              42.107908
            ],
            [
              -72.577546,
              42.108059
            ],
            [
              -72.57759,
              42.108283
            ],
            [
              -72.57821,
              42.108965
            ],
            [
              -72.577807,
              42.109142
            ],
            [
              -72.577035,
              42.108074
            ],
            [
              -72.578512,
              42.10733
            ],
            [
              -72.582133,
              42.105045
            ],
            [
              -72.583951,
              42.103648
            ],
            [
              -72.58572,
              42.102077
            ],
            [
              -72.585354,
              42.10193
            ],
            [
              -72.584692,
              42.101825
            ],
            [
              -72.584198,
              42.101832
            ],
            [
              -72.583306,
              42.101962
            ],
            [
              -72.583318,
              42.101753
            ],
            [
              -72.583406,
              42.101766
            ],
            [
              -72.583643,
              42.101591
            ]
          ]
        ]
      }
    },
    {
      "type": "Feature",
      "id": "replacement-d2-saratoga-auto",
      "properties": {
        "feature_kind": "replacement_drive_variant",
        "route_id": "route-07",
        "day": 2,
        "replacement_place_id": "saratoga-auto",
        "replaces_place_ids": [
          "cohoes-falls",
          "oakwood-troy"
        ],
        "baseline_total_miles": 145.4,
        "baseline_total_minutes": 188,
        "delta_minutes": 43,
        "cap_status": "passes-baseline-cap",
        "map_color": "#F97316"
      },
      "geometry": {
        "type": "MultiLineString",
        "coordinates": [
          [
            [
              -72.583643,
              42.101591
            ],
            [
              -72.605549,
              42.110411
            ],
            [
              -72.609711,
              42.134656
            ],
            [
              -72.636088,
              42.139867
            ],
            [
              -72.644549,
              42.161637
            ],
            [
              -72.639745,
              42.15412
            ],
            [
              -72.694668,
              42.13902
            ],
            [
              -72.759029,
              42.154856
            ],
            [
              -72.906255,
              42.172582
            ],
            [
              -72.993536,
              42.236973
            ],
            [
              -73.043933,
              42.23304
            ],
            [
              -73.110157,
              42.248037
            ],
            [
              -73.162165,
              42.291201
            ],
            [
              -73.194316,
              42.300504
            ],
            [
              -73.297311,
              42.297751
            ],
            [
              -73.351982,
              42.307479
            ],
            [
              -73.368241,
              42.330514
            ],
            [
              -73.435765,
              42.366103
            ],
            [
              -73.455627,
              42.368417
            ],
            [
              -73.471608,
              42.389293
            ],
            [
              -73.49423,
              42.389646
            ],
            [
              -73.540926,
              42.414172
            ],
            [
              -73.556821,
              42.442375
            ],
            [
              -73.583778,
              42.459777
            ],
            [
              -73.628316,
              42.48193
            ],
            [
              -73.667993,
              42.482807
            ],
            [
              -73.681259,
              42.491448
            ],
            [
              -73.688812,
              42.514228
            ],
            [
              -73.677015,
              42.59137
            ],
            [
              -73.731402,
              42.667329
            ],
            [
              -73.709677,
              42.694844
            ],
            [
              -73.695565,
              42.742962
            ],
            [
              -73.761512,
              42.766413
            ],
            [
              -73.779673,
              42.892678
            ],
            [
              -73.805173,
              42.94407
            ],
            [
              -73.78831,
              43.063119
            ],
            [
              -73.804773,
              43.057231
            ]
          ],
          [
            [
              -73.804773,
              43.057231
            ],
            [
              -73.788459,
              43.063113
            ],
            [
              -73.789555,
              43.033586
            ],
            [
              -73.803547,
              43.000512
            ],
            [
              -73.801534,
              42.96089
            ],
            [
              -73.805735,
              42.943799
            ],
            [
              -73.800971,
              42.921216
            ],
            [
              -73.780486,
              42.893054
            ],
            [
              -73.764636,
              42.795598
            ],
            [
              -73.75805,
              42.786583
            ],
            [
              -73.76603,
              42.762353
            ],
            [
              -73.738078,
              42.757544
            ],
            [
              -73.683434,
              42.739315
            ],
            [
              -73.686797,
              42.728428
            ]
          ]
        ]
      }
    },
    {
      "type": "Feature",
      "id": "replacement-d3-chittenango-falls",
      "properties": {
        "feature_kind": "replacement_drive_variant",
        "route_id": "route-07",
        "day": 3,
        "replacement_place_id": "chittenango-falls",
        "replaces_place_ids": [
          "boxing-hof"
        ],
        "baseline_total_miles": 159.1,
        "baseline_total_minutes": 205,
        "delta_minutes": 18,
        "cap_status": "passes-baseline-cap",
        "map_color": "#F97316"
      },
      "geometry": {
        "type": "MultiLineString",
        "coordinates": [
          [
            [
              -73.686797,
              42.728428
            ],
            [
              -73.681773,
              42.739699
            ],
            [
              -73.765272,
              42.764072
            ],
            [
              -73.790042,
              42.732029
            ],
            [
              -73.841801,
              42.696767
            ],
            [
              -73.929831,
              42.7522
            ],
            [
              -74.011458,
              42.784544
            ],
            [
              -74.013526,
              42.839705
            ],
            [
              -74.046581,
              42.870136
            ],
            [
              -74.102382,
              42.898084
            ],
            [
              -74.240027,
              42.932356
            ],
            [
              -74.307464,
              42.930301
            ],
            [
              -74.379342,
              42.948271
            ],
            [
              -74.467036,
              42.897028
            ],
            [
              -74.529915,
              42.894179
            ],
            [
              -74.60664,
              42.915416
            ],
            [
              -74.63663,
              42.959759
            ],
            [
              -74.671535,
              42.989464
            ],
            [
              -74.72518,
              42.989935
            ],
            [
              -74.806093,
              43.017109
            ],
            [
              -74.884663,
              43.004662
            ],
            [
              -75.01044,
              43.018013
            ],
            [
              -75.042041,
              43.030564
            ],
            [
              -75.067642,
              43.055813
            ],
            [
              -75.115508,
              43.082277
            ],
            [
              -75.273066,
              43.137031
            ],
            [
              -75.389206,
              43.122938
            ],
            [
              -75.485067,
              43.136241
            ],
            [
              -75.610951,
              43.125793
            ],
            [
              -75.728142,
              43.101123
            ],
            [
              -75.747856,
              43.094367
            ],
            [
              -75.752117,
              43.069713
            ],
            [
              -75.86604,
              43.054045
            ],
            [
              -75.866151,
              43.037099
            ],
            [
              -75.844932,
              43.006935
            ],
            [
              -75.846178,
              42.983269
            ]
          ],
          [
            [
              -75.846178,
              42.983269
            ],
            [
              -75.844051,
              42.991323
            ],
            [
              -75.844028,
              42.996901
            ],
            [
              -75.846585,
              43.002027
            ],
            [
              -75.844965,
              43.007044
            ],
            [
              -75.848135,
              43.010662
            ],
            [
              -75.850178,
              43.016658
            ],
            [
              -75.858064,
              43.021147
            ],
            [
              -75.858882,
              43.027775
            ],
            [
              -75.866151,
              43.037099
            ],
            [
              -75.86654,
              43.042114
            ],
            [
              -75.911224,
              43.050539
            ],
            [
              -75.924658,
              43.050788
            ],
            [
              -75.930601,
              43.048908
            ],
            [
              -75.941865,
              43.060943
            ],
            [
              -75.976012,
              43.059585
            ],
            [
              -76.000302,
              43.053157
            ],
            [
              -76.011312,
              43.059575
            ],
            [
              -76.019099,
              43.059499
            ],
            [
              -76.032258,
              43.062379
            ],
            [
              -76.060222,
              43.063491
            ],
            [
              -76.065334,
              43.061875
            ],
            [
              -76.067548,
              43.05872
            ],
            [
              -76.071254,
              43.057941
            ],
            [
              -76.095079,
              43.059525
            ],
            [
              -76.128664,
              43.051714
            ],
            [
              -76.145564,
              43.051771
            ],
            [
              -76.145618,
              43.048033
            ],
            [
              -76.1474,
              43.048093
            ]
          ]
        ]
      }
    },
    {
      "type": "Feature",
      "id": "replacement-d4-rmsc-electricity",
      "properties": {
        "feature_kind": "replacement_drive_variant",
        "route_id": "route-07",
        "day": 4,
        "replacement_place_id": "rmsc-electricity",
        "replaces_place_ids": [
          "anthony-house",
          "mount-hope-rochester"
        ],
        "baseline_total_miles": 120.4,
        "baseline_total_minutes": 155,
        "delta_minutes": -14,
        "cap_status": "passes-baseline-cap",
        "map_color": "#F97316"
      },
      "geometry": {
        "type": "MultiLineString",
        "coordinates": [
          [
            [
              -76.1474,
              43.048093
            ],
            [
              -76.196747,
              43.065761
            ],
            [
              -76.246859,
              43.105856
            ],
            [
              -76.289057,
              43.114512
            ],
            [
              -76.288372,
              43.107243
            ],
            [
              -76.323192,
              43.09035
            ],
            [
              -76.459628,
              43.080507
            ],
            [
              -76.606717,
              43.052727
            ],
            [
              -76.71453,
              43.002039
            ],
            [
              -76.821119,
              42.971443
            ],
            [
              -76.909273,
              42.958812
            ],
            [
              -77.022578,
              42.95608
            ],
            [
              -77.091315,
              42.97422
            ],
            [
              -77.266374,
              42.979739
            ],
            [
              -77.424517,
              43.000685
            ],
            [
              -77.498394,
              43.088847
            ],
            [
              -77.507791,
              43.117521
            ],
            [
              -77.544207,
              43.142321
            ],
            [
              -77.587142,
              43.152454
            ]
          ],
          [
            [
              -77.587142,
              43.152454
            ],
            [
              -77.596788,
              43.155648
            ],
            [
              -77.596012,
              43.160067
            ],
            [
              -77.601376,
              43.162285
            ],
            [
              -77.611724,
              43.161251
            ],
            [
              -77.620405,
              43.15652
            ],
            [
              -77.71296,
              43.1578
            ],
            [
              -77.717671,
              43.153915
            ],
            [
              -77.718928,
              43.135704
            ],
            [
              -77.729425,
              43.125951
            ],
            [
              -77.73922,
              43.121862
            ],
            [
              -77.766394,
              43.117099
            ],
            [
              -77.798954,
              43.096061
            ],
            [
              -77.809446,
              43.094042
            ],
            [
              -77.829322,
              43.09435
            ],
            [
              -77.867078,
              43.098106
            ],
            [
              -77.92026,
              43.086319
            ],
            [
              -77.928268,
              43.082838
            ],
            [
              -77.937276,
              43.074858
            ],
            [
              -77.959113,
              43.071095
            ],
            [
              -78.020873,
              43.041351
            ],
            [
              -78.100521,
              43.019922
            ],
            [
              -78.164295,
              42.99495
            ],
            [
              -78.187602,
              42.998129
            ]
          ]
        ]
      }
    },
    {
      "type": "Feature",
      "id": "replacement-d5-erie-maritime",
      "properties": {
        "feature_kind": "replacement_drive_variant",
        "route_id": "route-07",
        "day": 5,
        "replacement_place_id": "erie-maritime",
        "replaces_place_ids": [
          "trec-presque-isle"
        ],
        "baseline_total_miles": 134.3,
        "baseline_total_minutes": 179,
        "delta_minutes": -19,
        "cap_status": "passes-baseline-cap",
        "map_color": "#F97316"
      },
      "geometry": {
        "type": "MultiLineString",
        "coordinates": [
          [
            [
              -78.187602,
              42.998129
            ],
            [
              -78.192114,
              43.000114
            ],
            [
              -78.192146,
              43.015633
            ],
            [
              -78.184956,
              43.020726
            ],
            [
              -78.392822,
              43.010266
            ],
            [
              -78.433081,
              42.992712
            ],
            [
              -78.499762,
              42.979702
            ],
            [
              -78.529836,
              42.968648
            ],
            [
              -78.609882,
              42.950363
            ],
            [
              -78.67178,
              42.947459
            ],
            [
              -78.761929,
              42.950439
            ],
            [
              -78.766497,
              42.944223
            ],
            [
              -78.768183,
              42.884304
            ],
            [
              -78.787945,
              42.875092
            ],
            [
              -78.791794,
              42.866394
            ],
            [
              -78.79184,
              42.816716
            ],
            [
              -78.815547,
              42.800669
            ],
            [
              -78.819019,
              42.765279
            ],
            [
              -78.837043,
              42.746902
            ],
            [
              -78.848695,
              42.742847
            ],
            [
              -78.835292,
              42.731399
            ],
            [
              -78.839094,
              42.71662
            ],
            [
              -78.856885,
              42.692141
            ],
            [
              -78.89053,
              42.663415
            ],
            [
              -78.898308,
              42.649256
            ]
          ],
          [
            [
              -78.898308,
              42.649256
            ],
            [
              -78.896926,
              42.652405
            ],
            [
              -78.911558,
              42.659252
            ],
            [
              -78.954936,
              42.652506
            ],
            [
              -78.962024,
              42.661301
            ],
            [
              -79.027651,
              42.604654
            ],
            [
              -79.081252,
              42.573912
            ],
            [
              -79.149917,
              42.519404
            ],
            [
              -79.164894,
              42.513141
            ],
            [
              -79.202111,
              42.511085
            ],
            [
              -79.236297,
              42.497316
            ],
            [
              -79.297486,
              42.464133
            ],
            [
              -79.366845,
              42.455053
            ],
            [
              -79.407598,
              42.416799
            ],
            [
              -79.437666,
              42.410317
            ],
            [
              -79.541271,
              42.353985
            ],
            [
              -79.579165,
              42.341476
            ],
            [
              -79.621136,
              42.313911
            ],
            [
              -79.755427,
              42.257582
            ],
            [
              -79.77685,
              42.239509
            ],
            [
              -79.78565,
              42.223723
            ],
            [
              -79.849602,
              42.170227
            ],
            [
              -79.963859,
              42.119105
            ],
            [
              -79.986866,
              42.125202
            ],
            [
              -80.016799,
              42.122274
            ],
            [
              -80.05108,
              42.124751
            ],
            [
              -80.072285,
              42.141286
            ],
            [
              -80.087456,
              42.136344
            ]
          ],
          [
            [
              -80.087456,
              42.136344
            ],
            [
              -80.087156,
              42.135931
            ],
            [
              -80.08532,
              42.136599
            ],
            [
              -80.080852,
              42.129833
            ],
            [
              -80.082512,
              42.129219
            ]
          ]
        ]
      }
    },
    {
      "type": "Feature",
      "id": "replacement-d6-crawford-auto",
      "properties": {
        "feature_kind": "replacement_drive_variant",
        "route_id": "route-07",
        "day": 6,
        "replacement_place_id": "crawford-auto",
        "replaces_place_ids": [
          "buckland-museum"
        ],
        "baseline_total_miles": 117.2,
        "baseline_total_minutes": 162,
        "delta_minutes": 3,
        "cap_status": "passes-baseline-cap",
        "map_color": "#F97316"
      },
      "geometry": {
        "type": "MultiLineString",
        "coordinates": [
          [
            [
              -80.082512,
              42.129219
            ],
            [
              -80.079943,
              42.124013
            ],
            [
              -80.122316,
              42.109367
            ],
            [
              -80.105594,
              42.06727
            ],
            [
              -80.13457,
              42.026415
            ],
            [
              -80.219233,
              42.013136
            ],
            [
              -80.38564,
              41.946598
            ],
            [
              -80.508112,
              41.942818
            ],
            [
              -80.658185,
              41.885359
            ],
            [
              -80.74022,
              41.832346
            ],
            [
              -80.791757,
              41.826469
            ],
            [
              -80.877655,
              41.775044
            ],
            [
              -81.046244,
              41.759614
            ],
            [
              -81.124985,
              41.722861
            ],
            [
              -81.165661,
              41.714538
            ],
            [
              -81.291445,
              41.651023
            ],
            [
              -81.377628,
              41.639527
            ],
            [
              -81.450222,
              41.592069
            ],
            [
              -81.482326,
              41.590278
            ],
            [
              -81.496571,
              41.605539
            ],
            [
              -81.695067,
              41.508762
            ]
          ],
          [
            [
              -81.695067,
              41.508762
            ],
            [
              -81.694672,
              41.509074
            ],
            [
              -81.68245,
              41.495209
            ],
            [
              -81.682628,
              41.494908
            ],
            [
              -81.685706,
              41.493389
            ],
            [
              -81.687793,
              41.491657
            ],
            [
              -81.690675,
              41.487184
            ],
            [
              -81.692657,
              41.483207
            ],
            [
              -81.693354,
              41.482903
            ],
            [
              -81.693855,
              41.483389
            ],
            [
              -81.693534,
              41.483735
            ],
            [
              -81.692544,
              41.483809
            ],
            [
              -81.691372,
              41.482255
            ],
            [
              -81.691201,
              41.47004
            ],
            [
              -81.688824,
              41.470084
            ],
            [
              -81.687632,
              41.468723
            ]
          ],
          [
            [
              -81.687632,
              41.468723
            ],
            [
              -81.688824,
              41.470084
            ],
            [
              -81.691201,
              41.47004
            ],
            [
              -81.691547,
              41.483514
            ],
            [
              -81.690009,
              41.487515
            ],
            [
              -81.687916,
              41.490862
            ],
            [
              -81.685695,
              41.492855
            ],
            [
              -81.678633,
              41.495688
            ],
            [
              -81.67138,
              41.499481
            ],
            [
              -81.66838,
              41.504466
            ],
            [
              -81.662387,
              41.504742
            ],
            [
              -81.647617,
              41.50663
            ],
            [
              -81.640567,
              41.505883
            ],
            [
              -81.615329,
              41.505434
            ],
            [
              -81.61541,
              41.511611
            ],
            [
              -81.610993,
              41.513091
            ]
          ],
          [
            [
              -81.610993,
              41.513091
            ],
            [
              -81.611088,
              41.51287
            ],
            [
              -81.613238,
              41.512596
            ],
            [
              -81.613986,
              41.512366
            ],
            [
              -81.614379,
              41.512074
            ],
            [
              -81.614742,
              41.5115
            ],
            [
              -81.61541,
              41.511611
            ],
            [
              -81.615329,
              41.505434
            ],
            [
              -81.623796,
              41.505827
            ],
            [
              -81.629566,
              41.505837
            ],
            [
              -81.633751,
              41.50615
            ],
            [
              -81.640559,
              41.506018
            ],
            [
              -81.646396,
              41.506722
            ],
            [
              -81.64812,
              41.506757
            ],
            [
              -81.651795,
              41.506199
            ],
            [
              -81.65178,
              41.502907
            ],
            [
              -81.653779,
              41.502689
            ],
            [
              -81.653882,
              41.503205
            ],
            [
              -81.653618,
              41.503232
            ]
          ],
          [
            [
              -81.653618,
              41.503232
            ],
            [
              -81.654104,
              41.503182
            ],
            [
              -81.653996,
              41.502665
            ],
            [
              -81.657678,
              41.50222
            ],
            [
              -81.657398,
              41.500997
            ],
            [
              -81.674575,
              41.499076
            ],
            [
              -81.678945,
              41.49763
            ],
            [
              -81.680806,
              41.499669
            ],
            [
              -81.690651,
              41.498193
            ],
            [
              -81.691116,
              41.499256
            ]
          ]
        ]
      }
    },
    {
      "type": "Feature",
      "id": "replacement-d7-lake-view-haserot",
      "properties": {
        "feature_kind": "replacement_drive_variant",
        "route_id": "route-07",
        "day": 7,
        "replacement_place_id": "lake-view-haserot",
        "replaces_place_ids": [
          "cleveland-art"
        ],
        "baseline_total_miles": 145.9,
        "baseline_total_minutes": 192,
        "delta_minutes": 6,
        "cap_status": "passes-baseline-cap",
        "map_color": "#F97316"
      },
      "geometry": {
        "type": "MultiLineString",
        "coordinates": [
          [
            [
              -81.691116,
              41.499256
            ],
            [
              -81.691198,
              41.499581
            ],
            [
              -81.689234,
              41.499844
            ],
            [
              -81.690317,
              41.501377
            ],
            [
              -81.67864,
              41.50732
            ],
            [
              -81.651905,
              41.517902
            ],
            [
              -81.600909,
              41.523048
            ],
            [
              -81.599901,
              41.518715
            ],
            [
              -81.592451,
              41.513934
            ],
            [
              -81.59032,
              41.513118
            ]
          ],
          [
            [
              -81.59032,
              41.513118
            ],
            [
              -81.584897,
              41.49154
            ],
            [
              -81.565095,
              41.486495
            ],
            [
              -81.564886,
              41.42422
            ],
            [
              -81.53001,
              41.42385
            ],
            [
              -81.507459,
              41.408612
            ],
            [
              -81.512101,
              41.351464
            ],
            [
              -81.43215,
              41.302239
            ],
            [
              -81.396431,
              41.266956
            ],
            [
              -81.368734,
              41.252325
            ],
            [
              -80.985823,
              41.238981
            ],
            [
              -80.822048,
              41.091232
            ],
            [
              -80.630719,
              40.948961
            ],
            [
              -80.431225,
              40.885979
            ],
            [
              -80.402898,
              40.867668
            ],
            [
              -80.390894,
              40.844814
            ],
            [
              -80.370183,
              40.837529
            ],
            [
              -80.35607,
              40.784518
            ],
            [
              -80.375808,
              40.710117
            ],
            [
              -80.333853,
              40.683117
            ],
            [
              -80.323565,
              40.6639
            ],
            [
              -80.324966,
              40.623944
            ],
            [
              -80.298044,
              40.599006
            ],
            [
              -80.272467,
              40.542395
            ],
            [
              -80.283051,
              40.501956
            ],
            [
              -80.271281,
              40.488316
            ],
            [
              -80.305558,
              40.455669
            ],
            [
              -80.317529,
              40.419059
            ],
            [
              -80.256957,
              40.360461
            ],
            [
              -80.21886,
              40.362644
            ],
            [
              -80.148737,
              40.322892
            ],
            [
              -80.161029,
              40.270535
            ],
            [
              -80.164022,
              40.277462
            ]
          ]
        ]
      }
    },
    {
      "type": "Feature",
      "id": "replacement-d8-old-bedford-village",
      "properties": {
        "feature_kind": "replacement_drive_variant",
        "route_id": "route-07",
        "day": 8,
        "replacement_place_id": "old-bedford-village",
        "replaces_place_ids": [
          "bedford-coffee-pot"
        ],
        "baseline_total_miles": 151,
        "baseline_total_minutes": 204,
        "delta_minutes": -5,
        "cap_status": "passes-baseline-cap",
        "map_color": "#F97316"
      },
      "geometry": {
        "type": "MultiLineString",
        "coordinates": [
          [
            [
              -80.164022,
              40.277462
            ],
            [
              -80.164484,
              40.27762
            ],
            [
              -80.164826,
              40.276972
            ],
            [
              -80.165276,
              40.276482
            ],
            [
              -80.164147,
              40.2759
            ],
            [
              -80.163557,
              40.275306
            ],
            [
              -80.163401,
              40.275011
            ],
            [
              -80.163273,
              40.274339
            ],
            [
              -80.163361,
              40.273986
            ],
            [
              -80.163517,
              40.273882
            ],
            [
              -80.163479,
              40.273727
            ],
            [
              -80.163358,
              40.273675
            ],
            [
              -80.163031,
              40.273706
            ],
            [
              -80.161427,
              40.273061
            ],
            [
              -80.162066,
              40.271768
            ],
            [
              -80.162123,
              40.271394
            ],
            [
              -80.161966,
              40.271129
            ],
            [
              -80.16135,
              40.270708
            ],
            [
              -80.161029,
              40.270535
            ],
            [
              -80.159586,
              40.27271
            ],
            [
              -80.159118,
              40.273144
            ],
            [
              -80.158795,
              40.273333
            ],
            [
              -80.158285,
              40.273568
            ],
            [
              -80.157905,
              40.273623
            ],
            [
              -80.156477,
              40.273654
            ],
            [
              -80.156439,
              40.273139
            ],
            [
              -80.156745,
              40.273146
            ]
          ],
          [
            [
              -80.156745,
              40.273146
            ],
            [
              -80.174999,
              40.261859
            ],
            [
              -80.170564,
              40.252523
            ],
            [
              -80.180618,
              40.242077
            ],
            [
              -80.152334,
              40.218442
            ],
            [
              -80.133994,
              40.214228
            ],
            [
              -80.083933,
              40.166367
            ],
            [
              -80.038028,
              40.156127
            ],
            [
              -80.005349,
              40.133206
            ],
            [
              -79.96491,
              40.130467
            ],
            [
              -79.937041,
              40.113008
            ],
            [
              -79.897468,
              40.107713
            ],
            [
              -79.855737,
              40.13928
            ],
            [
              -79.825051,
              40.140078
            ],
            [
              -79.734241,
              40.167583
            ],
            [
              -79.688034,
              40.192597
            ],
            [
              -79.67404,
              40.211113
            ],
            [
              -79.600342,
              40.219781
            ],
            [
              -79.607766,
              40.224789
            ],
            [
              -79.466243,
              40.151863
            ],
            [
              -79.433686,
              40.154882
            ],
            [
              -79.379038,
              40.108247
            ],
            [
              -79.290083,
              40.128643
            ],
            [
              -79.235904,
              40.104174
            ],
            [
              -79.205346,
              40.103363
            ],
            [
              -79.197254,
              40.085815
            ],
            [
              -79.143588,
              40.064942
            ],
            [
              -79.047574,
              40.000581
            ],
            [
              -78.87477,
              39.968997
            ],
            [
              -78.847483,
              39.957052
            ],
            [
              -78.834171,
              39.964168
            ],
            [
              -78.815665,
              39.955288
            ],
            [
              -78.783135,
              39.987038
            ],
            [
              -78.752816,
              39.977078
            ],
            [
              -78.709885,
              39.985151
            ],
            [
              -78.677725,
              40.0095
            ],
            [
              -78.61783,
              40.01934
            ],
            [
              -78.603327,
              40.009019
            ],
            [
              -78.554141,
              40.047844
            ],
            [
              -78.511224,
              40.052249
            ],
            [
              -78.511397,
              40.041479
            ]
          ],
          [
            [
              -78.511397,
              40.041479
            ],
            [
              -78.506277,
              40.040608
            ],
            [
              -78.511619,
              40.05237
            ],
            [
              -78.51504,
              40.049456
            ],
            [
              -78.509053,
              40.048079
            ],
            [
              -78.495815,
              40.032425
            ],
            [
              -78.485289,
              40.027011
            ],
            [
              -78.465907,
              40.011931
            ],
            [
              -78.443833,
              40.011314
            ],
            [
              -78.427916,
              40.002678
            ],
            [
              -78.415333,
              40.004389
            ],
            [
              -78.408143,
              40.011561
            ],
            [
              -78.40244,
              40.012493
            ],
            [
              -78.390606,
              40.009938
            ],
            [
              -78.378462,
              40.003217
            ],
            [
              -78.35897,
              40.000311
            ],
            [
              -78.347307,
              40.000842
            ],
            [
              -78.31956,
              39.99059
            ],
            [
              -78.28456,
              39.982771
            ],
            [
              -78.275557,
              39.98288
            ],
            [
              -78.261804,
              39.986508
            ],
            [
              -78.257572,
              39.985601
            ],
            [
              -78.254467,
              39.988946
            ],
            [
              -78.23864,
              39.991172
            ],
            [
              -78.232688,
              39.999412
            ],
            [
              -78.220729,
              40.00061
            ],
            [
              -78.214147,
              40.004648
            ],
            [
              -78.210231,
              40.010341
            ],
            [
              -78.184603,
              40.020483
            ],
            [
              -78.172054,
              40.021673
            ],
            [
              -78.144352,
              40.014105
            ],
            [
              -78.128426,
              40.017678
            ],
            [
              -78.12051,
              40.016849
            ],
            [
              -78.107284,
              40.008749
            ],
            [
              -78.096948,
              39.997568
            ],
            [
              -78.081734,
              39.991632
            ],
            [
              -78.047875,
              39.985939
            ],
            [
              -78.04716,
              39.982631
            ],
            [
              -78.038828,
              39.975673
            ],
            [
              -78.024505,
              39.970768
            ],
            [
              -78.024446,
              39.953906
            ],
            [
              -78.019708,
              39.940366
            ],
            [
              -78.015788,
              39.936781
            ],
            [
              -78.017002,
              39.932967
            ],
            [
              -78.024049,
              39.932656
            ]
          ]
        ]
      }
    },
    {
      "type": "Feature",
      "id": "replacement-d9-allentown-fish-hatchery",
      "properties": {
        "feature_kind": "replacement_drive_variant",
        "route_id": "route-07",
        "day": 9,
        "replacement_place_id": "allentown-fish-hatchery",
        "replaces_place_ids": [
          "mack-museum"
        ],
        "baseline_total_miles": 155.3,
        "baseline_total_minutes": 196,
        "delta_minutes": -10,
        "cap_status": "passes-baseline-cap",
        "map_color": "#F97316"
      },
      "geometry": {
        "type": "MultiLineString",
        "coordinates": [
          [
            [
              -78.024049,
              39.932656
            ],
            [
              -77.999052,
              39.93256
            ],
            [
              -77.978761,
              39.960779
            ],
            [
              -77.962117,
              40.00454
            ],
            [
              -77.96944,
              40.034573
            ],
            [
              -77.953389,
              40.058106
            ],
            [
              -77.87953,
              40.076524
            ],
            [
              -77.861252,
              40.091267
            ],
            [
              -77.82904,
              40.087059
            ],
            [
              -77.704516,
              40.157954
            ],
            [
              -77.68536,
              40.159551
            ],
            [
              -77.642884,
              40.142637
            ],
            [
              -77.599563,
              40.164884
            ],
            [
              -77.376594,
              40.2022
            ],
            [
              -77.244514,
              40.207612
            ],
            [
              -77.15634,
              40.225936
            ],
            [
              -77.083473,
              40.245924
            ],
            [
              -77.038436,
              40.271077
            ],
            [
              -76.987214,
              40.276396
            ],
            [
              -76.975079,
              40.298942
            ],
            [
              -76.926343,
              40.31604
            ],
            [
              -76.855927,
              40.301735
            ],
            [
              -76.808745,
              40.32496
            ],
            [
              -76.760162,
              40.331401
            ],
            [
              -76.588569,
              40.413281
            ],
            [
              -76.504481,
              40.429043
            ],
            [
              -76.460483,
              40.447838
            ],
            [
              -76.400846,
              40.451343
            ],
            [
              -76.107116,
              40.516521
            ],
            [
              -75.959703,
              40.570818
            ],
            [
              -75.724145,
              40.581371
            ],
            [
              -75.651469,
              40.575097
            ],
            [
              -75.589017,
              40.589087
            ],
            [
              -75.513317,
              40.563153
            ]
          ],
          [
            [
              -75.513317,
              40.563153
            ],
            [
              -75.505794,
              40.564765
            ],
            [
              -75.499845,
              40.567529
            ],
            [
              -75.498649,
              40.56785
            ],
            [
              -75.496861,
              40.56485
            ],
            [
              -75.495247,
              40.563124
            ],
            [
              -75.493571,
              40.56194
            ],
            [
              -75.48784,
              40.55882
            ],
            [
              -75.491148,
              40.552522
            ],
            [
              -75.491395,
              40.551433
            ],
            [
              -75.490411,
              40.551377
            ],
            [
              -75.490427,
              40.551236
            ],
            [
              -75.491018,
              40.55125
            ],
            [
              -75.491101,
              40.550994
            ]
          ]
        ]
      }
    },
    {
      "type": "Feature",
      "id": "replacement-d10-danbury-carousel",
      "properties": {
        "feature_kind": "replacement_drive_variant",
        "route_id": "route-07",
        "day": 10,
        "replacement_place_id": "danbury-fair-carousel",
        "replaces_place_ids": [
          "uncle-sam-danbury"
        ],
        "baseline_total_miles": 152.6,
        "baseline_total_minutes": 198,
        "delta_minutes": -3,
        "cap_status": "passes-baseline-cap",
        "map_color": "#F97316"
      },
      "geometry": {
        "type": "MultiLineString",
        "coordinates": [
          [
            [
              -75.491101,
              40.550994
            ],
            [
              -75.48317,
              40.563937
            ],
            [
              -75.429213,
              40.554795
            ],
            [
              -75.38147,
              40.586843
            ],
            [
              -75.302964,
              40.604855
            ],
            [
              -75.231325,
              40.666878
            ],
            [
              -75.19257,
              40.676676
            ],
            [
              -75.180516,
              40.674763
            ],
            [
              -75.162364,
              40.650479
            ],
            [
              -75.13597,
              40.66925
            ],
            [
              -75.111959,
              40.672144
            ],
            [
              -75.06658,
              40.659245
            ],
            [
              -75.046646,
              40.661514
            ],
            [
              -75.034203,
              40.651143
            ],
            [
              -74.974761,
              40.63542
            ],
            [
              -74.918294,
              40.631197
            ],
            [
              -74.783025,
              40.651718
            ],
            [
              -74.684157,
              40.642697
            ],
            [
              -74.501441,
              40.646813
            ],
            [
              -74.421207,
              40.663003
            ],
            [
              -74.36933,
              40.696621
            ],
            [
              -74.326939,
              40.710965
            ],
            [
              -74.280003,
              40.713915
            ],
            [
              -74.240621,
              40.704919
            ],
            [
              -74.213269,
              40.71638
            ],
            [
              -74.151596,
              40.705483
            ],
            [
              -74.134832,
              40.716993
            ],
            [
              -74.09546,
              40.78265
            ],
            [
              -74.037024,
              40.820895
            ],
            [
              -74.016562,
              40.845111
            ],
            [
              -73.995832,
              40.841738
            ],
            [
              -73.977499,
              40.858415
            ],
            [
              -73.925547,
              40.844422
            ],
            [
              -73.856401,
              40.929965
            ],
            [
              -73.816015,
              40.922655
            ],
            [
              -73.79685,
              40.958529
            ],
            [
              -73.750168,
              40.977751
            ],
            [
              -73.721097,
              41.003912
            ],
            [
              -73.715217,
              41.019611
            ],
            [
              -73.728451,
              41.057123
            ],
            [
              -73.688933,
              41.157199
            ],
            [
              -73.685032,
              41.219299
            ],
            [
              -73.672643,
              41.247337
            ],
            [
              -73.685872,
              41.26973
            ],
            [
              -73.654019,
              41.343781
            ],
            [
              -73.595217,
              41.388428
            ],
            [
              -73.577262,
              41.382849
            ],
            [
              -73.528427,
              41.392681
            ],
            [
              -73.477302,
              41.384051
            ],
            [
              -73.480999,
              41.379196
            ]
          ],
          [
            [
              -73.480999,
              41.379196
            ],
            [
              -73.480679,
              41.378784
            ],
            [
              -73.480529,
              41.378707
            ],
            [
              -73.480288,
              41.378652
            ],
            [
              -73.480128,
              41.378675
            ],
            [
              -73.479597,
              41.37891
            ],
            [
              -73.479298,
              41.379305
            ],
            [
              -73.479278,
              41.379436
            ],
            [
              -73.479626,
              41.379951
            ],
            [
              -73.479884,
              41.37987
            ],
            [
              -73.479997,
              41.379958
            ]
          ]
        ]
      }
    },
    {
      "type": "Feature",
      "id": "springfield-museums",
      "properties": {
        "feature_kind": "place",
        "route_id": "route-07",
        "place_id": "springfield-museums",
        "name": "Springfield Museums",
        "city": "Springfield",
        "state": "MA",
        "visit_date": "2026-10-04",
        "priority": "anchor",
        "included_in_magic_score": true
      },
      "geometry": {
        "type": "Point",
        "coordinates": [
          -72.5863149,
          42.1043685
        ]
      }
    },
    {
      "type": "Feature",
      "id": "springfield-armory",
      "properties": {
        "feature_kind": "place",
        "route_id": "route-07",
        "place_id": "springfield-armory",
        "name": "Springfield Armory National Historic Site",
        "city": "Springfield",
        "state": "MA",
        "visit_date": "2026-10-04",
        "priority": "replacement",
        "included_in_magic_score": false
      },
      "geometry": {
        "type": "Point",
        "coordinates": [
          -72.5815607,
          42.1071841
        ]
      }
    },
    {
      "type": "Feature",
      "id": "cohoes-falls",
      "properties": {
        "feature_kind": "place",
        "route_id": "route-07",
        "place_id": "cohoes-falls",
        "name": "Cohoes Falls View Park",
        "city": "Cohoes",
        "state": "NY",
        "visit_date": "2026-10-05",
        "priority": "anchor",
        "included_in_magic_score": true
      },
      "geometry": {
        "type": "Point",
        "coordinates": [
          -73.7100667,
          42.7859806
        ]
      }
    },
    {
      "type": "Feature",
      "id": "oakwood-troy",
      "properties": {
        "feature_kind": "place",
        "route_id": "route-07",
        "place_id": "oakwood-troy",
        "name": "Oakwood Cemetery: Uncle Sam Grave & Earl Chapel Grounds",
        "city": "Troy",
        "state": "NY",
        "visit_date": "2026-10-05",
        "priority": "anchor",
        "included_in_magic_score": true
      },
      "geometry": {
        "type": "Point",
        "coordinates": [
          -73.6680166,
          42.7624063
        ]
      }
    },
    {
      "type": "Feature",
      "id": "saratoga-auto",
      "properties": {
        "feature_kind": "place",
        "route_id": "route-07",
        "place_id": "saratoga-auto",
        "name": "Saratoga Automobile Museum",
        "city": "Saratoga Springs",
        "state": "NY",
        "visit_date": "2026-10-05",
        "priority": "replacement",
        "included_in_magic_score": false
      },
      "geometry": {
        "type": "Point",
        "coordinates": [
          -73.8047534,
          43.0570007
        ]
      }
    },
    {
      "type": "Feature",
      "id": "boxing-hof",
      "properties": {
        "feature_kind": "place",
        "route_id": "route-07",
        "place_id": "boxing-hof",
        "name": "International Boxing Hall of Fame",
        "city": "Canastota",
        "state": "NY",
        "visit_date": "2026-10-06",
        "priority": "anchor",
        "included_in_magic_score": true
      },
      "geometry": {
        "type": "Point",
        "coordinates": [
          -75.7501454,
          43.0896405
        ]
      }
    },
    {
      "type": "Feature",
      "id": "chittenango-falls",
      "properties": {
        "feature_kind": "place",
        "route_id": "route-07",
        "place_id": "chittenango-falls",
        "name": "Chittenango Falls State Park",
        "city": "Cazenovia",
        "state": "NY",
        "visit_date": "2026-10-06",
        "priority": "replacement",
        "included_in_magic_score": false
      },
      "geometry": {
        "type": "Point",
        "coordinates": [
          -75.8492007,
          42.9826164
        ]
      }
    },
    {
      "type": "Feature",
      "id": "anthony-house",
      "properties": {
        "feature_kind": "place",
        "route_id": "route-07",
        "place_id": "anthony-house",
        "name": "National Susan B. Anthony Museum & House",
        "city": "Rochester",
        "state": "NY",
        "visit_date": "2026-10-07",
        "priority": "anchor",
        "included_in_magic_score": true
      },
      "geometry": {
        "type": "Point",
        "coordinates": [
          -77.6280045,
          43.1532425
        ]
      }
    },
    {
      "type": "Feature",
      "id": "mount-hope-rochester",
      "properties": {
        "feature_kind": "place",
        "route_id": "route-07",
        "place_id": "mount-hope-rochester",
        "name": "Mount Hope Cemetery: Douglass & Anthony",
        "city": "Rochester",
        "state": "NY",
        "visit_date": "2026-10-07",
        "priority": "anchor",
        "included_in_magic_score": true
      },
      "geometry": {
        "type": "Point",
        "coordinates": [
          -77.618824,
          43.1299725
        ]
      }
    },
    {
      "type": "Feature",
      "id": "rmsc-electricity",
      "properties": {
        "feature_kind": "place",
        "route_id": "route-07",
        "place_id": "rmsc-electricity",
        "name": "RMSC Electricity Theater",
        "city": "Rochester",
        "state": "NY",
        "visit_date": "2026-10-07",
        "priority": "replacement",
        "included_in_magic_score": false
      },
      "geometry": {
        "type": "Point",
        "coordinates": [
          -77.5874681,
          43.1525078
        ]
      }
    },
    {
      "type": "Feature",
      "id": "eden-kazoo",
      "properties": {
        "feature_kind": "place",
        "route_id": "route-07",
        "place_id": "eden-kazoo",
        "name": "Original American Kazoo Company Factory & Museum",
        "city": "Eden",
        "state": "NY",
        "visit_date": "2026-10-08",
        "priority": "anchor",
        "included_in_magic_score": true
      },
      "geometry": {
        "type": "Point",
        "coordinates": [
          -78.8983928,
          42.6491077
        ]
      }
    },
    {
      "type": "Feature",
      "id": "trec-presque-isle",
      "properties": {
        "feature_kind": "place",
        "route_id": "route-07",
        "place_id": "trec-presque-isle",
        "name": "Tom Ridge Environmental Center & Presque Isle Gateway",
        "city": "Erie",
        "state": "PA",
        "visit_date": "2026-10-08",
        "priority": "anchor",
        "included_in_magic_score": true
      },
      "geometry": {
        "type": "Point",
        "coordinates": [
          -80.1540595,
          42.1100038
        ]
      }
    },
    {
      "type": "Feature",
      "id": "erie-maritime",
      "properties": {
        "feature_kind": "place",
        "route_id": "route-07",
        "place_id": "erie-maritime",
        "name": "Erie Maritime Museum",
        "city": "Erie",
        "state": "PA",
        "visit_date": "2026-10-08",
        "priority": "replacement",
        "included_in_magic_score": false
      },
      "geometry": {
        "type": "Point",
        "coordinates": [
          -80.0871807,
          42.1364582
        ]
      }
    },
    {
      "type": "Feature",
      "id": "rock-hall",
      "properties": {
        "feature_kind": "place",
        "route_id": "route-07",
        "place_id": "rock-hall",
        "name": "Rock & Roll Hall of Fame",
        "city": "Cleveland",
        "state": "OH",
        "visit_date": "2026-10-09",
        "priority": "anchor",
        "included_in_magic_score": true
      },
      "geometry": {
        "type": "Point",
        "coordinates": [
          -81.6954068,
          41.5084983
        ]
      }
    },
    {
      "type": "Feature",
      "id": "christmas-story-house",
      "properties": {
        "feature_kind": "place",
        "route_id": "route-07",
        "place_id": "christmas-story-house",
        "name": "A Christmas Story House",
        "city": "Cleveland",
        "state": "OH",
        "visit_date": "2026-10-09",
        "priority": "anchor",
        "included_in_magic_score": true
      },
      "geometry": {
        "type": "Point",
        "coordinates": [
          -81.6874123,
          41.4687248
        ]
      }
    },
    {
      "type": "Feature",
      "id": "buckland-museum",
      "properties": {
        "feature_kind": "place",
        "route_id": "route-07",
        "place_id": "buckland-museum",
        "name": "Buckland Museum of Witchcraft & Magick",
        "city": "Cleveland",
        "state": "OH",
        "visit_date": "2026-10-09",
        "priority": "anchor",
        "included_in_magic_score": true
      },
      "geometry": {
        "type": "Point",
        "coordinates": [
          -81.6997569,
          41.4381207
        ]
      }
    },
    {
      "type": "Feature",
      "id": "sugar-agora",
      "properties": {
        "feature_kind": "place",
        "route_id": "route-07",
        "place_id": "sugar-agora",
        "name": "Sugar at the Agora Theatre",
        "city": "Cleveland",
        "state": "OH",
        "visit_date": "2026-10-09",
        "priority": "anchor",
        "included_in_magic_score": true
      },
      "geometry": {
        "type": "Point",
        "coordinates": [
          -81.6536566,
          41.5034443
        ]
      }
    },
    {
      "type": "Feature",
      "id": "crawford-auto",
      "properties": {
        "feature_kind": "place",
        "route_id": "route-07",
        "place_id": "crawford-auto",
        "name": "Crawford Auto-Aviation Museum",
        "city": "Cleveland",
        "state": "OH",
        "visit_date": "2026-10-09",
        "priority": "replacement",
        "included_in_magic_score": false
      },
      "geometry": {
        "type": "Point",
        "coordinates": [
          -81.6111732,
          41.513281
        ]
      }
    },
    {
      "type": "Feature",
      "id": "cleveland-art",
      "properties": {
        "feature_kind": "place",
        "route_id": "route-07",
        "place_id": "cleveland-art",
        "name": "Cleveland Museum of Art",
        "city": "Cleveland",
        "state": "OH",
        "visit_date": "2026-10-10",
        "priority": "anchor",
        "included_in_magic_score": true
      },
      "geometry": {
        "type": "Point",
        "coordinates": [
          -81.6117367,
          41.5090438
        ]
      }
    },
    {
      "type": "Feature",
      "id": "lake-view-haserot",
      "properties": {
        "feature_kind": "place",
        "route_id": "route-07",
        "place_id": "lake-view-haserot",
        "name": "Lake View Cemetery & Haserot Angel",
        "city": "Cleveland",
        "state": "OH",
        "visit_date": "2026-10-10",
        "priority": "replacement",
        "included_in_magic_score": false
      },
      "geometry": {
        "type": "Point",
        "coordinates": [
          -81.5903833,
          41.5130472
        ]
      }
    },
    {
      "type": "Feature",
      "id": "all-saints-canonsburg",
      "properties": {
        "feature_kind": "place",
        "route_id": "route-07",
        "place_id": "all-saints-canonsburg",
        "name": "All Saints Greek Orthodox Church",
        "city": "Canonsburg",
        "state": "PA",
        "visit_date": "2026-10-11",
        "priority": "anchor",
        "included_in_magic_score": true
      },
      "geometry": {
        "type": "Point",
        "coordinates": [
          -80.1568468,
          40.272971
        ]
      }
    },
    {
      "type": "Feature",
      "id": "bedford-coffee-pot",
      "properties": {
        "feature_kind": "place",
        "route_id": "route-07",
        "place_id": "bedford-coffee-pot",
        "name": "Koontz Coffee Pot",
        "city": "Bedford",
        "state": "PA",
        "visit_date": "2026-10-11",
        "priority": "anchor",
        "included_in_magic_score": true
      },
      "geometry": {
        "type": "Point",
        "coordinates": [
          -78.5173529,
          40.022906
        ]
      }
    },
    {
      "type": "Feature",
      "id": "old-bedford-village",
      "properties": {
        "feature_kind": "place",
        "route_id": "route-07",
        "place_id": "old-bedford-village",
        "name": "Old Bedford Village",
        "city": "Bedford",
        "state": "PA",
        "visit_date": "2026-10-11",
        "priority": "replacement",
        "included_in_magic_score": false
      },
      "geometry": {
        "type": "Point",
        "coordinates": [
          -78.5112971,
          40.0412389
        ]
      }
    },
    {
      "type": "Feature",
      "id": "mack-museum",
      "properties": {
        "feature_kind": "place",
        "route_id": "route-07",
        "place_id": "mack-museum",
        "name": "Mack Trucks Historical Museum",
        "city": "Allentown",
        "state": "PA",
        "visit_date": "2026-10-12",
        "priority": "anchor",
        "included_in_magic_score": true
      },
      "geometry": {
        "type": "Point",
        "coordinates": [
          -75.4944108,
          40.5721574
        ]
      }
    },
    {
      "type": "Feature",
      "id": "allentown-fish-hatchery",
      "properties": {
        "feature_kind": "place",
        "route_id": "route-07",
        "place_id": "allentown-fish-hatchery",
        "name": "Lil-Le-Hi Trout Nursery",
        "city": "Allentown",
        "state": "PA",
        "visit_date": "2026-10-12",
        "priority": "replacement",
        "included_in_magic_score": false
      },
      "geometry": {
        "type": "Point",
        "coordinates": [
          -75.513344,
          40.563224
        ]
      }
    },
    {
      "type": "Feature",
      "id": "uncle-sam-danbury",
      "properties": {
        "feature_kind": "place",
        "route_id": "route-07",
        "place_id": "uncle-sam-danbury",
        "name": "World's Tallest Uncle Sam Statue",
        "city": "Danbury",
        "state": "CT",
        "visit_date": "2026-10-13",
        "priority": "anchor",
        "included_in_magic_score": true
      },
      "geometry": {
        "type": "Point",
        "coordinates": [
          -73.4500683,
          41.3979253
        ]
      }
    },
    {
      "type": "Feature",
      "id": "danbury-fair-carousel",
      "properties": {
        "feature_kind": "place",
        "route_id": "route-07",
        "place_id": "danbury-fair-carousel",
        "name": "Danbury Fair Double-Decker Carousel",
        "city": "Danbury",
        "state": "CT",
        "visit_date": "2026-10-13",
        "priority": "replacement",
        "included_in_magic_score": false
      },
      "geometry": {
        "type": "Point",
        "coordinates": [
          -73.4807429,
          41.3793031
        ]
      }
    },
    {
      "type": "Feature",
      "id": "mit-museum",
      "properties": {
        "feature_kind": "place",
        "route_id": "route-07",
        "place_id": "mit-museum",
        "name": "MIT Museum",
        "city": "Cambridge",
        "state": "MA",
        "visit_date": "2026-10-14",
        "priority": "anchor",
        "included_in_magic_score": true
      },
      "geometry": {
        "type": "Point",
        "coordinates": [
          -71.0864154,
          42.3619754
        ]
      }
    },
    {
      "type": "Feature",
      "id": "harvard-art",
      "properties": {
        "feature_kind": "place",
        "route_id": "route-07",
        "place_id": "harvard-art",
        "name": "Harvard Art Museums",
        "city": "Cambridge",
        "state": "MA",
        "visit_date": "2026-10-14",
        "priority": "replacement",
        "included_in_magic_score": false
      },
      "geometry": {
        "type": "Point",
        "coordinates": [
          -71.114113,
          42.3740988
        ]
      }
    },
    {
      "type": "Feature",
      "id": "node-boston-logan-rental",
      "properties": {
        "feature_kind": "route_node",
        "route_id": "route-07",
        "node_id": "boston-logan-rental",
        "name": "Boston Logan Rental Car Center"
      },
      "geometry": {
        "type": "Point",
        "coordinates": [
          -71.0304,
          42.3682
        ]
      }
    },
    {
      "type": "Feature",
      "id": "node-springfield-lodging",
      "properties": {
        "feature_kind": "route_node",
        "route_id": "route-07",
        "node_id": "springfield-lodging",
        "name": "Springfield downtown/Armory lodging zone"
      },
      "geometry": {
        "type": "Point",
        "coordinates": [
          -72.584,
          42.1015
        ]
      }
    },
    {
      "type": "Feature",
      "id": "node-troy-lodging",
      "properties": {
        "feature_kind": "route_node",
        "route_id": "route-07",
        "node_id": "troy-lodging",
        "name": "Troy downtown lodging zone"
      },
      "geometry": {
        "type": "Point",
        "coordinates": [
          -73.6868,
          42.7284
        ]
      }
    },
    {
      "type": "Feature",
      "id": "node-syracuse-lodging",
      "properties": {
        "feature_kind": "route_node",
        "route_id": "route-07",
        "node_id": "syracuse-lodging",
        "name": "Syracuse downtown lodging zone"
      },
      "geometry": {
        "type": "Point",
        "coordinates": [
          -76.1474,
          43.0481
        ]
      }
    },
    {
      "type": "Feature",
      "id": "node-batavia-lodging",
      "properties": {
        "feature_kind": "route_node",
        "route_id": "route-07",
        "node_id": "batavia-lodging",
        "name": "Batavia I-90 lodging zone"
      },
      "geometry": {
        "type": "Point",
        "coordinates": [
          -78.1875,
          42.9984
        ]
      }
    },
    {
      "type": "Feature",
      "id": "node-erie-lodging",
      "properties": {
        "feature_kind": "route_node",
        "route_id": "route-07",
        "node_id": "erie-lodging",
        "name": "Erie downtown/bayfront lodging zone"
      },
      "geometry": {
        "type": "Point",
        "coordinates": [
          -80.0825,
          42.1292
        ]
      }
    },
    {
      "type": "Feature",
      "id": "node-cleveland-lodging",
      "properties": {
        "feature_kind": "route_node",
        "route_id": "route-07",
        "node_id": "cleveland-lodging",
        "name": "Cleveland downtown lodging zone"
      },
      "geometry": {
        "type": "Point",
        "coordinates": [
          -81.6908,
          41.4993
        ]
      }
    },
    {
      "type": "Feature",
      "id": "node-southpointe-lodging",
      "properties": {
        "feature_kind": "route_node",
        "route_id": "route-07",
        "node_id": "southpointe-lodging",
        "name": "Canonsburg/Southpointe lodging zone"
      },
      "geometry": {
        "type": "Point",
        "coordinates": [
          -80.164,
          40.2775
        ]
      }
    },
    {
      "type": "Feature",
      "id": "node-mcconnellsburg-lodging",
      "properties": {
        "feature_kind": "route_node",
        "route_id": "route-07",
        "node_id": "mcconnellsburg-lodging",
        "name": "McConnellsburg west/small-town lodging zone"
      },
      "geometry": {
        "type": "Point",
        "coordinates": [
          -78.025,
          39.935
        ]
      }
    },
    {
      "type": "Feature",
      "id": "node-allentown-parkway-lodging",
      "properties": {
        "feature_kind": "route_node",
        "route_id": "route-07",
        "node_id": "allentown-parkway-lodging",
        "name": "South Allentown/Lehigh Parkway lodging zone"
      },
      "geometry": {
        "type": "Point",
        "coordinates": [
          -75.491,
          40.551
        ]
      }
    },
    {
      "type": "Feature",
      "id": "node-danbury-downtown-lodging",
      "properties": {
        "feature_kind": "route_node",
        "route_id": "route-07",
        "node_id": "danbury-downtown-lodging",
        "name": "Danbury downtown lodging zone"
      },
      "geometry": {
        "type": "Point",
        "coordinates": [
          -73.454,
          41.3935
        ]
      }
    },
    {
      "type": "Feature",
      "id": "node-danbury-mall-lodging",
      "properties": {
        "feature_kind": "route_node",
        "route_id": "route-07",
        "node_id": "danbury-mall-lodging",
        "name": "Danbury Fair/I-84 replacement lodging zone"
      },
      "geometry": {
        "type": "Point",
        "coordinates": [
          -73.48,
          41.38
        ]
      }
    },
    {
      "type": "Feature",
      "id": "node-boston-logan-return",
      "properties": {
        "feature_kind": "route_node",
        "route_id": "route-07",
        "node_id": "boston-logan-return",
        "name": "Boston Logan Rental Car Center return"
      },
      "geometry": {
        "type": "Point",
        "coordinates": [
          -71.0304,
          42.3682
        ]
      }
    },
    {
      "type": "Feature",
      "id": "node-boston-logan-hotel",
      "properties": {
        "feature_kind": "route_node",
        "route_id": "route-07",
        "node_id": "boston-logan-hotel",
        "name": "Boston Logan hotel zone"
      },
      "geometry": {
        "type": "Point",
        "coordinates": [
          -71.0155,
          42.3655
        ]
      }
    },
    {
      "type": "Feature",
      "id": "node-springfield-museums",
      "properties": {
        "feature_kind": "route_node",
        "route_id": "route-07",
        "node_id": "springfield-museums",
        "name": "Springfield Museums, 21 Edwards Street, Springfield, Massachusetts"
      },
      "geometry": {
        "type": "Point",
        "coordinates": [
          -72.5863149,
          42.1043685
        ]
      }
    },
    {
      "type": "Feature",
      "id": "node-springfield-armory",
      "properties": {
        "feature_kind": "route_node",
        "route_id": "route-07",
        "node_id": "springfield-armory",
        "name": "Springfield Armory National Historic Site, 1 Armory Square, Springfield, Massachusetts"
      },
      "geometry": {
        "type": "Point",
        "coordinates": [
          -72.5815607,
          42.1071841
        ]
      }
    },
    {
      "type": "Feature",
      "id": "node-cohoes-falls",
      "properties": {
        "feature_kind": "route_node",
        "route_id": "route-07",
        "node_id": "cohoes-falls",
        "name": "Cohoes Falls View Park, North Mohawk Street, Cohoes, New York"
      },
      "geometry": {
        "type": "Point",
        "coordinates": [
          -73.7100667,
          42.7859806
        ]
      }
    },
    {
      "type": "Feature",
      "id": "node-oakwood-troy",
      "properties": {
        "feature_kind": "route_node",
        "route_id": "route-07",
        "node_id": "oakwood-troy",
        "name": "Uncle Sam Grave, Oakwood Cemetery, Troy, New York"
      },
      "geometry": {
        "type": "Point",
        "coordinates": [
          -73.6680166,
          42.7624063
        ]
      }
    },
    {
      "type": "Feature",
      "id": "node-saratoga-auto",
      "properties": {
        "feature_kind": "route_node",
        "route_id": "route-07",
        "node_id": "saratoga-auto",
        "name": "Saratoga Automobile Museum, 110 Avenue of the Pines, Saratoga Springs, New York"
      },
      "geometry": {
        "type": "Point",
        "coordinates": [
          -73.8047534,
          43.0570007
        ]
      }
    },
    {
      "type": "Feature",
      "id": "node-boxing-hof",
      "properties": {
        "feature_kind": "route_node",
        "route_id": "route-07",
        "node_id": "boxing-hof",
        "name": "International Boxing Hall of Fame, 360 North Peterboro Street, Canastota, New York"
      },
      "geometry": {
        "type": "Point",
        "coordinates": [
          -75.7501454,
          43.0896405
        ]
      }
    },
    {
      "type": "Feature",
      "id": "node-chittenango-falls",
      "properties": {
        "feature_kind": "route_node",
        "route_id": "route-07",
        "node_id": "chittenango-falls",
        "name": "Chittenango Falls State Park, 5241 Gorge Road, Cazenovia, New York"
      },
      "geometry": {
        "type": "Point",
        "coordinates": [
          -75.8492007,
          42.9826164
        ]
      }
    },
    {
      "type": "Feature",
      "id": "node-anthony-house",
      "properties": {
        "feature_kind": "route_node",
        "route_id": "route-07",
        "node_id": "anthony-house",
        "name": "Susan B. Anthony Museum & House, 17 Madison Street, Rochester, New York"
      },
      "geometry": {
        "type": "Point",
        "coordinates": [
          -77.6280045,
          43.1532425
        ]
      }
    },
    {
      "type": "Feature",
      "id": "node-mount-hope-rochester",
      "properties": {
        "feature_kind": "route_node",
        "route_id": "route-07",
        "node_id": "mount-hope-rochester",
        "name": "Mount Hope Cemetery, 1133 Mount Hope Avenue, Rochester, New York"
      },
      "geometry": {
        "type": "Point",
        "coordinates": [
          -77.618824,
          43.1299725
        ]
      }
    },
    {
      "type": "Feature",
      "id": "node-rmsc-electricity",
      "properties": {
        "feature_kind": "route_node",
        "route_id": "route-07",
        "node_id": "rmsc-electricity",
        "name": "Rochester Museum & Science Center, 657 East Avenue, Rochester, New York"
      },
      "geometry": {
        "type": "Point",
        "coordinates": [
          -77.5874681,
          43.1525078
        ]
      }
    },
    {
      "type": "Feature",
      "id": "node-eden-kazoo",
      "properties": {
        "feature_kind": "route_node",
        "route_id": "route-07",
        "node_id": "eden-kazoo",
        "name": "Original American Kazoo Company, 8703 South Main Street, Eden, New York"
      },
      "geometry": {
        "type": "Point",
        "coordinates": [
          -78.8983928,
          42.6491077
        ]
      }
    },
    {
      "type": "Feature",
      "id": "node-trec-presque-isle",
      "properties": {
        "feature_kind": "route_node",
        "route_id": "route-07",
        "node_id": "trec-presque-isle",
        "name": "Tom Ridge Environmental Center, 301 Peninsula Drive, Erie, Pennsylvania"
      },
      "geometry": {
        "type": "Point",
        "coordinates": [
          -80.1540595,
          42.1100038
        ]
      }
    },
    {
      "type": "Feature",
      "id": "node-erie-maritime",
      "properties": {
        "feature_kind": "route_node",
        "route_id": "route-07",
        "node_id": "erie-maritime",
        "name": "Erie Maritime Museum, 150 East Front Street, Erie, Pennsylvania"
      },
      "geometry": {
        "type": "Point",
        "coordinates": [
          -80.0871807,
          42.1364582
        ]
      }
    },
    {
      "type": "Feature",
      "id": "node-rock-hall",
      "properties": {
        "feature_kind": "route_node",
        "route_id": "route-07",
        "node_id": "rock-hall",
        "name": "Rock & Roll Hall of Fame, 1100 Rock and Roll Boulevard, Cleveland, Ohio"
      },
      "geometry": {
        "type": "Point",
        "coordinates": [
          -81.6954068,
          41.5084983
        ]
      }
    },
    {
      "type": "Feature",
      "id": "node-christmas-story-house",
      "properties": {
        "feature_kind": "route_node",
        "route_id": "route-07",
        "node_id": "christmas-story-house",
        "name": "A Christmas Story House, 3159 West 11th Street, Cleveland, Ohio"
      },
      "geometry": {
        "type": "Point",
        "coordinates": [
          -81.6874123,
          41.4687248
        ]
      }
    },
    {
      "type": "Feature",
      "id": "node-buckland-museum",
      "properties": {
        "feature_kind": "route_node",
        "route_id": "route-07",
        "node_id": "buckland-museum",
        "name": "Buckland Museum of Witchcraft & Magick, 2155 Broadview Road, Cleveland, Ohio"
      },
      "geometry": {
        "type": "Point",
        "coordinates": [
          -81.6997569,
          41.4381207
        ]
      }
    },
    {
      "type": "Feature",
      "id": "node-sugar-agora",
      "properties": {
        "feature_kind": "route_node",
        "route_id": "route-07",
        "node_id": "sugar-agora",
        "name": "Agora Theatre & Ballroom, 5000 Euclid Avenue, Cleveland, Ohio"
      },
      "geometry": {
        "type": "Point",
        "coordinates": [
          -81.6536566,
          41.5034443
        ]
      }
    },
    {
      "type": "Feature",
      "id": "node-crawford-auto",
      "properties": {
        "feature_kind": "route_node",
        "route_id": "route-07",
        "node_id": "crawford-auto",
        "name": "Crawford Auto-Aviation Museum, 10825 East Boulevard, Cleveland, Ohio"
      },
      "geometry": {
        "type": "Point",
        "coordinates": [
          -81.6111732,
          41.513281
        ]
      }
    },
    {
      "type": "Feature",
      "id": "node-cleveland-art",
      "properties": {
        "feature_kind": "route_node",
        "route_id": "route-07",
        "node_id": "cleveland-art",
        "name": "Cleveland Museum of Art, 11150 East Boulevard, Cleveland, Ohio"
      },
      "geometry": {
        "type": "Point",
        "coordinates": [
          -81.6117367,
          41.5090438
        ]
      }
    },
    {
      "type": "Feature",
      "id": "node-lake-view-haserot",
      "properties": {
        "feature_kind": "route_node",
        "route_id": "route-07",
        "node_id": "lake-view-haserot",
        "name": "Haserot Angel, Lake View Cemetery, Cleveland, Ohio"
      },
      "geometry": {
        "type": "Point",
        "coordinates": [
          -81.5903833,
          41.5130472
        ]
      }
    },
    {
      "type": "Feature",
      "id": "node-all-saints-canonsburg",
      "properties": {
        "feature_kind": "route_node",
        "route_id": "route-07",
        "node_id": "all-saints-canonsburg",
        "name": "All Saints Greek Orthodox Church, 601 West McMurray Road, Canonsburg, Pennsylvania"
      },
      "geometry": {
        "type": "Point",
        "coordinates": [
          -80.1568468,
          40.272971
        ]
      }
    },
    {
      "type": "Feature",
      "id": "node-bedford-coffee-pot",
      "properties": {
        "feature_kind": "route_node",
        "route_id": "route-07",
        "node_id": "bedford-coffee-pot",
        "name": "The Coffee Pot, 108 Telegraph Road, Bedford, Pennsylvania"
      },
      "geometry": {
        "type": "Point",
        "coordinates": [
          -78.5173529,
          40.022906
        ]
      }
    },
    {
      "type": "Feature",
      "id": "node-old-bedford-village",
      "properties": {
        "feature_kind": "route_node",
        "route_id": "route-07",
        "node_id": "old-bedford-village",
        "name": "Old Bedford Village, 220 Sawblade Road, Bedford, Pennsylvania"
      },
      "geometry": {
        "type": "Point",
        "coordinates": [
          -78.5112971,
          40.0412389
        ]
      }
    },
    {
      "type": "Feature",
      "id": "node-mack-museum",
      "properties": {
        "feature_kind": "route_node",
        "route_id": "route-07",
        "node_id": "mack-museum",
        "name": "Mack Trucks Historical Museum, 2402 Lehigh Parkway South, Allentown, Pennsylvania"
      },
      "geometry": {
        "type": "Point",
        "coordinates": [
          -75.4944108,
          40.5721574
        ]
      }
    },
    {
      "type": "Feature",
      "id": "node-allentown-fish-hatchery",
      "properties": {
        "feature_kind": "route_node",
        "route_id": "route-07",
        "node_id": "allentown-fish-hatchery",
        "name": "Lil-Le-Hi Trout Nursery, 2901 Fish Hatchery Road, Allentown, Pennsylvania"
      },
      "geometry": {
        "type": "Point",
        "coordinates": [
          -75.513344,
          40.563224
        ]
      }
    },
    {
      "type": "Feature",
      "id": "node-uncle-sam-danbury",
      "properties": {
        "feature_kind": "route_node",
        "route_id": "route-07",
        "node_id": "uncle-sam-danbury",
        "name": "World's Tallest Uncle Sam Statue, Danbury Railway Museum, 120 White Street, Danbury, Connecticut"
      },
      "geometry": {
        "type": "Point",
        "coordinates": [
          -73.4500683,
          41.3979253
        ]
      }
    },
    {
      "type": "Feature",
      "id": "node-danbury-fair-carousel",
      "properties": {
        "feature_kind": "route_node",
        "route_id": "route-07",
        "node_id": "danbury-fair-carousel",
        "name": "Double-Decker Carousel, Danbury Fair, 7 Backus Avenue, Danbury, Connecticut"
      },
      "geometry": {
        "type": "Point",
        "coordinates": [
          -73.4807429,
          41.3793031
        ]
      }
    },
    {
      "type": "Feature",
      "id": "node-mit-museum",
      "properties": {
        "feature_kind": "route_node",
        "route_id": "route-07",
        "node_id": "mit-museum",
        "name": "MIT Museum, 314 Main Street, Cambridge, Massachusetts"
      },
      "geometry": {
        "type": "Point",
        "coordinates": [
          -71.0864154,
          42.3619754
        ]
      }
    },
    {
      "type": "Feature",
      "id": "node-harvard-art",
      "properties": {
        "feature_kind": "route_node",
        "route_id": "route-07",
        "node_id": "harvard-art",
        "name": "Harvard Art Museums, 32 Quincy Street, Cambridge, Massachusetts"
      },
      "geometry": {
        "type": "Point",
        "coordinates": [
          -71.114113,
          42.3740988
        ]
      }
    }
  ]
}
