{
  "type": "FeatureCollection",
  "name": "route-08-lemurs-stone-bridges-mechanical-dreams-loop",
  "features": [
    {
      "type": "Feature",
      "id": "d1-boston-logan-rental-to-new-britain-art",
      "properties": {
        "feature_kind": "drive_leg",
        "route_id": "route-08",
        "day": 1,
        "date": "2026-10-04",
        "from": "boston-logan-rental",
        "to": "new-britain-art",
        "distance_miles": 112.7,
        "baseline_minutes": 143,
        "map_color": "#16A34A"
      },
      "geometry": {
        "coordinates": [
          [
            -71.029421,
            42.367769
          ],
          [
            -71.037429,
            42.346811
          ],
          [
            -71.177949,
            42.35787
          ],
          [
            -71.315031,
            42.33461
          ],
          [
            -71.367832,
            42.311489
          ],
          [
            -71.412023,
            42.315539
          ],
          [
            -71.557712,
            42.269721
          ],
          [
            -71.618632,
            42.229395
          ],
          [
            -71.755983,
            42.2211
          ],
          [
            -72.060794,
            42.131125
          ],
          [
            -72.205452,
            41.948252
          ],
          [
            -72.37405,
            41.857299
          ],
          [
            -72.430562,
            41.854374
          ],
          [
            -72.46889,
            41.831455
          ],
          [
            -72.553905,
            41.801581
          ],
          [
            -72.576549,
            41.775117
          ],
          [
            -72.647578,
            41.757444
          ],
          [
            -72.665674,
            41.728013
          ],
          [
            -72.699713,
            41.711698
          ],
          [
            -72.705502,
            41.698061
          ],
          [
            -72.757952,
            41.693564
          ],
          [
            -72.758299,
            41.684404
          ],
          [
            -72.791466,
            41.664551
          ]
        ],
        "type": "LineString"
      }
    },
    {
      "type": "Feature",
      "id": "d1-new-britain-art-to-danbury-west-lodging",
      "properties": {
        "feature_kind": "drive_leg",
        "route_id": "route-08",
        "day": 1,
        "date": "2026-10-04",
        "from": "new-britain-art",
        "to": "danbury-west-lodging",
        "distance_miles": 50.1,
        "baseline_minutes": 65,
        "map_color": "#16A34A"
      },
      "geometry": {
        "coordinates": [
          [
            -72.791466,
            41.664551
          ],
          [
            -72.844527,
            41.669295
          ],
          [
            -72.868898,
            41.63631
          ],
          [
            -72.900147,
            41.610974
          ],
          [
            -72.903768,
            41.594994
          ],
          [
            -72.899225,
            41.58325
          ],
          [
            -72.915009,
            41.562229
          ],
          [
            -72.944865,
            41.542887
          ],
          [
            -72.96337,
            41.536568
          ],
          [
            -72.9843,
            41.543983
          ],
          [
            -73.004448,
            41.538187
          ],
          [
            -73.020656,
            41.541143
          ],
          [
            -73.032565,
            41.551615
          ],
          [
            -73.068444,
            41.547943
          ],
          [
            -73.085931,
            41.537349
          ],
          [
            -73.092348,
            41.522696
          ],
          [
            -73.138366,
            41.50898
          ],
          [
            -73.163613,
            41.49338
          ],
          [
            -73.213008,
            41.476081
          ],
          [
            -73.248145,
            41.450771
          ],
          [
            -73.247498,
            41.434036
          ],
          [
            -73.266495,
            41.415354
          ],
          [
            -73.289385,
            41.417327
          ],
          [
            -73.314484,
            41.429437
          ],
          [
            -73.362572,
            41.422615
          ],
          [
            -73.374777,
            41.424994
          ],
          [
            -73.410031,
            41.414031
          ],
          [
            -73.424652,
            41.418455
          ],
          [
            -73.45225,
            41.411441
          ],
          [
            -73.476178,
            41.397694
          ],
          [
            -73.48055,
            41.384867
          ],
          [
            -73.499966,
            41.389986
          ]
        ],
        "type": "LineString"
      }
    },
    {
      "type": "Feature",
      "id": "d2-danbury-west-lodging-to-dia-beacon",
      "properties": {
        "feature_kind": "drive_leg",
        "route_id": "route-08",
        "day": 2,
        "date": "2026-10-05",
        "from": "danbury-west-lodging",
        "to": "dia-beacon",
        "distance_miles": 33.8,
        "baseline_minutes": 45,
        "map_color": "#16A34A"
      },
      "geometry": {
        "coordinates": [
          [
            -73.499966,
            41.389986
          ],
          [
            -73.513955,
            41.394455
          ],
          [
            -73.521653,
            41.391479
          ],
          [
            -73.532513,
            41.392623
          ],
          [
            -73.555954,
            41.385438
          ],
          [
            -73.578679,
            41.38346
          ],
          [
            -73.597915,
            41.390689
          ],
          [
            -73.602502,
            41.401426
          ],
          [
            -73.619698,
            41.415893
          ],
          [
            -73.629248,
            41.427915
          ],
          [
            -73.632708,
            41.442169
          ],
          [
            -73.654462,
            41.482786
          ],
          [
            -73.663156,
            41.48983
          ],
          [
            -73.66902,
            41.498464
          ],
          [
            -73.679163,
            41.504271
          ],
          [
            -73.683854,
            41.514171
          ],
          [
            -73.697495,
            41.528957
          ],
          [
            -73.71418,
            41.543963
          ],
          [
            -73.721565,
            41.547317
          ],
          [
            -73.740681,
            41.548532
          ],
          [
            -73.761329,
            41.541032
          ],
          [
            -73.804036,
            41.530836
          ],
          [
            -73.83356,
            41.532791
          ],
          [
            -73.846085,
            41.530862
          ],
          [
            -73.862912,
            41.524817
          ],
          [
            -73.877637,
            41.525666
          ],
          [
            -73.903695,
            41.52265
          ],
          [
            -73.922588,
            41.529846
          ],
          [
            -73.949547,
            41.529834
          ],
          [
            -73.967583,
            41.519463
          ],
          [
            -73.97385,
            41.518256
          ],
          [
            -73.973203,
            41.514992
          ],
          [
            -73.977498,
            41.511955
          ],
          [
            -73.981744,
            41.50029
          ]
        ],
        "type": "LineString"
      }
    },
    {
      "type": "Feature",
      "id": "d2-dia-beacon-to-bethlehem-lodging",
      "properties": {
        "feature_kind": "drive_leg",
        "route_id": "route-08",
        "day": 2,
        "date": "2026-10-05",
        "from": "dia-beacon",
        "to": "bethlehem-lodging",
        "distance_miles": 129.6,
        "baseline_minutes": 161,
        "map_color": "#16A34A"
      },
      "geometry": {
        "coordinates": [
          [
            -73.981744,
            41.50029
          ],
          [
            -73.97385,
            41.518256
          ],
          [
            -74.030323,
            41.519724
          ],
          [
            -74.076677,
            41.509424
          ],
          [
            -74.079317,
            41.481851
          ],
          [
            -74.064572,
            41.454025
          ],
          [
            -74.069756,
            41.417089
          ],
          [
            -74.102872,
            41.381154
          ],
          [
            -74.117224,
            41.344157
          ],
          [
            -74.114665,
            41.318133
          ],
          [
            -74.184388,
            41.223951
          ],
          [
            -74.189086,
            41.150431
          ],
          [
            -74.169785,
            41.138872
          ],
          [
            -74.161455,
            41.115869
          ],
          [
            -74.194842,
            41.033203
          ],
          [
            -74.217763,
            41.020392
          ],
          [
            -74.24796,
            41.028932
          ],
          [
            -74.289588,
            41.024998
          ],
          [
            -74.362953,
            40.921337
          ],
          [
            -74.414594,
            40.899025
          ],
          [
            -74.419151,
            40.860856
          ],
          [
            -74.478183,
            40.774762
          ],
          [
            -74.521752,
            40.758598
          ],
          [
            -74.570365,
            40.693669
          ],
          [
            -74.636561,
            40.667236
          ],
          [
            -74.647916,
            40.643963
          ],
          [
            -74.78312,
            40.652163
          ],
          [
            -74.921033,
            40.6315
          ],
          [
            -74.974202,
            40.635578
          ],
          [
            -75.034048,
            40.651242
          ],
          [
            -75.046321,
            40.661714
          ],
          [
            -75.066478,
            40.65953
          ],
          [
            -75.111442,
            40.672362
          ],
          [
            -75.135798,
            40.669667
          ],
          [
            -75.161998,
            40.650692
          ],
          [
            -75.189936,
            40.677111
          ],
          [
            -75.231025,
            40.667367
          ],
          [
            -75.274408,
            40.637334
          ],
          [
            -75.299342,
            40.607334
          ],
          [
            -75.324065,
            40.596424
          ],
          [
            -75.340205,
            40.5982
          ],
          [
            -75.339703,
            40.609514
          ],
          [
            -75.35796,
            40.613534
          ],
          [
            -75.360156,
            40.621973
          ],
          [
            -75.382699,
            40.620175
          ]
        ],
        "type": "LineString"
      }
    },
    {
      "type": "Feature",
      "id": "d3-bethlehem-lodging-to-goggleworks",
      "properties": {
        "feature_kind": "drive_leg",
        "route_id": "route-08",
        "day": 3,
        "date": "2026-10-06",
        "from": "bethlehem-lodging",
        "to": "goggleworks",
        "distance_miles": 41.2,
        "baseline_minutes": 65,
        "map_color": "#16A34A"
      },
      "geometry": {
        "coordinates": [
          [
            -75.382699,
            40.620175
          ],
          [
            -75.381955,
            40.622377
          ],
          [
            -75.420985,
            40.623908
          ],
          [
            -75.443744,
            40.616265
          ],
          [
            -75.453007,
            40.606756
          ],
          [
            -75.457799,
            40.607669
          ],
          [
            -75.510858,
            40.591439
          ],
          [
            -75.516734,
            40.584335
          ],
          [
            -75.52294,
            40.583063
          ],
          [
            -75.527171,
            40.577602
          ],
          [
            -75.543434,
            40.570797
          ],
          [
            -75.553156,
            40.570025
          ],
          [
            -75.571732,
            40.564009
          ],
          [
            -75.596784,
            40.564302
          ],
          [
            -75.619326,
            40.553779
          ],
          [
            -75.622373,
            40.542276
          ],
          [
            -75.626006,
            40.53964
          ],
          [
            -75.677181,
            40.544406
          ],
          [
            -75.706869,
            40.541375
          ],
          [
            -75.758776,
            40.531354
          ],
          [
            -75.767908,
            40.531409
          ],
          [
            -75.784789,
            40.525825
          ],
          [
            -75.805553,
            40.504507
          ],
          [
            -75.809871,
            40.496668
          ],
          [
            -75.849608,
            40.480913
          ],
          [
            -75.871469,
            40.462435
          ],
          [
            -75.904221,
            40.444517
          ],
          [
            -75.918963,
            40.416641
          ],
          [
            -75.92792,
            40.408588
          ],
          [
            -75.927834,
            40.33697
          ],
          [
            -75.933697,
            40.337363
          ]
        ],
        "type": "LineString"
      }
    },
    {
      "type": "Feature",
      "id": "d3-goggleworks-to-tanger-lancaster",
      "properties": {
        "feature_kind": "drive_leg",
        "route_id": "route-08",
        "day": 3,
        "date": "2026-10-06",
        "from": "goggleworks",
        "to": "tanger-lancaster",
        "distance_miles": 34.2,
        "baseline_minutes": 47,
        "map_color": "#16A34A"
      },
      "geometry": {
        "coordinates": [
          [
            -75.933697,
            40.337363
          ],
          [
            -75.933945,
            40.335472
          ],
          [
            -75.940811,
            40.334797
          ],
          [
            -75.960075,
            40.335074
          ],
          [
            -75.980922,
            40.327813
          ],
          [
            -75.981898,
            40.323175
          ],
          [
            -75.995853,
            40.315004
          ],
          [
            -75.999318,
            40.308305
          ],
          [
            -76.000337,
            40.297185
          ],
          [
            -76.011699,
            40.290066
          ],
          [
            -76.020379,
            40.27643
          ],
          [
            -76.031199,
            40.267775
          ],
          [
            -76.038242,
            40.244
          ],
          [
            -76.05241,
            40.22968
          ],
          [
            -76.116586,
            40.205813
          ],
          [
            -76.12747,
            40.185363
          ],
          [
            -76.14857,
            40.171431
          ],
          [
            -76.155917,
            40.155808
          ],
          [
            -76.16582,
            40.150951
          ],
          [
            -76.178528,
            40.149314
          ],
          [
            -76.203153,
            40.140409
          ],
          [
            -76.225597,
            40.11992
          ],
          [
            -76.24228,
            40.113805
          ],
          [
            -76.255817,
            40.102836
          ],
          [
            -76.265812,
            40.088533
          ],
          [
            -76.285156,
            40.075845
          ],
          [
            -76.288084,
            40.067598
          ],
          [
            -76.291307,
            40.06635
          ],
          [
            -76.286994,
            40.066735
          ],
          [
            -76.269963,
            40.056069
          ],
          [
            -76.25107,
            40.047793
          ],
          [
            -76.240242,
            40.031027
          ],
          [
            -76.223584,
            40.027924
          ],
          [
            -76.221755,
            40.024193
          ],
          [
            -76.21865,
            40.02371
          ]
        ],
        "type": "LineString"
      }
    },
    {
      "type": "Feature",
      "id": "d3-tanger-lancaster-to-lancaster-east-lodging",
      "properties": {
        "feature_kind": "drive_leg",
        "route_id": "route-08",
        "day": 3,
        "date": "2026-10-06",
        "from": "tanger-lancaster",
        "to": "lancaster-east-lodging",
        "distance_miles": 0.6,
        "baseline_minutes": 4,
        "map_color": "#16A34A"
      },
      "geometry": {
        "coordinates": [
          [
            -76.21865,
            40.02371
          ],
          [
            -76.219285,
            40.023765
          ],
          [
            -76.219623,
            40.023661
          ],
          [
            -76.219813,
            40.024047
          ],
          [
            -76.219343,
            40.024194
          ],
          [
            -76.217549,
            40.024021
          ],
          [
            -76.217389,
            40.024119
          ],
          [
            -76.217348,
            40.024183
          ],
          [
            -76.21724,
            40.024858
          ],
          [
            -76.214698,
            40.025479
          ],
          [
            -76.21427,
            40.025483
          ],
          [
            -76.214134,
            40.025621
          ],
          [
            -76.214024,
            40.025861
          ],
          [
            -76.213104,
            40.025874
          ],
          [
            -76.212944,
            40.025753
          ],
          [
            -76.212879,
            40.02564
          ],
          [
            -76.212905,
            40.025236
          ],
          [
            -76.212544,
            40.025046
          ],
          [
            -76.212452,
            40.024863
          ]
        ],
        "type": "LineString"
      }
    },
    {
      "type": "Feature",
      "id": "d4-lancaster-east-lodging-to-shenandoah-valley-museum",
      "properties": {
        "feature_kind": "drive_leg",
        "route_id": "route-08",
        "day": 4,
        "date": "2026-10-07",
        "from": "lancaster-east-lodging",
        "to": "shenandoah-valley-museum",
        "distance_miles": 156.9,
        "baseline_minutes": 194,
        "map_color": "#16A34A"
      },
      "geometry": {
        "coordinates": [
          [
            -76.212452,
            40.024863
          ],
          [
            -76.239464,
            40.032198
          ],
          [
            -76.251015,
            40.047843
          ],
          [
            -76.288649,
            40.067474
          ],
          [
            -76.370759,
            40.084529
          ],
          [
            -76.48138,
            40.130088
          ],
          [
            -76.539999,
            40.132971
          ],
          [
            -76.61466,
            40.188338
          ],
          [
            -76.688602,
            40.195303
          ],
          [
            -76.717009,
            40.224103
          ],
          [
            -76.780862,
            40.22306
          ],
          [
            -76.816421,
            40.197504
          ],
          [
            -76.875527,
            40.212224
          ],
          [
            -76.923784,
            40.195895
          ],
          [
            -76.972047,
            40.195504
          ],
          [
            -77.022911,
            40.196627
          ],
          [
            -77.155036,
            40.22972
          ],
          [
            -77.206842,
            40.187981
          ],
          [
            -77.243276,
            40.183272
          ],
          [
            -77.476182,
            40.063803
          ],
          [
            -77.498042,
            40.036647
          ],
          [
            -77.565788,
            39.98635
          ],
          [
            -77.584194,
            39.952514
          ],
          [
            -77.611822,
            39.948565
          ],
          [
            -77.631998,
            39.933914
          ],
          [
            -77.668706,
            39.893087
          ],
          [
            -77.69885,
            39.829122
          ],
          [
            -77.728962,
            39.752736
          ],
          [
            -77.726921,
            39.727083
          ],
          [
            -77.742848,
            39.710436
          ],
          [
            -77.733376,
            39.688351
          ],
          [
            -77.738119,
            39.666044
          ],
          [
            -77.813868,
            39.589242
          ],
          [
            -77.879905,
            39.578653
          ],
          [
            -77.936386,
            39.509521
          ],
          [
            -77.973896,
            39.488509
          ],
          [
            -77.989985,
            39.468581
          ],
          [
            -77.99012,
            39.438328
          ],
          [
            -78.025529,
            39.405117
          ],
          [
            -78.102472,
            39.25474
          ],
          [
            -78.13453,
            39.231093
          ],
          [
            -78.139453,
            39.216757
          ],
          [
            -78.182703,
            39.211208
          ],
          [
            -78.179966,
            39.185123
          ]
        ],
        "type": "LineString"
      }
    },
    {
      "type": "Feature",
      "id": "d4-shenandoah-valley-museum-to-winchester-lodging",
      "properties": {
        "feature_kind": "drive_leg",
        "route_id": "route-08",
        "day": 4,
        "date": "2026-10-07",
        "from": "shenandoah-valley-museum",
        "to": "winchester-lodging",
        "distance_miles": 1,
        "baseline_minutes": 5,
        "map_color": "#16A34A"
      },
      "geometry": {
        "coordinates": [
          [
            -78.179966,
            39.185123
          ],
          [
            -78.18005,
            39.184962
          ],
          [
            -78.180594,
            39.185142
          ],
          [
            -78.179789,
            39.186545
          ],
          [
            -78.179759,
            39.187762
          ],
          [
            -78.179851,
            39.188314
          ],
          [
            -78.17969,
            39.188695
          ],
          [
            -78.176972,
            39.187617
          ],
          [
            -78.170438,
            39.1863
          ],
          [
            -78.167636,
            39.185614
          ]
        ],
        "type": "LineString"
      }
    },
    {
      "type": "Feature",
      "id": "d5-winchester-lodging-to-natural-bridge",
      "properties": {
        "feature_kind": "drive_leg",
        "route_id": "route-08",
        "day": 5,
        "date": "2026-10-08",
        "from": "winchester-lodging",
        "to": "natural-bridge",
        "distance_miles": 138.7,
        "baseline_minutes": 156,
        "map_color": "#16A34A"
      },
      "geometry": {
        "coordinates": [
          [
            -78.167636,
            39.185614
          ],
          [
            -78.171309,
            39.143073
          ],
          [
            -78.269481,
            39.028405
          ],
          [
            -78.30797,
            39.00589
          ],
          [
            -78.356324,
            39.015178
          ],
          [
            -78.413576,
            38.988611
          ],
          [
            -78.60055,
            38.808262
          ],
          [
            -78.650235,
            38.748196
          ],
          [
            -78.681706,
            38.640189
          ],
          [
            -78.824592,
            38.461873
          ],
          [
            -78.909078,
            38.4001
          ],
          [
            -78.938545,
            38.268083
          ],
          [
            -78.99022,
            38.216474
          ],
          [
            -79.021286,
            38.141745
          ],
          [
            -79.227288,
            37.933591
          ],
          [
            -79.36245,
            37.850052
          ],
          [
            -79.434767,
            37.725643
          ],
          [
            -79.543407,
            37.628476
          ]
        ],
        "type": "LineString"
      }
    },
    {
      "type": "Feature",
      "id": "d5-natural-bridge-to-roanoke-downtown-lodging",
      "properties": {
        "feature_kind": "drive_leg",
        "route_id": "route-08",
        "day": 5,
        "date": "2026-10-08",
        "from": "natural-bridge",
        "to": "roanoke-downtown-lodging",
        "distance_miles": 40.6,
        "baseline_minutes": 51,
        "map_color": "#16A34A"
      },
      "geometry": {
        "coordinates": [
          [
            -79.543407,
            37.628476
          ],
          [
            -79.573205,
            37.630033
          ],
          [
            -79.593619,
            37.612828
          ],
          [
            -79.614189,
            37.609567
          ],
          [
            -79.640608,
            37.584508
          ],
          [
            -79.669526,
            37.544326
          ],
          [
            -79.692018,
            37.530154
          ],
          [
            -79.73856,
            37.512141
          ],
          [
            -79.751083,
            37.498071
          ],
          [
            -79.784013,
            37.480106
          ],
          [
            -79.862343,
            37.444984
          ],
          [
            -79.915673,
            37.37221
          ],
          [
            -79.92645,
            37.366744
          ],
          [
            -79.970601,
            37.360049
          ],
          [
            -79.996792,
            37.342389
          ],
          [
            -79.993303,
            37.331347
          ],
          [
            -79.970657,
            37.305597
          ],
          [
            -79.9401,
            37.288971
          ],
          [
            -79.946848,
            37.272806
          ]
        ],
        "type": "LineString"
      }
    },
    {
      "type": "Feature",
      "id": "d6-roanoke-downtown-lodging-to-duke-lemur-bts",
      "properties": {
        "feature_kind": "drive_leg",
        "route_id": "route-08",
        "day": 6,
        "date": "2026-10-09",
        "from": "roanoke-downtown-lodging",
        "to": "duke-lemur-bts",
        "distance_miles": 137.1,
        "baseline_minutes": 183,
        "map_color": "#16A34A"
      },
      "geometry": {
        "coordinates": [
          [
            -79.946848,
            37.272806
          ],
          [
            -79.946988,
            37.258769
          ],
          [
            -79.975917,
            37.234913
          ],
          [
            -79.935268,
            37.179872
          ],
          [
            -79.972815,
            37.134046
          ],
          [
            -79.93585,
            37.090072
          ],
          [
            -79.885519,
            37.063609
          ],
          [
            -79.87517,
            37.040308
          ],
          [
            -79.882249,
            37.020828
          ],
          [
            -79.86945,
            36.997157
          ],
          [
            -79.881841,
            36.949113
          ],
          [
            -79.864818,
            36.915092
          ],
          [
            -79.876841,
            36.853257
          ],
          [
            -79.917283,
            36.841297
          ],
          [
            -79.93896,
            36.809052
          ],
          [
            -79.937946,
            36.727046
          ],
          [
            -79.95582,
            36.718614
          ],
          [
            -79.957269,
            36.705587
          ],
          [
            -79.92053,
            36.652203
          ],
          [
            -79.860371,
            36.621799
          ],
          [
            -79.86317,
            36.579
          ],
          [
            -79.802632,
            36.534879
          ],
          [
            -79.752982,
            36.523268
          ],
          [
            -79.738275,
            36.476362
          ],
          [
            -79.660005,
            36.378755
          ],
          [
            -79.6287,
            36.360402
          ],
          [
            -79.643915,
            36.327625
          ],
          [
            -79.614128,
            36.292023
          ],
          [
            -79.598145,
            36.283031
          ],
          [
            -79.54282,
            36.283955
          ],
          [
            -79.521456,
            36.268399
          ],
          [
            -79.511296,
            36.165979
          ],
          [
            -79.477615,
            36.113182
          ],
          [
            -79.383215,
            36.062819
          ],
          [
            -79.223299,
            36.079234
          ],
          [
            -79.159964,
            36.072708
          ],
          [
            -79.129557,
            36.059175
          ],
          [
            -79.081707,
            36.058766
          ],
          [
            -78.988722,
            36.032248
          ],
          [
            -78.961956,
            35.993765
          ]
        ],
        "type": "LineString"
      }
    },
    {
      "type": "Feature",
      "id": "d6-duke-lemur-bts-to-duke-chapel-gardens",
      "properties": {
        "feature_kind": "drive_leg",
        "route_id": "route-08",
        "day": 6,
        "date": "2026-10-09",
        "from": "duke-lemur-bts",
        "to": "duke-chapel-gardens",
        "distance_miles": 2.5,
        "baseline_minutes": 10,
        "map_color": "#16A34A"
      },
      "geometry": {
        "coordinates": [
          [
            -78.961956,
            35.993765
          ],
          [
            -78.960223,
            35.994265
          ],
          [
            -78.959573,
            35.99562
          ],
          [
            -78.959938,
            35.996519
          ],
          [
            -78.95904,
            35.997601
          ],
          [
            -78.959152,
            35.997746
          ],
          [
            -78.962789,
            35.999186
          ],
          [
            -78.964043,
            35.999443
          ],
          [
            -78.962172,
            36.000625
          ],
          [
            -78.961865,
            36.000573
          ],
          [
            -78.960464,
            35.999458
          ],
          [
            -78.959665,
            35.99905
          ],
          [
            -78.952072,
            35.997369
          ],
          [
            -78.949141,
            35.996393
          ],
          [
            -78.947039,
            35.99505
          ],
          [
            -78.946261,
            35.996214
          ],
          [
            -78.94527,
            35.998696
          ],
          [
            -78.942122,
            36.002596
          ],
          [
            -78.941127,
            36.001754
          ],
          [
            -78.94113,
            36.001482
          ],
          [
            -78.940933,
            36.001479
          ],
          [
            -78.940881,
            36.001632
          ]
        ],
        "type": "LineString"
      }
    },
    {
      "type": "Feature",
      "id": "d6-duke-chapel-gardens-to-durham-lodging",
      "properties": {
        "feature_kind": "drive_leg",
        "route_id": "route-08",
        "day": 6,
        "date": "2026-10-09",
        "from": "duke-chapel-gardens",
        "to": "durham-lodging",
        "distance_miles": 2.6,
        "baseline_minutes": 9,
        "map_color": "#16A34A"
      },
      "geometry": {
        "coordinates": [
          [
            -78.940881,
            36.001632
          ],
          [
            -78.942122,
            36.002596
          ],
          [
            -78.944166,
            36.000081
          ],
          [
            -78.942055,
            35.999381
          ],
          [
            -78.939722,
            35.998209
          ],
          [
            -78.939064,
            35.997734
          ],
          [
            -78.937017,
            35.997187
          ],
          [
            -78.935617,
            35.99632
          ],
          [
            -78.934395,
            35.99699
          ],
          [
            -78.931551,
            35.998079
          ],
          [
            -78.930204,
            35.9984
          ],
          [
            -78.927011,
            35.997928
          ],
          [
            -78.923539,
            35.997013
          ],
          [
            -78.921671,
            35.996716
          ],
          [
            -78.917872,
            35.996694
          ],
          [
            -78.910273,
            35.996976
          ],
          [
            -78.91032,
            35.995477
          ],
          [
            -78.908796,
            35.995494
          ],
          [
            -78.908802,
            35.996743
          ]
        ],
        "type": "LineString"
      }
    },
    {
      "type": "Feature",
      "id": "d7-durham-lodging-to-petersburg-battlefield",
      "properties": {
        "feature_kind": "drive_leg",
        "route_id": "route-08",
        "day": 7,
        "date": "2026-10-10",
        "from": "durham-lodging",
        "to": "petersburg-battlefield",
        "distance_miles": 128.1,
        "baseline_minutes": 143,
        "map_color": "#16A34A"
      },
      "geometry": {
        "coordinates": [
          [
            -78.908802,
            35.996743
          ],
          [
            -78.905007,
            36.019058
          ],
          [
            -78.869653,
            36.013903
          ],
          [
            -78.768502,
            36.0782
          ],
          [
            -78.742536,
            36.126258
          ],
          [
            -78.676282,
            36.208122
          ],
          [
            -78.580745,
            36.295282
          ],
          [
            -78.530518,
            36.319472
          ],
          [
            -78.467278,
            36.319639
          ],
          [
            -78.396832,
            36.345279
          ],
          [
            -78.23725,
            36.478173
          ],
          [
            -78.185097,
            36.542557
          ],
          [
            -78.17577,
            36.573335
          ],
          [
            -78.145451,
            36.612414
          ],
          [
            -78.124357,
            36.687068
          ],
          [
            -78.088064,
            36.757284
          ],
          [
            -78.020265,
            36.778946
          ],
          [
            -77.911026,
            36.847127
          ],
          [
            -77.865964,
            36.850723
          ],
          [
            -77.836431,
            36.864835
          ],
          [
            -77.73155,
            36.940135
          ],
          [
            -77.689647,
            36.991552
          ],
          [
            -77.561456,
            37.081649
          ],
          [
            -77.523635,
            37.122315
          ],
          [
            -77.484936,
            37.192993
          ],
          [
            -77.418585,
            37.199134
          ],
          [
            -77.383166,
            37.218722
          ]
        ],
        "type": "LineString"
      }
    },
    {
      "type": "Feature",
      "id": "d7-petersburg-battlefield-to-richmond-lodging",
      "properties": {
        "feature_kind": "drive_leg",
        "route_id": "route-08",
        "day": 7,
        "date": "2026-10-10",
        "from": "petersburg-battlefield",
        "to": "richmond-lodging",
        "distance_miles": 25,
        "baseline_minutes": 34,
        "map_color": "#16A34A"
      },
      "geometry": {
        "coordinates": [
          [
            -77.383166,
            37.218722
          ],
          [
            -77.389847,
            37.218973
          ],
          [
            -77.395681,
            37.229755
          ],
          [
            -77.392976,
            37.247247
          ],
          [
            -77.399061,
            37.260159
          ],
          [
            -77.388516,
            37.283732
          ],
          [
            -77.39133,
            37.30067
          ],
          [
            -77.400397,
            37.316562
          ],
          [
            -77.399706,
            37.329376
          ],
          [
            -77.40553,
            37.34177
          ],
          [
            -77.403777,
            37.368923
          ],
          [
            -77.40777,
            37.376839
          ],
          [
            -77.422346,
            37.391665
          ],
          [
            -77.431596,
            37.432857
          ],
          [
            -77.422978,
            37.447664
          ],
          [
            -77.43249,
            37.49021
          ],
          [
            -77.424786,
            37.513357
          ],
          [
            -77.429261,
            37.531794
          ],
          [
            -77.448961,
            37.543058
          ],
          [
            -77.448686,
            37.546987
          ],
          [
            -77.446781,
            37.545436
          ]
        ],
        "type": "LineString"
      }
    },
    {
      "type": "Feature",
      "id": "d8-richmond-lodging-to-richmond-orthodox",
      "properties": {
        "feature_kind": "drive_leg",
        "route_id": "route-08",
        "day": 8,
        "date": "2026-10-11",
        "from": "richmond-lodging",
        "to": "richmond-orthodox",
        "distance_miles": 3.8,
        "baseline_minutes": 8,
        "map_color": "#16A34A"
      },
      "geometry": {
        "coordinates": [
          [
            -77.446781,
            37.545436
          ],
          [
            -77.446543,
            37.545695
          ],
          [
            -77.445336,
            37.544974
          ],
          [
            -77.447412,
            37.542777
          ],
          [
            -77.447894,
            37.543077
          ],
          [
            -77.448877,
            37.542646
          ],
          [
            -77.45518,
            37.543008
          ],
          [
            -77.457014,
            37.543414
          ],
          [
            -77.468822,
            37.547642
          ],
          [
            -77.474811,
            37.548121
          ],
          [
            -77.478542,
            37.549277
          ],
          [
            -77.481125,
            37.550268
          ],
          [
            -77.483287,
            37.55181
          ],
          [
            -77.488367,
            37.553647
          ],
          [
            -77.489536,
            37.554557
          ],
          [
            -77.489862,
            37.55622
          ],
          [
            -77.488928,
            37.55906
          ],
          [
            -77.487355,
            37.560709
          ],
          [
            -77.486415,
            37.560557
          ],
          [
            -77.486991,
            37.559493
          ],
          [
            -77.492431,
            37.562091
          ],
          [
            -77.492858,
            37.561516
          ],
          [
            -77.493274,
            37.561708
          ]
        ],
        "type": "LineString"
      }
    },
    {
      "type": "Feature",
      "id": "d8-richmond-orthodox-to-poe-museum",
      "properties": {
        "feature_kind": "drive_leg",
        "route_id": "route-08",
        "day": 8,
        "date": "2026-10-11",
        "from": "richmond-orthodox",
        "to": "poe-museum",
        "distance_miles": 4.8,
        "baseline_minutes": 10,
        "map_color": "#16A34A"
      },
      "geometry": {
        "coordinates": [
          [
            -77.493274,
            37.561708
          ],
          [
            -77.493676,
            37.561894
          ],
          [
            -77.494182,
            37.561206
          ],
          [
            -77.493351,
            37.560848
          ],
          [
            -77.494785,
            37.558889
          ],
          [
            -77.490717,
            37.556956
          ],
          [
            -77.490611,
            37.555236
          ],
          [
            -77.489834,
            37.554081
          ],
          [
            -77.483454,
            37.551727
          ],
          [
            -77.480838,
            37.549673
          ],
          [
            -77.475208,
            37.547963
          ],
          [
            -77.46895,
            37.547455
          ],
          [
            -77.456545,
            37.543029
          ],
          [
            -77.450695,
            37.542675
          ],
          [
            -77.44915,
            37.542357
          ],
          [
            -77.447667,
            37.541681
          ],
          [
            -77.440551,
            37.53669
          ],
          [
            -77.436538,
            37.534341
          ],
          [
            -77.436109,
            37.534314
          ],
          [
            -77.435372,
            37.534835
          ],
          [
            -77.432545,
            37.534167
          ],
          [
            -77.432744,
            37.533343
          ],
          [
            -77.431157,
            37.532408
          ],
          [
            -77.429986,
            37.532388
          ],
          [
            -77.428731,
            37.531794
          ],
          [
            -77.427661,
            37.532905
          ],
          [
            -77.426205,
            37.532023
          ]
        ],
        "type": "LineString"
      }
    },
    {
      "type": "Feature",
      "id": "d8-poe-museum-to-annapolis-lodging",
      "properties": {
        "feature_kind": "drive_leg",
        "route_id": "route-08",
        "day": 8,
        "date": "2026-10-11",
        "from": "poe-museum",
        "to": "annapolis-lodging",
        "distance_miles": 137.5,
        "baseline_minutes": 168,
        "map_color": "#16A34A"
      },
      "geometry": {
        "coordinates": [
          [
            -77.426205,
            37.532023
          ],
          [
            -77.469801,
            37.582705
          ],
          [
            -77.443803,
            37.617835
          ],
          [
            -77.450618,
            37.839108
          ],
          [
            -77.517116,
            38.090635
          ],
          [
            -77.498228,
            38.33308
          ],
          [
            -77.435112,
            38.397625
          ],
          [
            -77.275563,
            38.663032
          ],
          [
            -77.230255,
            38.680745
          ],
          [
            -77.158774,
            38.805535
          ],
          [
            -77.028683,
            38.881808
          ],
          [
            -76.969135,
            38.876321
          ],
          [
            -76.880131,
            38.943496
          ],
          [
            -76.763744,
            38.945707
          ],
          [
            -76.546942,
            38.982414
          ]
        ],
        "type": "LineString"
      }
    },
    {
      "type": "Feature",
      "id": "d9-annapolis-lodging-to-hagley",
      "properties": {
        "feature_kind": "drive_leg",
        "route_id": "route-08",
        "day": 9,
        "date": "2026-10-12",
        "from": "annapolis-lodging",
        "to": "hagley",
        "distance_miles": 96.7,
        "baseline_minutes": 123,
        "map_color": "#16A34A"
      },
      "geometry": {
        "coordinates": [
          [
            -76.546942,
            38.982414
          ],
          [
            -76.575354,
            38.985561
          ],
          [
            -76.611496,
            39.010248
          ],
          [
            -76.613619,
            39.04031
          ],
          [
            -76.640533,
            39.064253
          ],
          [
            -76.624645,
            39.086801
          ],
          [
            -76.64545,
            39.15669
          ],
          [
            -76.623396,
            39.229733
          ],
          [
            -76.613401,
            39.239506
          ],
          [
            -76.578977,
            39.242659
          ],
          [
            -76.553785,
            39.273364
          ],
          [
            -76.553123,
            39.293187
          ],
          [
            -76.512001,
            39.343272
          ],
          [
            -76.456599,
            39.372205
          ],
          [
            -76.371735,
            39.440113
          ],
          [
            -76.340911,
            39.4427
          ],
          [
            -76.244223,
            39.486992
          ],
          [
            -76.132189,
            39.574895
          ],
          [
            -76.076434,
            39.586444
          ],
          [
            -75.925883,
            39.645241
          ],
          [
            -75.783965,
            39.639082
          ],
          [
            -75.704124,
            39.654483
          ],
          [
            -75.659685,
            39.682556
          ],
          [
            -75.599323,
            39.698753
          ],
          [
            -75.621134,
            39.73501
          ],
          [
            -75.597384,
            39.768426
          ],
          [
            -75.577714,
            39.774878
          ]
        ],
        "type": "LineString"
      }
    },
    {
      "type": "Feature",
      "id": "d9-hagley-to-bensalem-lodging",
      "properties": {
        "feature_kind": "drive_leg",
        "route_id": "route-08",
        "day": 9,
        "date": "2026-10-12",
        "from": "hagley",
        "to": "bensalem-lodging",
        "distance_miles": 48.5,
        "baseline_minutes": 72,
        "map_color": "#16A34A"
      },
      "geometry": {
        "coordinates": [
          [
            -75.577714,
            39.774878
          ],
          [
            -75.577094,
            39.768667
          ],
          [
            -75.575391,
            39.774322
          ],
          [
            -75.555238,
            39.784592
          ],
          [
            -75.544848,
            39.776798
          ],
          [
            -75.544521,
            39.765168
          ],
          [
            -75.527869,
            39.774767
          ],
          [
            -75.507567,
            39.778996
          ],
          [
            -75.482117,
            39.801439
          ],
          [
            -75.466241,
            39.804341
          ],
          [
            -75.423365,
            39.834215
          ],
          [
            -75.355366,
            39.859172
          ],
          [
            -75.342873,
            39.867709
          ],
          [
            -75.256556,
            39.876387
          ],
          [
            -75.234226,
            39.892629
          ],
          [
            -75.209068,
            39.88562
          ],
          [
            -75.189806,
            39.896851
          ],
          [
            -75.152461,
            39.90125
          ],
          [
            -75.137838,
            39.964364
          ],
          [
            -75.089767,
            39.987471
          ],
          [
            -75.073737,
            40.006639
          ],
          [
            -75.028404,
            40.02542
          ],
          [
            -74.999419,
            40.047825
          ],
          [
            -74.960701,
            40.068427
          ],
          [
            -74.971126,
            40.087545
          ],
          [
            -74.954522,
            40.101103
          ],
          [
            -74.959879,
            40.104929
          ]
        ],
        "type": "LineString"
      }
    },
    {
      "type": "Feature",
      "id": "d10-bensalem-lodging-to-met-cloisters",
      "properties": {
        "feature_kind": "drive_leg",
        "route_id": "route-08",
        "day": 10,
        "date": "2026-10-13",
        "from": "bensalem-lodging",
        "to": "met-cloisters",
        "distance_miles": 87.8,
        "baseline_minutes": 114,
        "map_color": "#16A34A"
      },
      "geometry": {
        "coordinates": [
          [
            -74.959879,
            40.104929
          ],
          [
            -74.953567,
            40.110965
          ],
          [
            -74.963,
            40.129833
          ],
          [
            -74.892465,
            40.129057
          ],
          [
            -74.776359,
            40.096074
          ],
          [
            -74.730066,
            40.097754
          ],
          [
            -74.646773,
            40.166638
          ],
          [
            -74.523669,
            40.243976
          ],
          [
            -74.447194,
            40.414223
          ],
          [
            -74.399343,
            40.485278
          ],
          [
            -74.36198,
            40.517388
          ],
          [
            -74.263108,
            40.559092
          ],
          [
            -74.084676,
            40.792658
          ],
          [
            -74.037024,
            40.820895
          ],
          [
            -74.01636,
            40.845231
          ],
          [
            -73.995832,
            40.841738
          ],
          [
            -73.977499,
            40.858415
          ],
          [
            -73.94403,
            40.845366
          ],
          [
            -73.931562,
            40.864806
          ]
        ],
        "type": "LineString"
      }
    },
    {
      "type": "Feature",
      "id": "d10-met-cloisters-to-bridgeport-lodging",
      "properties": {
        "feature_kind": "drive_leg",
        "route_id": "route-08",
        "day": 10,
        "date": "2026-10-13",
        "from": "met-cloisters",
        "to": "bridgeport-lodging",
        "distance_miles": 50.7,
        "baseline_minutes": 77,
        "map_color": "#16A34A"
      },
      "geometry": {
        "coordinates": [
          [
            -73.931562,
            40.864806
          ],
          [
            -73.904261,
            40.876399
          ],
          [
            -73.886391,
            40.890537
          ],
          [
            -73.866671,
            40.92002
          ],
          [
            -73.862628,
            40.921461
          ],
          [
            -73.858104,
            40.913875
          ],
          [
            -73.844042,
            40.910548
          ],
          [
            -73.840384,
            40.91734
          ],
          [
            -73.781253,
            40.91545
          ],
          [
            -73.723287,
            40.973664
          ],
          [
            -73.703204,
            40.974966
          ],
          [
            -73.682306,
            40.986753
          ],
          [
            -73.666659,
            40.988174
          ],
          [
            -73.63416,
            41.01827
          ],
          [
            -73.603918,
            41.027191
          ],
          [
            -73.584121,
            41.039535
          ],
          [
            -73.55181,
            41.044545
          ],
          [
            -73.515477,
            41.05638
          ],
          [
            -73.50265,
            41.06762
          ],
          [
            -73.468062,
            41.074371
          ],
          [
            -73.457098,
            41.087917
          ],
          [
            -73.427843,
            41.104846
          ],
          [
            -73.406059,
            41.108531
          ],
          [
            -73.377075,
            41.120131
          ],
          [
            -73.34052,
            41.123371
          ],
          [
            -73.323173,
            41.120477
          ],
          [
            -73.303416,
            41.126612
          ],
          [
            -73.284436,
            41.141029
          ],
          [
            -73.249844,
            41.149511
          ],
          [
            -73.228147,
            41.174351
          ],
          [
            -73.199934,
            41.189088
          ],
          [
            -73.195262,
            41.186183
          ]
        ],
        "type": "LineString"
      }
    },
    {
      "type": "Feature",
      "id": "d11-bridgeport-lodging-to-boston-logan-return",
      "properties": {
        "feature_kind": "drive_leg",
        "route_id": "route-08",
        "day": 11,
        "date": "2026-10-14",
        "from": "bridgeport-lodging",
        "to": "boston-logan-return",
        "distance_miles": 154.6,
        "baseline_minutes": 193,
        "map_color": "#16A34A"
      },
      "geometry": {
        "coordinates": [
          [
            -73.195262,
            41.186183
          ],
          [
            -73.178375,
            41.222199
          ],
          [
            -73.15025,
            41.23663
          ],
          [
            -73.078611,
            41.249382
          ],
          [
            -73.030582,
            41.310543
          ],
          [
            -73.000305,
            41.319844
          ],
          [
            -72.962147,
            41.351911
          ],
          [
            -72.918116,
            41.36652
          ],
          [
            -72.863831,
            41.402891
          ],
          [
            -72.82159,
            41.481063
          ],
          [
            -72.770806,
            41.521246
          ],
          [
            -72.774008,
            41.565611
          ],
          [
            -72.698972,
            41.710766
          ],
          [
            -72.665607,
            41.727894
          ],
          [
            -72.65724,
            41.75072
          ],
          [
            -72.633374,
            41.763622
          ],
          [
            -72.576199,
            41.774944
          ],
          [
            -72.553431,
            41.800971
          ],
          [
            -72.469261,
            41.830939
          ],
          [
            -72.430713,
            41.854013
          ],
          [
            -72.37389,
            41.857102
          ],
          [
            -72.205281,
            41.948043
          ],
          [
            -72.098482,
            42.073082
          ],
          [
            -72.063643,
            42.128252
          ],
          [
            -71.756836,
            42.220728
          ],
          [
            -71.618119,
            42.229365
          ],
          [
            -71.557662,
            42.269541
          ],
          [
            -71.411977,
            42.315412
          ],
          [
            -71.368027,
            42.311283
          ],
          [
            -71.315058,
            42.334425
          ],
          [
            -71.178254,
            42.357713
          ],
          [
            -71.037544,
            42.346671
          ],
          [
            -71.025581,
            42.358706
          ],
          [
            -71.029421,
            42.367769
          ]
        ],
        "type": "LineString"
      }
    },
    {
      "type": "Feature",
      "id": "d11-boston-logan-return-to-boston-logan-hotel",
      "properties": {
        "feature_kind": "drive_leg",
        "route_id": "route-08",
        "day": 11,
        "date": "2026-10-14",
        "from": "boston-logan-return",
        "to": "boston-logan-hotel",
        "distance_miles": 1.1,
        "baseline_minutes": 4,
        "map_color": "#16A34A"
      },
      "geometry": {
        "coordinates": [
          [
            -71.029421,
            42.367769
          ],
          [
            -71.02961,
            42.367518
          ],
          [
            -71.029577,
            42.367362
          ],
          [
            -71.028114,
            42.366661
          ],
          [
            -71.027786,
            42.36704
          ],
          [
            -71.028379,
            42.367289
          ],
          [
            -71.028631,
            42.367466
          ],
          [
            -71.028806,
            42.367745
          ],
          [
            -71.028808,
            42.36805
          ],
          [
            -71.028033,
            42.36905
          ],
          [
            -71.027852,
            42.369108
          ],
          [
            -71.027461,
            42.369514
          ],
          [
            -71.027084,
            42.369576
          ],
          [
            -71.026842,
            42.369478
          ],
          [
            -71.026673,
            42.369235
          ],
          [
            -71.026546,
            42.368312
          ],
          [
            -71.026381,
            42.367878
          ],
          [
            -71.026085,
            42.367474
          ],
          [
            -71.025727,
            42.36717
          ],
          [
            -71.024299,
            42.366404
          ],
          [
            -71.022319,
            42.365889
          ],
          [
            -71.019883,
            42.364853
          ],
          [
            -71.01937,
            42.364782
          ],
          [
            -71.018851,
            42.364889
          ],
          [
            -71.018546,
            42.365109
          ],
          [
            -71.017961,
            42.365836
          ],
          [
            -71.0171,
            42.366204
          ],
          [
            -71.017001,
            42.366367
          ],
          [
            -71.016767,
            42.366379
          ]
        ],
        "type": "LineString"
      }
    },
    {
      "type": "Feature",
      "id": "replacement-d1-wadsworth",
      "properties": {
        "feature_kind": "replacement_drive_variant",
        "route_id": "route-08",
        "day": 1,
        "replacement_place_id": "wadsworth-atheneum",
        "replaces_place_ids": [
          "new-britain-art"
        ],
        "baseline_total_miles": 162.6,
        "baseline_total_minutes": 203,
        "delta_minutes": -4,
        "cap_status": "passes-baseline-cap",
        "map_color": "#16A34A"
      },
      "geometry": {
        "type": "MultiLineString",
        "coordinates": [
          [
            [
              -71.029421,
              42.367769
            ],
            [
              -71.037429,
              42.346811
            ],
            [
              -71.177949,
              42.35787
            ],
            [
              -71.315031,
              42.33461
            ],
            [
              -71.367832,
              42.311489
            ],
            [
              -71.412023,
              42.315539
            ],
            [
              -71.557712,
              42.269721
            ],
            [
              -71.618632,
              42.229395
            ],
            [
              -71.755983,
              42.2211
            ],
            [
              -72.060614,
              42.131196
            ],
            [
              -72.202145,
              41.950927
            ],
            [
              -72.257431,
              41.925367
            ],
            [
              -72.292256,
              41.895456
            ],
            [
              -72.375311,
              41.85683
            ],
            [
              -72.431229,
              41.854117
            ],
            [
              -72.46889,
              41.831455
            ],
            [
              -72.553905,
              41.801581
            ],
            [
              -72.578184,
              41.774468
            ],
            [
              -72.673994,
              41.763781
            ]
          ],
          [
            [
              -72.673994,
              41.763781
            ],
            [
              -72.68236,
              41.76793
            ],
            [
              -72.691536,
              41.765075
            ],
            [
              -72.705191,
              41.750485
            ],
            [
              -72.734319,
              41.748656
            ],
            [
              -72.740642,
              41.736664
            ],
            [
              -72.758226,
              41.72756
            ],
            [
              -72.793869,
              41.721529
            ],
            [
              -72.82252,
              41.6712
            ],
            [
              -72.844361,
              41.669418
            ],
            [
              -72.869236,
              41.63596
            ],
            [
              -72.894193,
              41.618503
            ],
            [
              -72.903671,
              41.596298
            ],
            [
              -72.899906,
              41.581776
            ],
            [
              -72.916054,
              41.561167
            ],
            [
              -72.945229,
              41.542707
            ],
            [
              -72.96337,
              41.536568
            ],
            [
              -72.9843,
              41.543983
            ],
            [
              -73.004448,
              41.538187
            ],
            [
              -73.020656,
              41.541143
            ],
            [
              -73.032565,
              41.551615
            ],
            [
              -73.067557,
              41.548233
            ],
            [
              -73.085708,
              41.537581
            ],
            [
              -73.092348,
              41.522696
            ],
            [
              -73.138366,
              41.50898
            ],
            [
              -73.163613,
              41.49338
            ],
            [
              -73.212686,
              41.476296
            ],
            [
              -73.248145,
              41.450771
            ],
            [
              -73.2476,
              41.43384
            ],
            [
              -73.266752,
              41.415255
            ],
            [
              -73.289385,
              41.417327
            ],
            [
              -73.314484,
              41.429437
            ],
            [
              -73.362572,
              41.422615
            ],
            [
              -73.374777,
              41.424994
            ],
            [
              -73.410031,
              41.414031
            ],
            [
              -73.424652,
              41.418455
            ],
            [
              -73.45225,
              41.411441
            ],
            [
              -73.476178,
              41.397694
            ],
            [
              -73.48055,
              41.384867
            ],
            [
              -73.499966,
              41.389986
            ]
          ]
        ]
      }
    },
    {
      "type": "Feature",
      "id": "replacement-d2-bear-mountain",
      "properties": {
        "feature_kind": "replacement_drive_variant",
        "route_id": "route-08",
        "day": 2,
        "replacement_place_id": "bear-mountain-perkins",
        "replaces_place_ids": [
          "dia-beacon"
        ],
        "baseline_total_miles": 149.5,
        "baseline_total_minutes": 204,
        "delta_minutes": -1,
        "cap_status": "passes-baseline-cap",
        "map_color": "#16A34A"
      },
      "geometry": {
        "type": "MultiLineString",
        "coordinates": [
          [
            [
              -73.499966,
              41.389986
            ],
            [
              -73.513955,
              41.394455
            ],
            [
              -73.521653,
              41.391479
            ],
            [
              -73.532513,
              41.392623
            ],
            [
              -73.555954,
              41.385438
            ],
            [
              -73.578825,
              41.383462
            ],
            [
              -73.594141,
              41.388796
            ],
            [
              -73.596938,
              41.392245
            ],
            [
              -73.600501,
              41.391901
            ],
            [
              -73.604216,
              41.377303
            ],
            [
              -73.624372,
              41.367708
            ],
            [
              -73.655298,
              41.342614
            ],
            [
              -73.659183,
              41.331452
            ],
            [
              -73.658591,
              41.322571
            ],
            [
              -73.674143,
              41.306927
            ],
            [
              -73.677977,
              41.288038
            ],
            [
              -73.686051,
              41.269971
            ],
            [
              -73.684898,
              41.264202
            ],
            [
              -73.696202,
              41.266788
            ],
            [
              -73.724703,
              41.282616
            ],
            [
              -73.745844,
              41.278734
            ],
            [
              -73.753131,
              41.287365
            ],
            [
              -73.776541,
              41.286026
            ],
            [
              -73.787979,
              41.279203
            ],
            [
              -73.7938,
              41.281512
            ],
            [
              -73.800832,
              41.294827
            ],
            [
              -73.843571,
              41.289339
            ],
            [
              -73.877387,
              41.295159
            ],
            [
              -73.89138,
              41.303288
            ],
            [
              -73.907233,
              41.298454
            ],
            [
              -73.923703,
              41.302262
            ],
            [
              -73.933424,
              41.295888
            ],
            [
              -73.935461,
              41.298236
            ],
            [
              -73.949789,
              41.298418
            ],
            [
              -73.952553,
              41.303924
            ],
            [
              -73.960491,
              41.303844
            ],
            [
              -73.966246,
              41.306709
            ],
            [
              -73.965321,
              41.312605
            ],
            [
              -73.971324,
              41.312112
            ],
            [
              -73.979549,
              41.319829
            ],
            [
              -73.991737,
              41.320605
            ],
            [
              -73.986237,
              41.312462
            ]
          ],
          [
            [
              -73.986237,
              41.312462
            ],
            [
              -73.995738,
              41.322882
            ],
            [
              -74.00968,
              41.321979
            ],
            [
              -74.031921,
              41.304562
            ],
            [
              -74.02595,
              41.288271
            ],
            [
              -74.044747,
              41.255399
            ],
            [
              -74.028959,
              41.241595
            ],
            [
              -74.040511,
              41.185804
            ],
            [
              -74.077581,
              41.177891
            ],
            [
              -74.154894,
              41.117135
            ],
            [
              -74.151071,
              41.102992
            ],
            [
              -74.201955,
              41.071008
            ],
            [
              -74.237587,
              41.028163
            ],
            [
              -74.28979,
              41.024821
            ],
            [
              -74.362953,
              40.921337
            ],
            [
              -74.414594,
              40.899025
            ],
            [
              -74.419151,
              40.860856
            ],
            [
              -74.478183,
              40.774762
            ],
            [
              -74.521752,
              40.758598
            ],
            [
              -74.570365,
              40.693669
            ],
            [
              -74.636561,
              40.667236
            ],
            [
              -74.648197,
              40.643811
            ],
            [
              -74.78312,
              40.652163
            ],
            [
              -74.921033,
              40.6315
            ],
            [
              -74.974202,
              40.635578
            ],
            [
              -75.034048,
              40.651242
            ],
            [
              -75.046321,
              40.661714
            ],
            [
              -75.066478,
              40.65953
            ],
            [
              -75.111442,
              40.672362
            ],
            [
              -75.135798,
              40.669667
            ],
            [
              -75.161998,
              40.650692
            ],
            [
              -75.189936,
              40.677111
            ],
            [
              -75.231025,
              40.667367
            ],
            [
              -75.274408,
              40.637334
            ],
            [
              -75.299342,
              40.607334
            ],
            [
              -75.324065,
              40.596424
            ],
            [
              -75.340205,
              40.5982
            ],
            [
              -75.339703,
              40.609514
            ],
            [
              -75.35796,
              40.613534
            ],
            [
              -75.360156,
              40.621973
            ],
            [
              -75.382699,
              40.620175
            ]
          ]
        ]
      }
    },
    {
      "type": "Feature",
      "id": "replacement-d3-mid-atlantic-air",
      "properties": {
        "feature_kind": "replacement_drive_variant",
        "route_id": "route-08",
        "day": 3,
        "replacement_place_id": "mid-atlantic-air",
        "replaces_place_ids": [
          "goggleworks"
        ],
        "baseline_total_miles": 79.7,
        "baseline_total_minutes": 124,
        "delta_minutes": 8,
        "cap_status": "passes-baseline-cap",
        "map_color": "#16A34A"
      },
      "geometry": {
        "type": "MultiLineString",
        "coordinates": [
          [
            [
              -75.382699,
              40.620175
            ],
            [
              -75.381955,
              40.622377
            ],
            [
              -75.420985,
              40.623908
            ],
            [
              -75.443744,
              40.616265
            ],
            [
              -75.453007,
              40.606756
            ],
            [
              -75.457799,
              40.607669
            ],
            [
              -75.510858,
              40.591439
            ],
            [
              -75.516734,
              40.584335
            ],
            [
              -75.52294,
              40.583063
            ],
            [
              -75.527171,
              40.577602
            ],
            [
              -75.543434,
              40.570797
            ],
            [
              -75.553156,
              40.570025
            ],
            [
              -75.571732,
              40.564009
            ],
            [
              -75.596784,
              40.564302
            ],
            [
              -75.619326,
              40.553779
            ],
            [
              -75.622373,
              40.542276
            ],
            [
              -75.626006,
              40.53964
            ],
            [
              -75.677181,
              40.544406
            ],
            [
              -75.706869,
              40.541375
            ],
            [
              -75.758776,
              40.531354
            ],
            [
              -75.767908,
              40.531409
            ],
            [
              -75.784099,
              40.526145
            ],
            [
              -75.805553,
              40.504507
            ],
            [
              -75.809871,
              40.496668
            ],
            [
              -75.854045,
              40.478157
            ],
            [
              -75.871469,
              40.462435
            ],
            [
              -75.902907,
              40.445787
            ],
            [
              -75.91258,
              40.430814
            ],
            [
              -75.931265,
              40.415045
            ],
            [
              -75.966156,
              40.397845
            ],
            [
              -75.986679,
              40.384016
            ],
            [
              -75.983738,
              40.380887
            ],
            [
              -75.979165,
              40.386423
            ],
            [
              -75.966705,
              40.382026
            ]
          ],
          [
            [
              -75.966705,
              40.382026
            ],
            [
              -75.979165,
              40.386423
            ],
            [
              -75.983606,
              40.380964
            ],
            [
              -75.985418,
              40.384552
            ],
            [
              -75.991209,
              40.366052
            ],
            [
              -75.962405,
              40.349637
            ],
            [
              -75.967654,
              40.334594
            ],
            [
              -75.995086,
              40.316161
            ],
            [
              -76.000337,
              40.297185
            ],
            [
              -76.031595,
              40.267231
            ],
            [
              -76.040532,
              40.24111
            ],
            [
              -76.056615,
              40.226951
            ],
            [
              -76.116586,
              40.205813
            ],
            [
              -76.12747,
              40.185363
            ],
            [
              -76.148827,
              40.171164
            ],
            [
              -76.155487,
              40.156148
            ],
            [
              -76.203458,
              40.140216
            ],
            [
              -76.225124,
              40.120251
            ],
            [
              -76.254864,
              40.103737
            ],
            [
              -76.291426,
              40.06716
            ],
            [
              -76.250718,
              40.047546
            ],
            [
              -76.240242,
              40.031027
            ],
            [
              -76.21865,
              40.02371
            ]
          ],
          [
            [
              -76.21865,
              40.02371
            ],
            [
              -76.219285,
              40.023765
            ],
            [
              -76.219623,
              40.023661
            ],
            [
              -76.219813,
              40.024047
            ],
            [
              -76.219343,
              40.024194
            ],
            [
              -76.217549,
              40.024021
            ],
            [
              -76.217389,
              40.024119
            ],
            [
              -76.217348,
              40.024183
            ],
            [
              -76.21724,
              40.024858
            ],
            [
              -76.214698,
              40.025479
            ],
            [
              -76.21427,
              40.025483
            ],
            [
              -76.214134,
              40.025621
            ],
            [
              -76.214024,
              40.025861
            ],
            [
              -76.213104,
              40.025874
            ],
            [
              -76.212944,
              40.025753
            ],
            [
              -76.212879,
              40.02564
            ],
            [
              -76.212905,
              40.025236
            ],
            [
              -76.212544,
              40.025046
            ],
            [
              -76.212452,
              40.024863
            ]
          ]
        ]
      }
    },
    {
      "type": "Feature",
      "id": "replacement-d4-stonewall",
      "properties": {
        "feature_kind": "replacement_drive_variant",
        "route_id": "route-08",
        "day": 4,
        "replacement_place_id": "stonewall-headquarters",
        "replaces_place_ids": [
          "shenandoah-valley-museum"
        ],
        "baseline_total_miles": 155.3,
        "baseline_total_minutes": 193,
        "delta_minutes": -6,
        "cap_status": "passes-baseline-cap",
        "map_color": "#16A34A"
      },
      "geometry": {
        "type": "MultiLineString",
        "coordinates": [
          [
            [
              -76.212452,
              40.024863
            ],
            [
              -76.239464,
              40.032198
            ],
            [
              -76.251015,
              40.047843
            ],
            [
              -76.288649,
              40.067474
            ],
            [
              -76.370759,
              40.084529
            ],
            [
              -76.48138,
              40.130088
            ],
            [
              -76.539999,
              40.132971
            ],
            [
              -76.61466,
              40.188338
            ],
            [
              -76.688602,
              40.195303
            ],
            [
              -76.717009,
              40.224103
            ],
            [
              -76.780862,
              40.22306
            ],
            [
              -76.816421,
              40.197504
            ],
            [
              -76.875527,
              40.212224
            ],
            [
              -76.923784,
              40.195895
            ],
            [
              -76.972047,
              40.195504
            ],
            [
              -77.022911,
              40.196627
            ],
            [
              -77.155036,
              40.22972
            ],
            [
              -77.206842,
              40.187981
            ],
            [
              -77.243276,
              40.183272
            ],
            [
              -77.476182,
              40.063803
            ],
            [
              -77.498042,
              40.036647
            ],
            [
              -77.565788,
              39.98635
            ],
            [
              -77.584194,
              39.952514
            ],
            [
              -77.611822,
              39.948565
            ],
            [
              -77.631998,
              39.933914
            ],
            [
              -77.668706,
              39.893087
            ],
            [
              -77.69885,
              39.829122
            ],
            [
              -77.728962,
              39.752736
            ],
            [
              -77.726921,
              39.727083
            ],
            [
              -77.742848,
              39.710436
            ],
            [
              -77.733376,
              39.688351
            ],
            [
              -77.738119,
              39.666044
            ],
            [
              -77.813868,
              39.589242
            ],
            [
              -77.879905,
              39.578653
            ],
            [
              -77.936386,
              39.509521
            ],
            [
              -77.973896,
              39.488509
            ],
            [
              -77.989985,
              39.468581
            ],
            [
              -77.99012,
              39.438328
            ],
            [
              -78.025529,
              39.405117
            ],
            [
              -78.101989,
              39.255468
            ],
            [
              -78.13453,
              39.231093
            ],
            [
              -78.165868,
              39.189621
            ]
          ],
          [
            [
              -78.165868,
              39.189621
            ],
            [
              -78.165921,
              39.189735
            ],
            [
              -78.165493,
              39.190878
            ],
            [
              -78.164733,
              39.190704
            ],
            [
              -78.166765,
              39.185412
            ],
            [
              -78.167636,
              39.185614
            ]
          ]
        ]
      }
    },
    {
      "type": "Feature",
      "id": "replacement-d5-woodrow",
      "properties": {
        "feature_kind": "replacement_drive_variant",
        "route_id": "route-08",
        "day": 5,
        "replacement_place_id": "woodrow-wilson",
        "replaces_place_ids": [
          "natural-bridge"
        ],
        "baseline_total_miles": 181.4,
        "baseline_total_minutes": 209,
        "delta_minutes": 3,
        "cap_status": "passes-baseline-cap",
        "map_color": "#16A34A"
      },
      "geometry": {
        "type": "MultiLineString",
        "coordinates": [
          [
            [
              -78.167636,
              39.185614
            ],
            [
              -78.159357,
              39.163019
            ],
            [
              -78.171309,
              39.143073
            ],
            [
              -78.212497,
              39.08477
            ],
            [
              -78.269481,
              39.028405
            ],
            [
              -78.30797,
              39.00589
            ],
            [
              -78.356324,
              39.015178
            ],
            [
              -78.413576,
              38.988611
            ],
            [
              -78.48319,
              38.928242
            ],
            [
              -78.538814,
              38.855277
            ],
            [
              -78.600857,
              38.807913
            ],
            [
              -78.61849,
              38.77631
            ],
            [
              -78.650235,
              38.748196
            ],
            [
              -78.660903,
              38.71846
            ],
            [
              -78.656508,
              38.688627
            ],
            [
              -78.681706,
              38.640189
            ],
            [
              -78.824592,
              38.461873
            ],
            [
              -78.909078,
              38.4001
            ],
            [
              -78.933698,
              38.345256
            ],
            [
              -78.938545,
              38.268083
            ],
            [
              -78.990122,
              38.216623
            ],
            [
              -79.00355,
              38.173843
            ],
            [
              -79.011812,
              38.168009
            ],
            [
              -79.032034,
              38.181068
            ],
            [
              -79.051515,
              38.155713
            ],
            [
              -79.068581,
              38.15042
            ]
          ],
          [
            [
              -79.068581,
              38.15042
            ],
            [
              -79.062979,
              38.107818
            ],
            [
              -79.08248,
              38.080798
            ],
            [
              -79.169245,
              38.006809
            ],
            [
              -79.221345,
              37.93929
            ],
            [
              -79.278866,
              37.889913
            ],
            [
              -79.362667,
              37.849834
            ],
            [
              -79.43638,
              37.723983
            ],
            [
              -79.510038,
              37.668146
            ],
            [
              -79.552917,
              37.650076
            ],
            [
              -79.592391,
              37.613532
            ],
            [
              -79.614507,
              37.609339
            ],
            [
              -79.669526,
              37.544326
            ],
            [
              -79.861424,
              37.445686
            ],
            [
              -79.915673,
              37.37221
            ],
            [
              -79.970601,
              37.360049
            ],
            [
              -79.996949,
              37.342233
            ],
            [
              -79.970657,
              37.305597
            ],
            [
              -79.9401,
              37.288971
            ],
            [
              -79.946848,
              37.272806
            ]
          ]
        ]
      }
    },
    {
      "type": "Feature",
      "id": "replacement-d6-virginia-transport",
      "properties": {
        "feature_kind": "replacement_drive_variant",
        "route_id": "route-08",
        "day": 6,
        "replacement_place_id": "virginia-transportation",
        "replaces_place_ids": [
          "duke-lemur-bts"
        ],
        "baseline_total_miles": 140.6,
        "baseline_total_minutes": 190,
        "delta_minutes": -11,
        "cap_status": "passes-baseline-cap",
        "map_color": "#16A34A"
      },
      "geometry": {
        "type": "MultiLineString",
        "coordinates": [
          [
            [
              -79.946848,
              37.272806
            ],
            [
              -79.946848,
              37.272806
            ]
          ],
          [
            [
              -79.946848,
              37.272806
            ],
            [
              -79.946988,
              37.258769
            ],
            [
              -79.975917,
              37.234913
            ],
            [
              -79.935268,
              37.179872
            ],
            [
              -79.972815,
              37.134046
            ],
            [
              -79.93585,
              37.090072
            ],
            [
              -79.885519,
              37.063609
            ],
            [
              -79.87517,
              37.040308
            ],
            [
              -79.882249,
              37.020828
            ],
            [
              -79.86945,
              36.997157
            ],
            [
              -79.881841,
              36.949113
            ],
            [
              -79.864797,
              36.914473
            ],
            [
              -79.876841,
              36.853257
            ],
            [
              -79.917283,
              36.841297
            ],
            [
              -79.938751,
              36.809699
            ],
            [
              -79.937946,
              36.727046
            ],
            [
              -79.95582,
              36.718614
            ],
            [
              -79.957269,
              36.705587
            ],
            [
              -79.918733,
              36.650352
            ],
            [
              -79.860371,
              36.621799
            ],
            [
              -79.86317,
              36.579
            ],
            [
              -79.802632,
              36.534879
            ],
            [
              -79.752982,
              36.523268
            ],
            [
              -79.738275,
              36.476362
            ],
            [
              -79.660005,
              36.378755
            ],
            [
              -79.6287,
              36.360402
            ],
            [
              -79.643915,
              36.327625
            ],
            [
              -79.613563,
              36.291495
            ],
            [
              -79.598145,
              36.283031
            ],
            [
              -79.54282,
              36.283955
            ],
            [
              -79.521456,
              36.268399
            ],
            [
              -79.511296,
              36.165979
            ],
            [
              -79.477615,
              36.113182
            ],
            [
              -79.383215,
              36.062819
            ],
            [
              -79.22494,
              36.079219
            ],
            [
              -79.161434,
              36.072975
            ],
            [
              -79.129557,
              36.059175
            ],
            [
              -79.082238,
              36.058859
            ],
            [
              -79.024422,
              36.03916
            ],
            [
              -78.973104,
              36.036451
            ],
            [
              -78.952585,
              36.01564
            ],
            [
              -78.954142,
              36.004524
            ],
            [
              -78.940881,
              36.001632
            ]
          ],
          [
            [
              -78.940881,
              36.001632
            ],
            [
              -78.942122,
              36.002596
            ],
            [
              -78.944166,
              36.000081
            ],
            [
              -78.942055,
              35.999381
            ],
            [
              -78.939722,
              35.998209
            ],
            [
              -78.939064,
              35.997734
            ],
            [
              -78.937017,
              35.997187
            ],
            [
              -78.935617,
              35.99632
            ],
            [
              -78.934395,
              35.99699
            ],
            [
              -78.931551,
              35.998079
            ],
            [
              -78.930204,
              35.9984
            ],
            [
              -78.927011,
              35.997928
            ],
            [
              -78.923539,
              35.997013
            ],
            [
              -78.921671,
              35.996716
            ],
            [
              -78.917872,
              35.996694
            ],
            [
              -78.910273,
              35.996976
            ],
            [
              -78.91032,
              35.995477
            ],
            [
              -78.908796,
              35.995494
            ],
            [
              -78.908802,
              35.996743
            ]
          ]
        ]
      }
    },
    {
      "type": "Feature",
      "id": "replacement-d7-keystone",
      "properties": {
        "feature_kind": "replacement_drive_variant",
        "route_id": "route-08",
        "day": 7,
        "replacement_place_id": "keystone-tractor",
        "replaces_place_ids": [
          "petersburg-battlefield"
        ],
        "baseline_total_miles": 152.5,
        "baseline_total_minutes": 176,
        "delta_minutes": -1,
        "cap_status": "passes-baseline-cap",
        "map_color": "#16A34A"
      },
      "geometry": {
        "type": "MultiLineString",
        "coordinates": [
          [
            [
              -78.908802,
              35.996743
            ],
            [
              -78.905007,
              36.019058
            ],
            [
              -78.869653,
              36.013903
            ],
            [
              -78.768502,
              36.0782
            ],
            [
              -78.742536,
              36.126258
            ],
            [
              -78.676282,
              36.208122
            ],
            [
              -78.580745,
              36.295282
            ],
            [
              -78.526354,
              36.320488
            ],
            [
              -78.4623,
              36.320953
            ],
            [
              -78.39733,
              36.345032
            ],
            [
              -78.360838,
              36.370389
            ],
            [
              -78.23725,
              36.478173
            ],
            [
              -78.185097,
              36.542557
            ],
            [
              -78.17577,
              36.573335
            ],
            [
              -78.143053,
              36.617315
            ],
            [
              -78.130037,
              36.672704
            ],
            [
              -78.089849,
              36.75575
            ],
            [
              -78.020265,
              36.778946
            ],
            [
              -77.91185,
              36.846771
            ],
            [
              -77.865367,
              36.850872
            ],
            [
              -77.834579,
              36.866099
            ],
            [
              -77.73155,
              36.940135
            ],
            [
              -77.689647,
              36.991552
            ],
            [
              -77.561456,
              37.081649
            ],
            [
              -77.523635,
              37.122315
            ],
            [
              -77.484936,
              37.192993
            ],
            [
              -77.418323,
              37.199202
            ],
            [
              -77.390864,
              37.218013
            ],
            [
              -77.393716,
              37.24865
            ]
          ],
          [
            [
              -77.393716,
              37.24865
            ],
            [
              -77.398185,
              37.252665
            ],
            [
              -77.395909,
              37.257715
            ],
            [
              -77.398836,
              37.260726
            ],
            [
              -77.388516,
              37.283732
            ],
            [
              -77.39133,
              37.30067
            ],
            [
              -77.400397,
              37.316562
            ],
            [
              -77.399706,
              37.329376
            ],
            [
              -77.40553,
              37.34177
            ],
            [
              -77.403672,
              37.368415
            ],
            [
              -77.40777,
              37.376839
            ],
            [
              -77.422346,
              37.391665
            ],
            [
              -77.431632,
              37.433153
            ],
            [
              -77.422978,
              37.447664
            ],
            [
              -77.43249,
              37.49021
            ],
            [
              -77.424734,
              37.513084
            ],
            [
              -77.429261,
              37.531794
            ],
            [
              -77.448961,
              37.543058
            ],
            [
              -77.448686,
              37.546987
            ],
            [
              -77.446781,
              37.545436
            ]
          ]
        ]
      }
    },
    {
      "type": "Feature",
      "id": "replacement-d8-vmfa",
      "properties": {
        "feature_kind": "replacement_drive_variant",
        "route_id": "route-08",
        "day": 8,
        "replacement_place_id": "virginia-fine-arts",
        "replaces_place_ids": [
          "poe-museum"
        ],
        "baseline_total_miles": 140.1,
        "baseline_total_minutes": 178,
        "delta_minutes": -7,
        "cap_status": "passes-baseline-cap",
        "map_color": "#16A34A"
      },
      "geometry": {
        "type": "MultiLineString",
        "coordinates": [
          [
            [
              -77.446781,
              37.545436
            ],
            [
              -77.446543,
              37.545695
            ],
            [
              -77.445336,
              37.544974
            ],
            [
              -77.447412,
              37.542777
            ],
            [
              -77.447894,
              37.543077
            ],
            [
              -77.448877,
              37.542646
            ],
            [
              -77.45518,
              37.543008
            ],
            [
              -77.457014,
              37.543414
            ],
            [
              -77.468822,
              37.547642
            ],
            [
              -77.474811,
              37.548121
            ],
            [
              -77.478542,
              37.549277
            ],
            [
              -77.481125,
              37.550268
            ],
            [
              -77.483287,
              37.55181
            ],
            [
              -77.488367,
              37.553647
            ],
            [
              -77.489536,
              37.554557
            ],
            [
              -77.489862,
              37.55622
            ],
            [
              -77.488928,
              37.55906
            ],
            [
              -77.487355,
              37.560709
            ],
            [
              -77.486415,
              37.560557
            ],
            [
              -77.486991,
              37.559493
            ],
            [
              -77.492431,
              37.562091
            ],
            [
              -77.492858,
              37.561516
            ],
            [
              -77.493274,
              37.561708
            ]
          ],
          [
            [
              -77.493274,
              37.561708
            ],
            [
              -77.493676,
              37.561894
            ],
            [
              -77.493794,
              37.561733
            ],
            [
              -77.493984,
              37.561821
            ],
            [
              -77.49385,
              37.562002
            ],
            [
              -77.494444,
              37.562277
            ],
            [
              -77.494059,
              37.56279
            ],
            [
              -77.487128,
              37.559468
            ],
            [
              -77.474319,
              37.554913
            ],
            [
              -77.473704,
              37.556052
            ],
            [
              -77.474223,
              37.556559
            ],
            [
              -77.474557,
              37.556675
            ]
          ],
          [
            [
              -77.474557,
              37.556675
            ],
            [
              -77.44379,
              37.618587
            ],
            [
              -77.458503,
              37.917283
            ],
            [
              -77.49183,
              37.97177
            ],
            [
              -77.517116,
              38.090635
            ],
            [
              -77.497658,
              38.333974
            ],
            [
              -77.435112,
              38.397625
            ],
            [
              -77.275563,
              38.663032
            ],
            [
              -77.230255,
              38.680745
            ],
            [
              -77.158774,
              38.805535
            ],
            [
              -77.028683,
              38.881808
            ],
            [
              -76.969135,
              38.876321
            ],
            [
              -76.880131,
              38.943496
            ],
            [
              -76.763744,
              38.945707
            ],
            [
              -76.546942,
              38.982414
            ]
          ]
        ]
      }
    },
    {
      "type": "Feature",
      "id": "replacement-d9-brandywine",
      "properties": {
        "feature_kind": "replacement_drive_variant",
        "route_id": "route-08",
        "day": 9,
        "replacement_place_id": "brandywine-art",
        "replaces_place_ids": [
          "hagley"
        ],
        "baseline_total_miles": 152.9,
        "baseline_total_minutes": 204,
        "delta_minutes": 9,
        "cap_status": "passes-baseline-cap",
        "map_color": "#16A34A"
      },
      "geometry": {
        "type": "MultiLineString",
        "coordinates": [
          [
            [
              -76.546942,
              38.982414
            ],
            [
              -76.575354,
              38.985561
            ],
            [
              -76.611496,
              39.010248
            ],
            [
              -76.613619,
              39.04031
            ],
            [
              -76.640533,
              39.064253
            ],
            [
              -76.624645,
              39.086801
            ],
            [
              -76.64545,
              39.15669
            ],
            [
              -76.623396,
              39.229733
            ],
            [
              -76.613401,
              39.239506
            ],
            [
              -76.578977,
              39.242659
            ],
            [
              -76.512484,
              39.34285
            ],
            [
              -76.456599,
              39.372205
            ],
            [
              -76.371735,
              39.440113
            ],
            [
              -76.340911,
              39.4427
            ],
            [
              -76.244223,
              39.486992
            ],
            [
              -76.132189,
              39.574895
            ],
            [
              -76.076434,
              39.586444
            ],
            [
              -75.925883,
              39.645241
            ],
            [
              -75.783965,
              39.639082
            ],
            [
              -75.704124,
              39.654483
            ],
            [
              -75.659685,
              39.682556
            ],
            [
              -75.599244,
              39.698794
            ],
            [
              -75.621276,
              39.734003
            ],
            [
              -75.587318,
              39.773003
            ],
            [
              -75.586227,
              39.813521
            ],
            [
              -75.600354,
              39.82809
            ],
            [
              -75.592668,
              39.870129
            ]
          ],
          [
            [
              -75.592668,
              39.870129
            ],
            [
              -75.585621,
              39.873148
            ],
            [
              -75.557503,
              39.876033
            ],
            [
              -75.517343,
              39.889129
            ],
            [
              -75.509588,
              39.889336
            ],
            [
              -75.49381,
              39.896697
            ],
            [
              -75.479168,
              39.896224
            ],
            [
              -75.462991,
              39.899932
            ],
            [
              -75.443106,
              39.911169
            ],
            [
              -75.418444,
              39.915309
            ],
            [
              -75.411662,
              39.923881
            ],
            [
              -75.394165,
              39.935351
            ],
            [
              -75.362698,
              39.936844
            ],
            [
              -75.360976,
              39.939593
            ],
            [
              -75.347196,
              39.94626
            ],
            [
              -75.335579,
              39.955766
            ],
            [
              -75.333999,
              39.964147
            ],
            [
              -75.341174,
              39.975123
            ],
            [
              -75.338514,
              39.984248
            ],
            [
              -75.354075,
              40.006677
            ],
            [
              -75.363084,
              40.026112
            ],
            [
              -75.362758,
              40.030807
            ],
            [
              -75.352694,
              40.038901
            ],
            [
              -75.345389,
              40.05051
            ],
            [
              -75.323236,
              40.061448
            ],
            [
              -75.321587,
              40.07518
            ],
            [
              -75.31144,
              40.082738
            ],
            [
              -75.304451,
              40.094309
            ],
            [
              -75.291564,
              40.100337
            ],
            [
              -75.288061,
              40.106599
            ],
            [
              -75.272753,
              40.113618
            ],
            [
              -75.253271,
              40.119718
            ],
            [
              -75.175494,
              40.136692
            ],
            [
              -75.123796,
              40.16106
            ],
            [
              -75.104252,
              40.163252
            ],
            [
              -75.052864,
              40.163294
            ],
            [
              -75.006611,
              40.14457
            ],
            [
              -74.988883,
              40.135297
            ],
            [
              -74.964097,
              40.130183
            ],
            [
              -74.962113,
              40.12143
            ],
            [
              -74.953567,
              40.110965
            ],
            [
              -74.959879,
              40.104929
            ]
          ]
        ]
      }
    },
    {
      "type": "Feature",
      "id": "replacement-d10-paterson",
      "properties": {
        "feature_kind": "replacement_drive_variant",
        "route_id": "route-08",
        "day": 10,
        "replacement_place_id": "paterson-museum",
        "replaces_place_ids": [
          "met-cloisters"
        ],
        "baseline_total_miles": 151.1,
        "baseline_total_minutes": 202,
        "delta_minutes": 11,
        "cap_status": "passes-baseline-cap",
        "map_color": "#16A34A"
      },
      "geometry": {
        "type": "MultiLineString",
        "coordinates": [
          [
            [
              -74.959879,
              40.104929
            ],
            [
              -74.953567,
              40.110965
            ],
            [
              -74.963,
              40.129833
            ],
            [
              -74.892465,
              40.129057
            ],
            [
              -74.776359,
              40.096074
            ],
            [
              -74.729802,
              40.097837
            ],
            [
              -74.646773,
              40.166638
            ],
            [
              -74.519807,
              40.247384
            ],
            [
              -74.447693,
              40.413245
            ],
            [
              -74.402122,
              40.481985
            ],
            [
              -74.36198,
              40.517388
            ],
            [
              -74.296203,
              40.541375
            ],
            [
              -74.30792,
              40.540682
            ],
            [
              -74.330401,
              40.581734
            ],
            [
              -74.288802,
              40.642016
            ],
            [
              -74.27696,
              40.682291
            ],
            [
              -74.22228,
              40.730846
            ],
            [
              -74.180167,
              40.811197
            ],
            [
              -74.165771,
              40.880662
            ],
            [
              -74.179152,
              40.913436
            ]
          ],
          [
            [
              -74.179152,
              40.913436
            ],
            [
              -74.172314,
              40.906453
            ],
            [
              -74.146901,
              40.900526
            ],
            [
              -74.113478,
              40.904175
            ],
            [
              -74.084954,
              40.901267
            ],
            [
              -74.053009,
              40.867723
            ],
            [
              -74.01147,
              40.864212
            ],
            [
              -74.001044,
              40.867455
            ],
            [
              -73.96828,
              40.854633
            ],
            [
              -73.925711,
              40.844792
            ],
            [
              -73.892311,
              40.843318
            ],
            [
              -73.845171,
              40.828143
            ],
            [
              -73.835789,
              40.829094
            ],
            [
              -73.824712,
              40.835624
            ],
            [
              -73.827282,
              40.86061
            ],
            [
              -73.814788,
              40.886072
            ],
            [
              -73.802584,
              40.887437
            ],
            [
              -73.791013,
              40.906411
            ],
            [
              -73.751579,
              40.941004
            ],
            [
              -73.740173,
              40.96003
            ],
            [
              -73.728984,
              40.965197
            ],
            [
              -73.722626,
              40.974086
            ],
            [
              -73.703204,
              40.974966
            ],
            [
              -73.682306,
              40.986753
            ],
            [
              -73.666778,
              40.988116
            ],
            [
              -73.635097,
              41.017752
            ],
            [
              -73.603666,
              41.027298
            ],
            [
              -73.594138,
              41.035668
            ],
            [
              -73.568916,
              41.04436
            ],
            [
              -73.539983,
              41.048147
            ],
            [
              -73.514473,
              41.056831
            ],
            [
              -73.502911,
              41.067527
            ],
            [
              -73.467813,
              41.074478
            ],
            [
              -73.457098,
              41.087917
            ],
            [
              -73.428502,
              41.104618
            ],
            [
              -73.406059,
              41.108531
            ],
            [
              -73.377075,
              41.120131
            ],
            [
              -73.34052,
              41.123371
            ],
            [
              -73.323173,
              41.120477
            ],
            [
              -73.303152,
              41.126717
            ],
            [
              -73.284436,
              41.141029
            ],
            [
              -73.249844,
              41.149511
            ],
            [
              -73.228147,
              41.174351
            ],
            [
              -73.199934,
              41.189088
            ],
            [
              -73.195262,
              41.186183
            ]
          ]
        ]
      }
    },
    {
      "type": "Feature",
      "id": "new-britain-art",
      "properties": {
        "feature_kind": "place",
        "route_id": "route-08",
        "place_id": "new-britain-art",
        "name": "New Britain Museum of American Art",
        "city": "New Britain",
        "state": "CT",
        "visit_date": "2026-10-04",
        "priority": "anchor",
        "included_in_magic_score": true
      },
      "geometry": {
        "type": "Point",
        "coordinates": [
          -72.7916536,
          41.6642765
        ]
      }
    },
    {
      "type": "Feature",
      "id": "wadsworth-atheneum",
      "properties": {
        "feature_kind": "place",
        "route_id": "route-08",
        "place_id": "wadsworth-atheneum",
        "name": "Wadsworth Atheneum Museum of Art",
        "city": "Hartford",
        "state": "CT",
        "visit_date": "2026-10-04",
        "priority": "replacement",
        "included_in_magic_score": false
      },
      "geometry": {
        "type": "Point",
        "coordinates": [
          -72.6741,
          41.7638
        ]
      }
    },
    {
      "type": "Feature",
      "id": "dia-beacon",
      "properties": {
        "feature_kind": "place",
        "route_id": "route-08",
        "place_id": "dia-beacon",
        "name": "Dia Beacon",
        "city": "Beacon",
        "state": "NY",
        "visit_date": "2026-10-05",
        "priority": "anchor",
        "included_in_magic_score": true
      },
      "geometry": {
        "type": "Point",
        "coordinates": [
          -73.9826016,
          41.5001712
        ]
      }
    },
    {
      "type": "Feature",
      "id": "bear-mountain-perkins",
      "properties": {
        "feature_kind": "place",
        "route_id": "route-08",
        "place_id": "bear-mountain-perkins",
        "name": "Perkins Memorial Tower at Bear Mountain",
        "city": "Bear Mountain",
        "state": "NY",
        "visit_date": "2026-10-05",
        "priority": "replacement",
        "included_in_magic_score": false
      },
      "geometry": {
        "type": "Point",
        "coordinates": [
          -73.9857,
          41.3127
        ]
      }
    },
    {
      "type": "Feature",
      "id": "goggleworks",
      "properties": {
        "feature_kind": "place",
        "route_id": "route-08",
        "place_id": "goggleworks",
        "name": "GoggleWorks Center for the Arts",
        "city": "Reading",
        "state": "PA",
        "visit_date": "2026-10-06",
        "priority": "anchor",
        "included_in_magic_score": true
      },
      "geometry": {
        "type": "Point",
        "coordinates": [
          -75.9333189,
          40.3373521
        ]
      }
    },
    {
      "type": "Feature",
      "id": "mid-atlantic-air",
      "properties": {
        "feature_kind": "place",
        "route_id": "route-08",
        "place_id": "mid-atlantic-air",
        "name": "Mid-Atlantic Air Museum",
        "city": "Reading",
        "state": "PA",
        "visit_date": "2026-10-06",
        "priority": "replacement",
        "included_in_magic_score": false
      },
      "geometry": {
        "type": "Point",
        "coordinates": [
          -75.966611,
          40.381694
        ]
      }
    },
    {
      "type": "Feature",
      "id": "tanger-lancaster",
      "properties": {
        "feature_kind": "place",
        "route_id": "route-08",
        "place_id": "tanger-lancaster",
        "name": "Tanger Outlets Lancaster",
        "city": "Lancaster",
        "state": "PA",
        "visit_date": "2026-10-06",
        "priority": "anchor",
        "included_in_magic_score": true
      },
      "geometry": {
        "type": "Point",
        "coordinates": [
          -76.2186193,
          40.0238818
        ]
      }
    },
    {
      "type": "Feature",
      "id": "shenandoah-valley-museum",
      "properties": {
        "feature_kind": "place",
        "route_id": "route-08",
        "place_id": "shenandoah-valley-museum",
        "name": "Museum of the Shenandoah Valley",
        "city": "Winchester",
        "state": "VA",
        "visit_date": "2026-10-07",
        "priority": "anchor",
        "included_in_magic_score": true
      },
      "geometry": {
        "type": "Point",
        "coordinates": [
          -78.1798736,
          39.1854199
        ]
      }
    },
    {
      "type": "Feature",
      "id": "stonewall-headquarters",
      "properties": {
        "feature_kind": "place",
        "route_id": "route-08",
        "place_id": "stonewall-headquarters",
        "name": "Stonewall Jackson's Headquarters Museum",
        "city": "Winchester",
        "state": "VA",
        "visit_date": "2026-10-07",
        "priority": "replacement",
        "included_in_magic_score": false
      },
      "geometry": {
        "type": "Point",
        "coordinates": [
          -78.1659169,
          39.1894269
        ]
      }
    },
    {
      "type": "Feature",
      "id": "natural-bridge",
      "properties": {
        "feature_kind": "place",
        "route_id": "route-08",
        "place_id": "natural-bridge",
        "name": "Natural Bridge State Park",
        "city": "Natural Bridge",
        "state": "VA",
        "visit_date": "2026-10-08",
        "priority": "anchor",
        "included_in_magic_score": true
      },
      "geometry": {
        "type": "Point",
        "coordinates": [
          -79.5437403,
          37.6285465
        ]
      }
    },
    {
      "type": "Feature",
      "id": "woodrow-wilson",
      "properties": {
        "feature_kind": "place",
        "route_id": "route-08",
        "place_id": "woodrow-wilson",
        "name": "Woodrow Wilson Presidential Library & Birthplace",
        "city": "Staunton",
        "state": "VA",
        "visit_date": "2026-10-08",
        "priority": "replacement",
        "included_in_magic_score": false
      },
      "geometry": {
        "type": "Point",
        "coordinates": [
          -79.0686717,
          38.1504009
        ]
      }
    },
    {
      "type": "Feature",
      "id": "duke-lemur-bts",
      "properties": {
        "feature_kind": "place",
        "route_id": "route-08",
        "place_id": "duke-lemur-bts",
        "name": "Duke Lemur Center Behind the Scenes Tour",
        "city": "Durham",
        "state": "NC",
        "visit_date": "2026-10-09",
        "priority": "anchor",
        "included_in_magic_score": true
      },
      "geometry": {
        "type": "Point",
        "coordinates": [
          -78.9623365,
          35.9941971
        ]
      }
    },
    {
      "type": "Feature",
      "id": "duke-chapel-gardens",
      "properties": {
        "feature_kind": "place",
        "route_id": "route-08",
        "place_id": "duke-chapel-gardens",
        "name": "Duke Chapel & Sarah P. Duke Gardens",
        "city": "Durham",
        "state": "NC",
        "visit_date": "2026-10-09",
        "priority": "supporting",
        "included_in_magic_score": true
      },
      "geometry": {
        "type": "Point",
        "coordinates": [
          -78.9402861,
          36.0018682
        ]
      }
    },
    {
      "type": "Feature",
      "id": "virginia-transportation",
      "properties": {
        "feature_kind": "place",
        "route_id": "route-08",
        "place_id": "virginia-transportation",
        "name": "Virginia Museum of Transportation",
        "city": "Roanoke",
        "state": "VA",
        "visit_date": "2026-10-09",
        "priority": "replacement",
        "included_in_magic_score": false
      },
      "geometry": {
        "type": "Point",
        "coordinates": [
          -79.9468241,
          37.2731542
        ]
      }
    },
    {
      "type": "Feature",
      "id": "petersburg-battlefield",
      "properties": {
        "feature_kind": "place",
        "route_id": "route-08",
        "place_id": "petersburg-battlefield",
        "name": "Petersburg National Battlefield: Eastern Front",
        "city": "Petersburg",
        "state": "VA",
        "visit_date": "2026-10-10",
        "priority": "anchor",
        "included_in_magic_score": true
      },
      "geometry": {
        "type": "Point",
        "coordinates": [
          -77.383166,
          37.2187215
        ]
      }
    },
    {
      "type": "Feature",
      "id": "keystone-tractor",
      "properties": {
        "feature_kind": "place",
        "route_id": "route-08",
        "place_id": "keystone-tractor",
        "name": "Keystone Truck & Tractor Museum",
        "city": "Colonial Heights",
        "state": "VA",
        "visit_date": "2026-10-10",
        "priority": "replacement",
        "included_in_magic_score": false
      },
      "geometry": {
        "type": "Point",
        "coordinates": [
          -77.3944402,
          37.2484957
        ]
      }
    },
    {
      "type": "Feature",
      "id": "hotel-greene",
      "properties": {
        "feature_kind": "place",
        "route_id": "route-08",
        "place_id": "hotel-greene",
        "name": "Hotel Greene",
        "city": "Richmond",
        "state": "VA",
        "visit_date": "2026-10-10",
        "priority": "anchor",
        "included_in_magic_score": true
      },
      "geometry": {
        "type": "Point",
        "coordinates": [
          -77.438178,
          37.541059
        ]
      }
    },
    {
      "type": "Feature",
      "id": "richmond-orthodox",
      "properties": {
        "feature_kind": "place",
        "route_id": "route-08",
        "place_id": "richmond-orthodox",
        "name": "Saints Constantine & Helen Greek Orthodox Cathedral",
        "city": "Richmond",
        "state": "VA",
        "visit_date": "2026-10-11",
        "priority": "anchor",
        "included_in_magic_score": true
      },
      "geometry": {
        "type": "Point",
        "coordinates": [
          -77.4934947,
          37.5614073
        ]
      }
    },
    {
      "type": "Feature",
      "id": "poe-museum",
      "properties": {
        "feature_kind": "place",
        "route_id": "route-08",
        "place_id": "poe-museum",
        "name": "The Poe Museum & Enchanted Garden",
        "city": "Richmond",
        "state": "VA",
        "visit_date": "2026-10-11",
        "priority": "anchor",
        "included_in_magic_score": true
      },
      "geometry": {
        "type": "Point",
        "coordinates": [
          -77.4260748,
          37.5321579
        ]
      }
    },
    {
      "type": "Feature",
      "id": "virginia-fine-arts",
      "properties": {
        "feature_kind": "place",
        "route_id": "route-08",
        "place_id": "virginia-fine-arts",
        "name": "Virginia Museum of Fine Arts",
        "city": "Richmond",
        "state": "VA",
        "visit_date": "2026-10-11",
        "priority": "replacement",
        "included_in_magic_score": false
      },
      "geometry": {
        "type": "Point",
        "coordinates": [
          -77.4748956,
          37.5560585
        ]
      }
    },
    {
      "type": "Feature",
      "id": "hagley",
      "properties": {
        "feature_kind": "place",
        "route_id": "route-08",
        "place_id": "hagley",
        "name": "Hagley Museum & Library",
        "city": "Wilmington",
        "state": "DE",
        "visit_date": "2026-10-12",
        "priority": "anchor",
        "included_in_magic_score": true
      },
      "geometry": {
        "type": "Point",
        "coordinates": [
          -75.5778439,
          39.7749007
        ]
      }
    },
    {
      "type": "Feature",
      "id": "brandywine-art",
      "properties": {
        "feature_kind": "place",
        "route_id": "route-08",
        "place_id": "brandywine-art",
        "name": "Brandywine Museum of Art",
        "city": "Chadds Ford",
        "state": "PA",
        "visit_date": "2026-10-12",
        "priority": "replacement",
        "included_in_magic_score": false
      },
      "geometry": {
        "type": "Point",
        "coordinates": [
          -75.593038,
          39.8699798
        ]
      }
    },
    {
      "type": "Feature",
      "id": "met-cloisters",
      "properties": {
        "feature_kind": "place",
        "route_id": "route-08",
        "place_id": "met-cloisters",
        "name": "The Met Cloisters",
        "city": "New York",
        "state": "NY",
        "visit_date": "2026-10-13",
        "priority": "anchor",
        "included_in_magic_score": true
      },
      "geometry": {
        "type": "Point",
        "coordinates": [
          -73.9319228,
          40.8648684
        ]
      }
    },
    {
      "type": "Feature",
      "id": "paterson-museum",
      "properties": {
        "feature_kind": "place",
        "route_id": "route-08",
        "place_id": "paterson-museum",
        "name": "Paterson Museum in the Thomas Rogers Locomotive Works",
        "city": "Paterson",
        "state": "NJ",
        "visit_date": "2026-10-13",
        "priority": "replacement",
        "included_in_magic_score": false
      },
      "geometry": {
        "type": "Point",
        "coordinates": [
          -74.1788927,
          40.913532
        ]
      }
    },
    {
      "type": "Feature",
      "id": "gardner-museum",
      "properties": {
        "feature_kind": "place",
        "route_id": "route-08",
        "place_id": "gardner-museum",
        "name": "Isabella Stewart Gardner Museum & Theft Walk",
        "city": "Boston",
        "state": "MA",
        "visit_date": "2026-10-14",
        "priority": "anchor",
        "included_in_magic_score": true
      },
      "geometry": {
        "type": "Point",
        "coordinates": [
          -71.0991538,
          42.338245
        ]
      }
    },
    {
      "type": "Feature",
      "id": "boston-public-library",
      "properties": {
        "feature_kind": "place",
        "route_id": "route-08",
        "place_id": "boston-public-library",
        "name": "Boston Public Library McKim Building",
        "city": "Boston",
        "state": "MA",
        "visit_date": "2026-10-14",
        "priority": "replacement",
        "included_in_magic_score": false
      },
      "geometry": {
        "type": "Point",
        "coordinates": [
          -71.0786547,
          42.3493298
        ]
      }
    },
    {
      "type": "Feature",
      "id": "node-boston-logan-rental",
      "properties": {
        "feature_kind": "route_node",
        "route_id": "route-08",
        "node_id": "boston-logan-rental",
        "name": "Boston Logan Rental Car Center"
      },
      "geometry": {
        "type": "Point",
        "coordinates": [
          -71.0304,
          42.3682
        ]
      }
    },
    {
      "type": "Feature",
      "id": "node-danbury-west-lodging",
      "properties": {
        "feature_kind": "route_node",
        "route_id": "route-08",
        "node_id": "danbury-west-lodging",
        "name": "West Danbury/Ridgebury I-84 lodging zone"
      },
      "geometry": {
        "type": "Point",
        "coordinates": [
          -73.5,
          41.39
        ]
      }
    },
    {
      "type": "Feature",
      "id": "node-bethlehem-lodging",
      "properties": {
        "feature_kind": "route_node",
        "route_id": "route-08",
        "node_id": "bethlehem-lodging",
        "name": "Historic Bethlehem lodging zone"
      },
      "geometry": {
        "type": "Point",
        "coordinates": [
          -75.3824373,
          40.6201695
        ]
      }
    },
    {
      "type": "Feature",
      "id": "node-lancaster-east-lodging",
      "properties": {
        "feature_kind": "route_node",
        "route_id": "route-08",
        "node_id": "lancaster-east-lodging",
        "name": "East Lancaster lodging zone"
      },
      "geometry": {
        "type": "Point",
        "coordinates": [
          -76.2126863,
          40.0247942
        ]
      }
    },
    {
      "type": "Feature",
      "id": "node-winchester-lodging",
      "properties": {
        "feature_kind": "route_node",
        "route_id": "route-08",
        "node_id": "winchester-lodging",
        "name": "Winchester west lodging zone"
      },
      "geometry": {
        "type": "Point",
        "coordinates": [
          -78.1676,
          39.1857
        ]
      }
    },
    {
      "type": "Feature",
      "id": "node-roanoke-downtown-lodging",
      "properties": {
        "feature_kind": "route_node",
        "route_id": "route-08",
        "node_id": "roanoke-downtown-lodging",
        "name": "Downtown Roanoke lodging zone"
      },
      "geometry": {
        "type": "Point",
        "coordinates": [
          -79.9468241,
          37.2731542
        ]
      }
    },
    {
      "type": "Feature",
      "id": "node-durham-lodging",
      "properties": {
        "feature_kind": "route_node",
        "route_id": "route-08",
        "node_id": "durham-lodging",
        "name": "Downtown Durham lodging zone"
      },
      "geometry": {
        "type": "Point",
        "coordinates": [
          -78.9087291,
          35.9967428
        ]
      }
    },
    {
      "type": "Feature",
      "id": "node-richmond-lodging",
      "properties": {
        "feature_kind": "route_node",
        "route_id": "route-08",
        "node_id": "richmond-lodging",
        "name": "Richmond Monroe Ward lodging zone"
      },
      "geometry": {
        "type": "Point",
        "coordinates": [
          -77.446613,
          37.5453393
        ]
      }
    },
    {
      "type": "Feature",
      "id": "node-annapolis-lodging",
      "properties": {
        "feature_kind": "route_node",
        "route_id": "route-08",
        "node_id": "annapolis-lodging",
        "name": "Annapolis hotel corridor"
      },
      "geometry": {
        "type": "Point",
        "coordinates": [
          -76.5472304,
          38.9825918
        ]
      }
    },
    {
      "type": "Feature",
      "id": "node-bensalem-lodging",
      "properties": {
        "feature_kind": "route_node",
        "route_id": "route-08",
        "node_id": "bensalem-lodging",
        "name": "Bensalem I-95 lodging zone"
      },
      "geometry": {
        "type": "Point",
        "coordinates": [
          -74.96,
          40.105
        ]
      }
    },
    {
      "type": "Feature",
      "id": "node-bridgeport-lodging",
      "properties": {
        "feature_kind": "route_node",
        "route_id": "route-08",
        "node_id": "bridgeport-lodging",
        "name": "Bridgeport/Fairfield lodging zone"
      },
      "geometry": {
        "type": "Point",
        "coordinates": [
          -73.1952,
          41.1865
        ]
      }
    },
    {
      "type": "Feature",
      "id": "node-boston-logan-return",
      "properties": {
        "feature_kind": "route_node",
        "route_id": "route-08",
        "node_id": "boston-logan-return",
        "name": "Boston Logan Rental Car Center return"
      },
      "geometry": {
        "type": "Point",
        "coordinates": [
          -71.0304,
          42.3682
        ]
      }
    },
    {
      "type": "Feature",
      "id": "node-boston-logan-hotel",
      "properties": {
        "feature_kind": "route_node",
        "route_id": "route-08",
        "node_id": "boston-logan-hotel",
        "name": "Boston Logan hotel zone"
      },
      "geometry": {
        "type": "Point",
        "coordinates": [
          -71.0155,
          42.3655
        ]
      }
    },
    {
      "type": "Feature",
      "id": "node-new-britain-art",
      "properties": {
        "feature_kind": "route_node",
        "route_id": "route-08",
        "node_id": "new-britain-art",
        "name": "New Britain Museum of American Art, 56 Lexington Street, New Britain, Connecticut"
      },
      "geometry": {
        "type": "Point",
        "coordinates": [
          -72.7916536,
          41.6642765
        ]
      }
    },
    {
      "type": "Feature",
      "id": "node-wadsworth-atheneum",
      "properties": {
        "feature_kind": "route_node",
        "route_id": "route-08",
        "node_id": "wadsworth-atheneum",
        "name": "Wadsworth Atheneum Museum of Art, 600 Main Street, Hartford, Connecticut"
      },
      "geometry": {
        "type": "Point",
        "coordinates": [
          -72.6741,
          41.7638
        ]
      }
    },
    {
      "type": "Feature",
      "id": "node-dia-beacon",
      "properties": {
        "feature_kind": "route_node",
        "route_id": "route-08",
        "node_id": "dia-beacon",
        "name": "Dia Beacon, 3 Beekman Street, Beacon, New York"
      },
      "geometry": {
        "type": "Point",
        "coordinates": [
          -73.9826016,
          41.5001712
        ]
      }
    },
    {
      "type": "Feature",
      "id": "node-bear-mountain-perkins",
      "properties": {
        "feature_kind": "route_node",
        "route_id": "route-08",
        "node_id": "bear-mountain-perkins",
        "name": "Perkins Memorial Tower, Bear Mountain State Park, New York"
      },
      "geometry": {
        "type": "Point",
        "coordinates": [
          -73.9857,
          41.3127
        ]
      }
    },
    {
      "type": "Feature",
      "id": "node-goggleworks",
      "properties": {
        "feature_kind": "route_node",
        "route_id": "route-08",
        "node_id": "goggleworks",
        "name": "GoggleWorks Center for the Arts, 201 Washington Street, Reading, Pennsylvania"
      },
      "geometry": {
        "type": "Point",
        "coordinates": [
          -75.9333189,
          40.3373521
        ]
      }
    },
    {
      "type": "Feature",
      "id": "node-mid-atlantic-air",
      "properties": {
        "feature_kind": "route_node",
        "route_id": "route-08",
        "node_id": "mid-atlantic-air",
        "name": "Mid-Atlantic Air Museum, 110 Air Museum Drive, Reading, Pennsylvania"
      },
      "geometry": {
        "type": "Point",
        "coordinates": [
          -75.966611,
          40.381694
        ]
      }
    },
    {
      "type": "Feature",
      "id": "node-tanger-lancaster",
      "properties": {
        "feature_kind": "route_node",
        "route_id": "route-08",
        "node_id": "tanger-lancaster",
        "name": "Tanger Outlets Lancaster, 311 Stanley K Tanger Boulevard, Lancaster, Pennsylvania"
      },
      "geometry": {
        "type": "Point",
        "coordinates": [
          -76.2186193,
          40.0238818
        ]
      }
    },
    {
      "type": "Feature",
      "id": "node-shenandoah-valley-museum",
      "properties": {
        "feature_kind": "route_node",
        "route_id": "route-08",
        "node_id": "shenandoah-valley-museum",
        "name": "Museum of the Shenandoah Valley, 901 Amherst Street, Winchester, Virginia"
      },
      "geometry": {
        "type": "Point",
        "coordinates": [
          -78.1798736,
          39.1854199
        ]
      }
    },
    {
      "type": "Feature",
      "id": "node-stonewall-headquarters",
      "properties": {
        "feature_kind": "route_node",
        "route_id": "route-08",
        "node_id": "stonewall-headquarters",
        "name": "Stonewall Jackson Headquarters Museum, 415 North Braddock Street, Winchester, Virginia"
      },
      "geometry": {
        "type": "Point",
        "coordinates": [
          -78.1659169,
          39.1894269
        ]
      }
    },
    {
      "type": "Feature",
      "id": "node-natural-bridge",
      "properties": {
        "feature_kind": "route_node",
        "route_id": "route-08",
        "node_id": "natural-bridge",
        "name": "Natural Bridge State Park Visitor Center, 6477 South Lee Highway, Natural Bridge, Virginia"
      },
      "geometry": {
        "type": "Point",
        "coordinates": [
          -79.5437403,
          37.6285465
        ]
      }
    },
    {
      "type": "Feature",
      "id": "node-woodrow-wilson",
      "properties": {
        "feature_kind": "route_node",
        "route_id": "route-08",
        "node_id": "woodrow-wilson",
        "name": "Woodrow Wilson Presidential Library, 230 East Frederick Street, Staunton, Virginia"
      },
      "geometry": {
        "type": "Point",
        "coordinates": [
          -79.0686717,
          38.1504009
        ]
      }
    },
    {
      "type": "Feature",
      "id": "node-duke-lemur-bts",
      "properties": {
        "feature_kind": "route_node",
        "route_id": "route-08",
        "node_id": "duke-lemur-bts",
        "name": "Duke Lemur Center, 3705 Erwin Road, Durham, North Carolina"
      },
      "geometry": {
        "type": "Point",
        "coordinates": [
          -78.9623365,
          35.9941971
        ]
      }
    },
    {
      "type": "Feature",
      "id": "node-duke-chapel-gardens",
      "properties": {
        "feature_kind": "route_node",
        "route_id": "route-08",
        "node_id": "duke-chapel-gardens",
        "name": "Duke University Chapel, 401 Chapel Drive, Durham, North Carolina"
      },
      "geometry": {
        "type": "Point",
        "coordinates": [
          -78.9402861,
          36.0018682
        ]
      }
    },
    {
      "type": "Feature",
      "id": "node-virginia-transportation",
      "properties": {
        "feature_kind": "route_node",
        "route_id": "route-08",
        "node_id": "virginia-transportation",
        "name": "Virginia Museum of Transportation, 303 Norfolk Avenue Southwest, Roanoke, Virginia"
      },
      "geometry": {
        "type": "Point",
        "coordinates": [
          -79.9468241,
          37.2731542
        ]
      }
    },
    {
      "type": "Feature",
      "id": "node-petersburg-battlefield",
      "properties": {
        "feature_kind": "route_node",
        "route_id": "route-08",
        "node_id": "petersburg-battlefield",
        "name": "Petersburg National Battlefield Eastern Front Visitor Center, 5001 Siege Road, Petersburg, Virginia"
      },
      "geometry": {
        "type": "Point",
        "coordinates": [
          -77.383166,
          37.2187215
        ]
      }
    },
    {
      "type": "Feature",
      "id": "node-keystone-tractor",
      "properties": {
        "feature_kind": "route_node",
        "route_id": "route-08",
        "node_id": "keystone-tractor",
        "name": "Keystone Truck and Tractor Museum, 880 West Roslyn Road, Colonial Heights, Virginia"
      },
      "geometry": {
        "type": "Point",
        "coordinates": [
          -77.3944402,
          37.2484957
        ]
      }
    },
    {
      "type": "Feature",
      "id": "node-hotel-greene",
      "properties": {
        "feature_kind": "route_node",
        "route_id": "route-08",
        "node_id": "hotel-greene",
        "name": "Hotel Greene, 508 East Franklin Street, Richmond, Virginia"
      },
      "geometry": {
        "type": "Point",
        "coordinates": [
          -77.438178,
          37.541059
        ]
      }
    },
    {
      "type": "Feature",
      "id": "node-richmond-orthodox",
      "properties": {
        "feature_kind": "route_node",
        "route_id": "route-08",
        "node_id": "richmond-orthodox",
        "name": "Saints Constantine and Helen Greek Orthodox Cathedral, 30 Malvern Avenue, Richmond, Virginia"
      },
      "geometry": {
        "type": "Point",
        "coordinates": [
          -77.4934947,
          37.5614073
        ]
      }
    },
    {
      "type": "Feature",
      "id": "node-poe-museum",
      "properties": {
        "feature_kind": "route_node",
        "route_id": "route-08",
        "node_id": "poe-museum",
        "name": "Poe Museum, 1914 East Main Street, Richmond, Virginia"
      },
      "geometry": {
        "type": "Point",
        "coordinates": [
          -77.4260748,
          37.5321579
        ]
      }
    },
    {
      "type": "Feature",
      "id": "node-virginia-fine-arts",
      "properties": {
        "feature_kind": "route_node",
        "route_id": "route-08",
        "node_id": "virginia-fine-arts",
        "name": "Virginia Museum of Fine Arts, 200 North Arthur Ashe Boulevard, Richmond, Virginia"
      },
      "geometry": {
        "type": "Point",
        "coordinates": [
          -77.4748956,
          37.5560585
        ]
      }
    },
    {
      "type": "Feature",
      "id": "node-hagley",
      "properties": {
        "feature_kind": "route_node",
        "route_id": "route-08",
        "node_id": "hagley",
        "name": "Hagley Museum, 200 Hagley Creek Road, Wilmington, Delaware"
      },
      "geometry": {
        "type": "Point",
        "coordinates": [
          -75.5778439,
          39.7749007
        ]
      }
    },
    {
      "type": "Feature",
      "id": "node-brandywine-art",
      "properties": {
        "feature_kind": "route_node",
        "route_id": "route-08",
        "node_id": "brandywine-art",
        "name": "Brandywine Museum of Art, 1 Hoffmans Mill Road, Chadds Ford, Pennsylvania"
      },
      "geometry": {
        "type": "Point",
        "coordinates": [
          -75.593038,
          39.8699798
        ]
      }
    },
    {
      "type": "Feature",
      "id": "node-met-cloisters",
      "properties": {
        "feature_kind": "route_node",
        "route_id": "route-08",
        "node_id": "met-cloisters",
        "name": "The Met Cloisters, 99 Margaret Corbin Drive, New York, New York"
      },
      "geometry": {
        "type": "Point",
        "coordinates": [
          -73.9319228,
          40.8648684
        ]
      }
    },
    {
      "type": "Feature",
      "id": "node-paterson-museum",
      "properties": {
        "feature_kind": "route_node",
        "route_id": "route-08",
        "node_id": "paterson-museum",
        "name": "Paterson Museum, 2 Market Street, Paterson, New Jersey"
      },
      "geometry": {
        "type": "Point",
        "coordinates": [
          -74.1788927,
          40.913532
        ]
      }
    },
    {
      "type": "Feature",
      "id": "node-gardner-museum",
      "properties": {
        "feature_kind": "route_node",
        "route_id": "route-08",
        "node_id": "gardner-museum",
        "name": "Isabella Stewart Gardner Museum, 25 Evans Way, Boston, Massachusetts"
      },
      "geometry": {
        "type": "Point",
        "coordinates": [
          -71.0991538,
          42.338245
        ]
      }
    },
    {
      "type": "Feature",
      "id": "node-boston-public-library",
      "properties": {
        "feature_kind": "route_node",
        "route_id": "route-08",
        "node_id": "boston-public-library",
        "name": "Boston Public Library Central, 700 Boylston Street, Boston, Massachusetts"
      },
      "geometry": {
        "type": "Point",
        "coordinates": [
          -71.0786547,
          42.3493298
        ]
      }
    }
  ]
}
