{
  "type": "FeatureCollection",
  "name": "route-03-wild-shore-rockets-folklore-loop",
  "features": [
    {
      "type": "Feature",
      "id": "d1-boston-logan-rental-to-florence-griswold",
      "properties": {
        "feature_kind": "drive_leg",
        "mode": "driving",
        "route_id": "route-03",
        "day": 1,
        "date": "2026-10-04",
        "from": "boston-logan-rental",
        "to": "florence-griswold",
        "distance_miles": 123.3,
        "baseline_minutes": 147,
        "display_duration_minutes": 147,
        "counts_toward_drive_cap": true,
        "traffic_risk": "high",
        "map_color": "#00A8A8"
      },
      "geometry": {
        "coordinates": [
          [
            -71.029421,
            42.367769
          ],
          [
            -71.037429,
            42.346811
          ],
          [
            -71.177949,
            42.35787
          ],
          [
            -71.315031,
            42.33461
          ],
          [
            -71.367974,
            42.311463
          ],
          [
            -71.411453,
            42.315663
          ],
          [
            -71.557712,
            42.269721
          ],
          [
            -71.618632,
            42.229395
          ],
          [
            -71.752101,
            42.221818
          ],
          [
            -71.852157,
            42.194352
          ],
          [
            -71.844271,
            42.169907
          ],
          [
            -71.857429,
            42.150169
          ],
          [
            -71.855327,
            42.110991
          ],
          [
            -71.866693,
            42.082704
          ],
          [
            -71.853413,
            41.986055
          ],
          [
            -71.880361,
            41.953774
          ],
          [
            -71.878662,
            41.935657
          ],
          [
            -71.899233,
            41.899844
          ],
          [
            -71.870193,
            41.818954
          ],
          [
            -71.872165,
            41.7661
          ],
          [
            -71.910521,
            41.670001
          ],
          [
            -71.93419,
            41.646272
          ],
          [
            -71.948439,
            41.607899
          ],
          [
            -71.971722,
            41.592705
          ],
          [
            -72.063693,
            41.583584
          ],
          [
            -72.102672,
            41.559075
          ],
          [
            -72.119603,
            41.519011
          ],
          [
            -72.117741,
            41.440188
          ],
          [
            -72.149185,
            41.40433
          ],
          [
            -72.179359,
            41.389442
          ],
          [
            -72.249554,
            41.325737
          ],
          [
            -72.288003,
            41.316189
          ],
          [
            -72.326845,
            41.325495
          ]
        ],
        "type": "LineString"
      }
    },
    {
      "type": "Feature",
      "id": "d1-florence-griswold-to-new-london-terminal",
      "properties": {
        "feature_kind": "drive_leg",
        "mode": "driving",
        "route_id": "route-03",
        "day": 1,
        "date": "2026-10-04",
        "from": "florence-griswold",
        "to": "new-london-terminal",
        "distance_miles": 14.6,
        "baseline_minutes": 21,
        "display_duration_minutes": 21,
        "counts_toward_drive_cap": true,
        "traffic_risk": "high",
        "map_color": "#00A8A8"
      },
      "geometry": {
        "coordinates": [
          [
            -72.326845,
            41.325495
          ],
          [
            -72.327254,
            41.323258
          ],
          [
            -72.288531,
            41.316066
          ],
          [
            -72.250161,
            41.325354
          ],
          [
            -72.246298,
            41.328006
          ],
          [
            -72.240842,
            41.336845
          ],
          [
            -72.229464,
            41.344229
          ],
          [
            -72.212224,
            41.358439
          ],
          [
            -72.201658,
            41.36999
          ],
          [
            -72.197111,
            41.373286
          ],
          [
            -72.192615,
            41.374744
          ],
          [
            -72.18789,
            41.374528
          ],
          [
            -72.16274,
            41.367821
          ],
          [
            -72.15184,
            41.367902
          ],
          [
            -72.132074,
            41.370079
          ],
          [
            -72.11132,
            41.361866
          ],
          [
            -72.099919,
            41.355766
          ],
          [
            -72.095976,
            41.356532
          ],
          [
            -72.094474,
            41.355444
          ]
        ],
        "type": "LineString"
      }
    },
    {
      "type": "Feature",
      "id": "d1-new-london-terminal-to-orient-terminal",
      "properties": {
        "feature_kind": "drive_leg",
        "mode": "ferry",
        "route_id": "route-03",
        "day": 1,
        "date": "2026-10-04",
        "from": "new-london-terminal",
        "to": "orient-terminal",
        "distance_miles": 18.5,
        "baseline_minutes": 0,
        "display_duration_minutes": 80,
        "counts_toward_drive_cap": false,
        "traffic_risk": "schedule-and-weather",
        "map_color": "#00A8A8"
      },
      "geometry": {
        "type": "LineString",
        "coordinates": [
          [
            -72.0946,
            41.3554
          ],
          [
            -72.2418,
            41.1536
          ]
        ]
      }
    },
    {
      "type": "Feature",
      "id": "d1-orient-terminal-to-greenport-lodging",
      "properties": {
        "feature_kind": "drive_leg",
        "mode": "driving",
        "route_id": "route-03",
        "day": 1,
        "date": "2026-10-04",
        "from": "orient-terminal",
        "to": "greenport-lodging",
        "distance_miles": 8.8,
        "baseline_minutes": 18,
        "display_duration_minutes": 18,
        "counts_toward_drive_cap": true,
        "traffic_risk": "high",
        "map_color": "#00A8A8"
      },
      "geometry": {
        "coordinates": [
          [
            -72.242065,
            41.154569
          ],
          [
            -72.242505,
            41.155231
          ],
          [
            -72.244008,
            41.154345
          ],
          [
            -72.244368,
            41.154907
          ],
          [
            -72.248869,
            41.154013
          ],
          [
            -72.255652,
            41.149866
          ],
          [
            -72.261822,
            41.14796
          ],
          [
            -72.264329,
            41.148331
          ],
          [
            -72.2681,
            41.150427
          ],
          [
            -72.276322,
            41.151816
          ],
          [
            -72.280725,
            41.151966
          ],
          [
            -72.28874,
            41.14913
          ],
          [
            -72.300446,
            41.143108
          ],
          [
            -72.303584,
            41.142748
          ],
          [
            -72.309159,
            41.143791
          ],
          [
            -72.315987,
            41.142606
          ],
          [
            -72.317872,
            41.14116
          ],
          [
            -72.320277,
            41.136833
          ],
          [
            -72.324804,
            41.134078
          ],
          [
            -72.328784,
            41.130548
          ],
          [
            -72.338338,
            41.129122
          ],
          [
            -72.348426,
            41.120647
          ],
          [
            -72.367951,
            41.113948
          ],
          [
            -72.361567,
            41.108153
          ],
          [
            -72.359275,
            41.102909
          ],
          [
            -72.359196,
            41.103293
          ]
        ],
        "type": "LineString"
      }
    },
    {
      "type": "Feature",
      "id": "d2-greenport-lodging-to-north-ferry-greenport",
      "properties": {
        "feature_kind": "drive_leg",
        "mode": "driving",
        "route_id": "route-03",
        "day": 2,
        "date": "2026-10-05",
        "from": "greenport-lodging",
        "to": "north-ferry-greenport",
        "distance_miles": 0.2,
        "baseline_minutes": 2,
        "display_duration_minutes": 2,
        "counts_toward_drive_cap": true,
        "traffic_risk": "low",
        "map_color": "#00A8A8"
      },
      "geometry": {
        "coordinates": [
          [
            -72.359196,
            41.103293
          ],
          [
            -72.359177,
            41.103324
          ],
          [
            -72.358729,
            41.103451
          ],
          [
            -72.358383,
            41.102617
          ],
          [
            -72.359074,
            41.10245
          ],
          [
            -72.358796,
            41.10174
          ],
          [
            -72.358852,
            41.101676
          ],
          [
            -72.359213,
            41.101616
          ],
          [
            -72.359127,
            41.10124
          ]
        ],
        "type": "LineString"
      }
    },
    {
      "type": "Feature",
      "id": "d2-north-ferry-greenport-to-north-ferry-shelter",
      "properties": {
        "feature_kind": "drive_leg",
        "mode": "ferry",
        "route_id": "route-03",
        "day": 2,
        "date": "2026-10-05",
        "from": "north-ferry-greenport",
        "to": "north-ferry-shelter",
        "distance_miles": 0.7,
        "baseline_minutes": 0,
        "display_duration_minutes": 8,
        "counts_toward_drive_cap": false,
        "traffic_risk": "schedule-and-weather",
        "map_color": "#00A8A8"
      },
      "geometry": {
        "type": "LineString",
        "coordinates": [
          [
            -72.3593,
            41.1012
          ],
          [
            -72.3567,
            41.0847
          ]
        ]
      }
    },
    {
      "type": "Feature",
      "id": "d2-north-ferry-shelter-to-mashomack-preserve",
      "properties": {
        "feature_kind": "drive_leg",
        "mode": "driving",
        "route_id": "route-03",
        "day": 2,
        "date": "2026-10-05",
        "from": "north-ferry-shelter",
        "to": "mashomack-preserve",
        "distance_miles": 4.4,
        "baseline_minutes": 15,
        "display_duration_minutes": 15,
        "counts_toward_drive_cap": true,
        "traffic_risk": "low",
        "map_color": "#00A8A8"
      },
      "geometry": {
        "coordinates": [
          [
            -72.356628,
            41.084695
          ],
          [
            -72.35671,
            41.084251
          ],
          [
            -72.355018,
            41.083923
          ],
          [
            -72.354695,
            41.083363
          ],
          [
            -72.35293,
            41.083387
          ],
          [
            -72.351676,
            41.083866
          ],
          [
            -72.351312,
            41.083679
          ],
          [
            -72.34987,
            41.082119
          ],
          [
            -72.348284,
            41.076506
          ],
          [
            -72.345899,
            41.076022
          ],
          [
            -72.344259,
            41.075031
          ],
          [
            -72.334889,
            41.075503
          ],
          [
            -72.33223,
            41.075325
          ],
          [
            -72.332145,
            41.069301
          ],
          [
            -72.330369,
            41.063777
          ],
          [
            -72.325208,
            41.062512
          ],
          [
            -72.321437,
            41.062952
          ],
          [
            -72.318646,
            41.062833
          ],
          [
            -72.316775,
            41.061303
          ],
          [
            -72.314607,
            41.060664
          ],
          [
            -72.309322,
            41.055623
          ],
          [
            -72.307936,
            41.055744
          ],
          [
            -72.301719,
            41.057844
          ]
        ],
        "type": "LineString"
      }
    },
    {
      "type": "Feature",
      "id": "d2-mashomack-preserve-to-south-ferry-shelter",
      "properties": {
        "feature_kind": "drive_leg",
        "mode": "driving",
        "route_id": "route-03",
        "day": 2,
        "date": "2026-10-05",
        "from": "mashomack-preserve",
        "to": "south-ferry-shelter",
        "distance_miles": 3,
        "baseline_minutes": 13,
        "display_duration_minutes": 13,
        "counts_toward_drive_cap": true,
        "traffic_risk": "low",
        "map_color": "#00A8A8"
      },
      "geometry": {
        "coordinates": [
          [
            -72.301719,
            41.057844
          ],
          [
            -72.302811,
            41.057382
          ],
          [
            -72.30481,
            41.056974
          ],
          [
            -72.307936,
            41.055744
          ],
          [
            -72.309322,
            41.055623
          ],
          [
            -72.314607,
            41.060664
          ],
          [
            -72.316775,
            41.061303
          ],
          [
            -72.318427,
            41.062736
          ],
          [
            -72.318985,
            41.062922
          ],
          [
            -72.321012,
            41.062971
          ],
          [
            -72.322533,
            41.062719
          ],
          [
            -72.325241,
            41.062691
          ],
          [
            -72.325149,
            41.061113
          ],
          [
            -72.325704,
            41.059222
          ],
          [
            -72.324214,
            41.053766
          ],
          [
            -72.325411,
            41.053613
          ],
          [
            -72.327143,
            41.052632
          ],
          [
            -72.327696,
            41.051616
          ],
          [
            -72.327456,
            41.049745
          ],
          [
            -72.327376,
            41.045742
          ],
          [
            -72.327393,
            41.045201
          ],
          [
            -72.327593,
            41.045035
          ],
          [
            -72.327149,
            41.044945
          ],
          [
            -72.32724,
            41.044436
          ],
          [
            -72.326149,
            41.043933
          ]
        ],
        "type": "LineString"
      }
    },
    {
      "type": "Feature",
      "id": "d2-south-ferry-shelter-to-south-ferry-north-haven",
      "properties": {
        "feature_kind": "drive_leg",
        "mode": "ferry",
        "route_id": "route-03",
        "day": 2,
        "date": "2026-10-05",
        "from": "south-ferry-shelter",
        "to": "south-ferry-north-haven",
        "distance_miles": 0.5,
        "baseline_minutes": 0,
        "display_duration_minutes": 5,
        "counts_toward_drive_cap": false,
        "traffic_risk": "schedule-and-weather",
        "map_color": "#00A8A8"
      },
      "geometry": {
        "type": "LineString",
        "coordinates": [
          [
            -72.3279,
            41.0403
          ],
          [
            -72.3185,
            41.0158
          ]
        ]
      }
    },
    {
      "type": "Feature",
      "id": "d2-south-ferry-north-haven-to-parrish-art-museum",
      "properties": {
        "feature_kind": "drive_leg",
        "mode": "driving",
        "route_id": "route-03",
        "day": 2,
        "date": "2026-10-05",
        "from": "south-ferry-north-haven",
        "to": "parrish-art-museum",
        "distance_miles": 9.7,
        "baseline_minutes": 22,
        "display_duration_minutes": 22,
        "counts_toward_drive_cap": true,
        "traffic_risk": "low",
        "map_color": "#00A8A8"
      },
      "geometry": {
        "coordinates": [
          [
            -72.318536,
            41.015827
          ],
          [
            -72.313211,
            41.012955
          ],
          [
            -72.318502,
            41.002141
          ],
          [
            -72.326113,
            40.995754
          ],
          [
            -72.332211,
            40.994188
          ],
          [
            -72.326334,
            40.989222
          ],
          [
            -72.324266,
            40.98286
          ],
          [
            -72.317056,
            40.973374
          ],
          [
            -72.316377,
            40.96135
          ],
          [
            -72.323083,
            40.95812
          ],
          [
            -72.328116,
            40.951328
          ],
          [
            -72.330597,
            40.945614
          ],
          [
            -72.334734,
            40.942782
          ],
          [
            -72.340072,
            40.93561
          ],
          [
            -72.343249,
            40.928986
          ],
          [
            -72.342743,
            40.919498
          ],
          [
            -72.349318,
            40.912454
          ],
          [
            -72.354913,
            40.909488
          ],
          [
            -72.356946,
            40.907204
          ],
          [
            -72.364474,
            40.904825
          ]
        ],
        "type": "LineString"
      }
    },
    {
      "type": "Feature",
      "id": "d2-parrish-art-museum-to-big-duck",
      "properties": {
        "feature_kind": "drive_leg",
        "mode": "driving",
        "route_id": "route-03",
        "day": 2,
        "date": "2026-10-05",
        "from": "parrish-art-museum",
        "to": "big-duck",
        "distance_miles": 14.6,
        "baseline_minutes": 26,
        "display_duration_minutes": 26,
        "counts_toward_drive_cap": true,
        "traffic_risk": "low",
        "map_color": "#00A8A8"
      },
      "geometry": {
        "coordinates": [
          [
            -72.364474,
            40.904825
          ],
          [
            -72.36352,
            40.904437
          ],
          [
            -72.372141,
            40.898216
          ],
          [
            -72.382089,
            40.901188
          ],
          [
            -72.397975,
            40.89641
          ],
          [
            -72.410378,
            40.898451
          ],
          [
            -72.427589,
            40.892054
          ],
          [
            -72.440651,
            40.891296
          ],
          [
            -72.451603,
            40.895155
          ],
          [
            -72.466278,
            40.895226
          ],
          [
            -72.516981,
            40.887607
          ],
          [
            -72.533626,
            40.881793
          ],
          [
            -72.537206,
            40.881922
          ],
          [
            -72.540647,
            40.884926
          ],
          [
            -72.559048,
            40.888852
          ],
          [
            -72.56796,
            40.892665
          ],
          [
            -72.582622,
            40.895274
          ],
          [
            -72.591306,
            40.899863
          ],
          [
            -72.599277,
            40.900432
          ],
          [
            -72.604677,
            40.903676
          ],
          [
            -72.610366,
            40.904403
          ],
          [
            -72.615637,
            40.903182
          ],
          [
            -72.618533,
            40.903794
          ]
        ],
        "type": "LineString"
      }
    },
    {
      "type": "Feature",
      "id": "d2-big-duck-to-tanger-riverhead",
      "properties": {
        "feature_kind": "drive_leg",
        "mode": "driving",
        "route_id": "route-03",
        "day": 2,
        "date": "2026-10-05",
        "from": "big-duck",
        "to": "tanger-riverhead",
        "distance_miles": 6.1,
        "baseline_minutes": 14,
        "display_duration_minutes": 14,
        "counts_toward_drive_cap": true,
        "traffic_risk": "low",
        "map_color": "#00A8A8"
      },
      "geometry": {
        "coordinates": [
          [
            -72.618533,
            40.903794
          ],
          [
            -72.619077,
            40.903377
          ],
          [
            -72.620926,
            40.904243
          ],
          [
            -72.623243,
            40.907972
          ],
          [
            -72.625065,
            40.909101
          ],
          [
            -72.629883,
            40.910227
          ],
          [
            -72.63733,
            40.909597
          ],
          [
            -72.653191,
            40.914034
          ],
          [
            -72.663393,
            40.914787
          ],
          [
            -72.669375,
            40.916239
          ],
          [
            -72.669027,
            40.918054
          ],
          [
            -72.678343,
            40.917787
          ],
          [
            -72.686545,
            40.914621
          ],
          [
            -72.687683,
            40.914875
          ],
          [
            -72.689597,
            40.916512
          ],
          [
            -72.694684,
            40.917208
          ],
          [
            -72.706355,
            40.915868
          ],
          [
            -72.715371,
            40.917175
          ],
          [
            -72.715692,
            40.918989
          ],
          [
            -72.714447,
            40.920011
          ],
          [
            -72.714645,
            40.921816
          ],
          [
            -72.715607,
            40.921727
          ]
        ],
        "type": "LineString"
      }
    },
    {
      "type": "Feature",
      "id": "d2-tanger-riverhead-to-riverhead-lodging",
      "properties": {
        "feature_kind": "drive_leg",
        "mode": "driving",
        "route_id": "route-03",
        "day": 2,
        "date": "2026-10-05",
        "from": "tanger-riverhead",
        "to": "riverhead-lodging",
        "distance_miles": 3.3,
        "baseline_minutes": 8,
        "display_duration_minutes": 8,
        "counts_toward_drive_cap": true,
        "traffic_risk": "low",
        "map_color": "#00A8A8"
      },
      "geometry": {
        "coordinates": [
          [
            -72.715607,
            40.921727
          ],
          [
            -72.714761,
            40.92175
          ],
          [
            -72.71453,
            40.919938
          ],
          [
            -72.715806,
            40.919017
          ],
          [
            -72.715727,
            40.917237
          ],
          [
            -72.706716,
            40.915898
          ],
          [
            -72.703881,
            40.91591
          ],
          [
            -72.694684,
            40.917208
          ],
          [
            -72.689597,
            40.916512
          ],
          [
            -72.687758,
            40.914922
          ],
          [
            -72.686646,
            40.914616
          ],
          [
            -72.68521,
            40.914952
          ],
          [
            -72.681347,
            40.91696
          ],
          [
            -72.677158,
            40.917932
          ],
          [
            -72.67004,
            40.918205
          ],
          [
            -72.666265,
            40.917287
          ],
          [
            -72.662418,
            40.916949
          ]
        ],
        "type": "LineString"
      }
    },
    {
      "type": "Feature",
      "id": "d3-riverhead-lodging-to-cradle-of-aviation",
      "properties": {
        "feature_kind": "drive_leg",
        "mode": "driving",
        "route_id": "route-03",
        "day": 3,
        "date": "2026-10-06",
        "from": "riverhead-lodging",
        "to": "cradle-of-aviation",
        "distance_miles": 57.2,
        "baseline_minutes": 80,
        "display_duration_minutes": 80,
        "counts_toward_drive_cap": true,
        "traffic_risk": "high",
        "map_color": "#00A8A8"
      },
      "geometry": {
        "coordinates": [
          [
            -72.662418,
            40.916949
          ],
          [
            -72.680177,
            40.904183
          ],
          [
            -72.686846,
            40.890526
          ],
          [
            -72.710715,
            40.875357
          ],
          [
            -72.7491,
            40.833989
          ],
          [
            -72.778736,
            40.825232
          ],
          [
            -72.835036,
            40.820462
          ],
          [
            -72.868375,
            40.804869
          ],
          [
            -72.896958,
            40.801118
          ],
          [
            -72.933851,
            40.789944
          ],
          [
            -73.030468,
            40.777353
          ],
          [
            -73.138586,
            40.748851
          ],
          [
            -73.176705,
            40.746702
          ],
          [
            -73.190946,
            40.757388
          ],
          [
            -73.23523,
            40.754245
          ],
          [
            -73.254181,
            40.748035
          ],
          [
            -73.270091,
            40.749068
          ],
          [
            -73.292463,
            40.734379
          ],
          [
            -73.358248,
            40.732481
          ],
          [
            -73.405721,
            40.719821
          ],
          [
            -73.419918,
            40.708364
          ],
          [
            -73.530723,
            40.699877
          ],
          [
            -73.555522,
            40.690092
          ],
          [
            -73.59317,
            40.700583
          ],
          [
            -73.592411,
            40.725756
          ],
          [
            -73.597425,
            40.728196
          ]
        ],
        "type": "LineString"
      }
    },
    {
      "type": "Feature",
      "id": "d3-cradle-of-aviation-to-asbury-lodging",
      "properties": {
        "feature_kind": "drive_leg",
        "mode": "driving",
        "route_id": "route-03",
        "day": 3,
        "date": "2026-10-06",
        "from": "cradle-of-aviation",
        "to": "asbury-lodging",
        "distance_miles": 80.6,
        "baseline_minutes": 118,
        "display_duration_minutes": 118,
        "counts_toward_drive_cap": true,
        "traffic_risk": "high",
        "map_color": "#00A8A8"
      },
      "geometry": {
        "coordinates": [
          [
            -73.597425,
            40.728196
          ],
          [
            -73.604473,
            40.727108
          ],
          [
            -73.618021,
            40.707513
          ],
          [
            -73.625994,
            40.705577
          ],
          [
            -73.63277,
            40.691639
          ],
          [
            -73.646289,
            40.683192
          ],
          [
            -73.687235,
            40.683396
          ],
          [
            -73.69956,
            40.679222
          ],
          [
            -73.721744,
            40.688361
          ],
          [
            -73.742241,
            40.665652
          ],
          [
            -73.845636,
            40.664443
          ],
          [
            -73.872279,
            40.647921
          ],
          [
            -73.896112,
            40.623441
          ],
          [
            -73.899709,
            40.603266
          ],
          [
            -73.917074,
            40.584406
          ],
          [
            -73.986236,
            40.584089
          ],
          [
            -73.999164,
            40.595685
          ],
          [
            -74.031731,
            40.60623
          ],
          [
            -74.029528,
            40.613696
          ],
          [
            -74.060345,
            40.602079
          ],
          [
            -74.095618,
            40.610727
          ],
          [
            -74.145716,
            40.607903
          ],
          [
            -74.173313,
            40.621836
          ],
          [
            -74.193094,
            40.592912
          ],
          [
            -74.191059,
            40.569462
          ],
          [
            -74.219795,
            40.549657
          ],
          [
            -74.226867,
            40.526468
          ],
          [
            -74.256686,
            40.524395
          ],
          [
            -74.280952,
            40.529168
          ],
          [
            -74.295428,
            40.520163
          ],
          [
            -74.304254,
            40.521136
          ],
          [
            -74.302902,
            40.484217
          ],
          [
            -74.296531,
            40.471615
          ],
          [
            -74.277292,
            40.457989
          ],
          [
            -74.264837,
            40.441957
          ],
          [
            -74.245075,
            40.43032
          ],
          [
            -74.227428,
            40.427588
          ],
          [
            -74.206702,
            40.416773
          ],
          [
            -74.177219,
            40.386363
          ],
          [
            -74.150061,
            40.376451
          ],
          [
            -74.136928,
            40.360987
          ],
          [
            -74.103486,
            40.340589
          ],
          [
            -74.092383,
            40.283893
          ],
          [
            -74.089212,
            40.279805
          ],
          [
            -74.076048,
            40.279862
          ],
          [
            -74.062364,
            40.269563
          ],
          [
            -74.051975,
            40.227612
          ],
          [
            -74.012089,
            40.220431
          ]
        ],
        "type": "LineString"
      }
    },
    {
      "type": "Feature",
      "id": "d4-asbury-lodging-to-lucy-elephant",
      "properties": {
        "feature_kind": "drive_leg",
        "mode": "driving",
        "route_id": "route-03",
        "day": 4,
        "date": "2026-10-07",
        "from": "asbury-lodging",
        "to": "lucy-elephant",
        "distance_miles": 78,
        "baseline_minutes": 98,
        "display_duration_minutes": 98,
        "counts_toward_drive_cap": true,
        "traffic_risk": "medium",
        "map_color": "#00A8A8"
      },
      "geometry": {
        "coordinates": [
          [
            -74.012089,
            40.220431
          ],
          [
            -74.059292,
            40.230447
          ],
          [
            -74.100695,
            40.218982
          ],
          [
            -74.106133,
            40.151727
          ],
          [
            -74.213436,
            39.983242
          ],
          [
            -74.206301,
            39.959226
          ],
          [
            -74.213499,
            39.879585
          ],
          [
            -74.235428,
            39.798289
          ],
          [
            -74.269668,
            39.724235
          ],
          [
            -74.319565,
            39.665796
          ],
          [
            -74.430583,
            39.609503
          ],
          [
            -74.45675,
            39.581388
          ],
          [
            -74.468617,
            39.544777
          ],
          [
            -74.517431,
            39.519232
          ],
          [
            -74.518641,
            39.490715
          ],
          [
            -74.563115,
            39.39779
          ],
          [
            -74.552155,
            39.364719
          ],
          [
            -74.503523,
            39.327877
          ],
          [
            -74.516286,
            39.320693
          ]
        ],
        "type": "LineString"
      }
    },
    {
      "type": "Feature",
      "id": "d4-lucy-elephant-to-nas-wildwood",
      "properties": {
        "feature_kind": "drive_leg",
        "mode": "driving",
        "route_id": "route-03",
        "day": 4,
        "date": "2026-10-07",
        "from": "lucy-elephant",
        "to": "nas-wildwood",
        "distance_miles": 35.3,
        "baseline_minutes": 51,
        "display_duration_minutes": 51,
        "counts_toward_drive_cap": true,
        "traffic_risk": "medium",
        "map_color": "#00A8A8"
      },
      "geometry": {
        "coordinates": [
          [
            -74.516286,
            39.320693
          ],
          [
            -74.514892,
            39.319226
          ],
          [
            -74.524272,
            39.313573
          ],
          [
            -74.532238,
            39.31595
          ],
          [
            -74.548563,
            39.311826
          ],
          [
            -74.580268,
            39.314309
          ],
          [
            -74.591307,
            39.319823
          ],
          [
            -74.598871,
            39.308793
          ],
          [
            -74.612841,
            39.312176
          ],
          [
            -74.619194,
            39.307563
          ],
          [
            -74.620717,
            39.308689
          ],
          [
            -74.618481,
            39.307812
          ],
          [
            -74.61868,
            39.302911
          ],
          [
            -74.629776,
            39.276204
          ],
          [
            -74.673323,
            39.231803
          ],
          [
            -74.681194,
            39.221061
          ],
          [
            -74.693276,
            39.21205
          ],
          [
            -74.721816,
            39.184023
          ],
          [
            -74.745062,
            39.156508
          ],
          [
            -74.758509,
            39.145927
          ],
          [
            -74.774508,
            39.124735
          ],
          [
            -74.792826,
            39.112477
          ],
          [
            -74.806283,
            39.09969
          ],
          [
            -74.824399,
            39.073028
          ],
          [
            -74.841044,
            39.054815
          ],
          [
            -74.852383,
            39.027582
          ],
          [
            -74.864826,
            39.012216
          ],
          [
            -74.868379,
            39.010198
          ],
          [
            -74.876126,
            39.014638
          ],
          [
            -74.894991,
            38.996807
          ],
          [
            -74.909084,
            39.000359
          ],
          [
            -74.908703,
            39.003234
          ]
        ],
        "type": "LineString"
      }
    },
    {
      "type": "Feature",
      "id": "d4-nas-wildwood-to-cape-may-lodging",
      "properties": {
        "feature_kind": "drive_leg",
        "mode": "driving",
        "route_id": "route-03",
        "day": 4,
        "date": "2026-10-07",
        "from": "nas-wildwood",
        "to": "cape-may-lodging",
        "distance_miles": 6.3,
        "baseline_minutes": 14,
        "display_duration_minutes": 14,
        "counts_toward_drive_cap": true,
        "traffic_risk": "medium",
        "map_color": "#00A8A8"
      },
      "geometry": {
        "coordinates": [
          [
            -74.908703,
            39.003234
          ],
          [
            -74.908709,
            39.003722
          ],
          [
            -74.910276,
            39.003714
          ],
          [
            -74.909084,
            39.000359
          ],
          [
            -74.904962,
            39.000186
          ],
          [
            -74.899609,
            38.999119
          ],
          [
            -74.894991,
            38.996807
          ],
          [
            -74.901746,
            38.98725
          ],
          [
            -74.902908,
            38.983501
          ],
          [
            -74.906045,
            38.981285
          ],
          [
            -74.914924,
            38.968806
          ],
          [
            -74.915003,
            38.96729
          ],
          [
            -74.913976,
            38.965982
          ],
          [
            -74.904224,
            38.961348
          ],
          [
            -74.904567,
            38.955896
          ],
          [
            -74.910892,
            38.947242
          ],
          [
            -74.921138,
            38.935163
          ]
        ],
        "type": "LineString"
      }
    },
    {
      "type": "Feature",
      "id": "d5-cape-may-lodging-to-cape-may-lewes-ferry",
      "properties": {
        "feature_kind": "drive_leg",
        "mode": "driving",
        "route_id": "route-03",
        "day": 5,
        "date": "2026-10-08",
        "from": "cape-may-lodging",
        "to": "cape-may-lewes-ferry",
        "distance_miles": 5.1,
        "baseline_minutes": 11,
        "display_duration_minutes": 11,
        "counts_toward_drive_cap": true,
        "traffic_risk": "low",
        "map_color": "#00A8A8"
      },
      "geometry": {
        "coordinates": [
          [
            -74.921138,
            38.935163
          ],
          [
            -74.92148,
            38.935364
          ],
          [
            -74.922357,
            38.934465
          ],
          [
            -74.923323,
            38.935115
          ],
          [
            -74.925552,
            38.938204
          ],
          [
            -74.927281,
            38.939204
          ],
          [
            -74.926783,
            38.941524
          ],
          [
            -74.929476,
            38.942993
          ],
          [
            -74.926486,
            38.947366
          ],
          [
            -74.925595,
            38.952789
          ],
          [
            -74.921939,
            38.9631
          ],
          [
            -74.922263,
            38.966785
          ],
          [
            -74.921295,
            38.968799
          ],
          [
            -74.930623,
            38.972897
          ],
          [
            -74.932963,
            38.973586
          ],
          [
            -74.935654,
            38.973953
          ],
          [
            -74.940631,
            38.973221
          ],
          [
            -74.956839,
            38.97369
          ],
          [
            -74.957776,
            38.973351
          ],
          [
            -74.958332,
            38.972817
          ],
          [
            -74.958982,
            38.969353
          ],
          [
            -74.959593,
            38.96865
          ]
        ],
        "type": "LineString"
      }
    },
    {
      "type": "Feature",
      "id": "d5-cape-may-lewes-ferry-to-lewes-terminal",
      "properties": {
        "feature_kind": "drive_leg",
        "mode": "ferry",
        "route_id": "route-03",
        "day": 5,
        "date": "2026-10-08",
        "from": "cape-may-lewes-ferry",
        "to": "lewes-terminal",
        "distance_miles": 17,
        "baseline_minutes": 0,
        "display_duration_minutes": 85,
        "counts_toward_drive_cap": false,
        "traffic_risk": "schedule-and-weather",
        "map_color": "#00A8A8"
      },
      "geometry": {
        "type": "LineString",
        "coordinates": [
          [
            -74.9597,
            38.9687
          ],
          [
            -75.1199,
            38.7824
          ]
        ]
      }
    },
    {
      "type": "Feature",
      "id": "d5-lewes-terminal-to-fort-miles",
      "properties": {
        "feature_kind": "drive_leg",
        "mode": "driving",
        "route_id": "route-03",
        "day": 5,
        "date": "2026-10-08",
        "from": "lewes-terminal",
        "to": "fort-miles",
        "distance_miles": 1.8,
        "baseline_minutes": 7,
        "display_duration_minutes": 7,
        "counts_toward_drive_cap": true,
        "traffic_risk": "low",
        "map_color": "#00A8A8"
      },
      "geometry": {
        "coordinates": [
          [
            -75.119793,
            38.782371
          ],
          [
            -75.119916,
            38.782001
          ],
          [
            -75.119765,
            38.780889
          ],
          [
            -75.119987,
            38.780601
          ],
          [
            -75.119973,
            38.780085
          ],
          [
            -75.115027,
            38.780617
          ],
          [
            -75.104177,
            38.782056
          ],
          [
            -75.103645,
            38.781997
          ],
          [
            -75.102542,
            38.780794
          ],
          [
            -75.100184,
            38.777247
          ],
          [
            -75.099675,
            38.776927
          ],
          [
            -75.099048,
            38.775328
          ],
          [
            -75.095911,
            38.776062
          ],
          [
            -75.09487,
            38.776011
          ]
        ],
        "type": "LineString"
      }
    },
    {
      "type": "Feature",
      "id": "d5-fort-miles-to-great-dune-tower",
      "properties": {
        "feature_kind": "drive_leg",
        "mode": "driving",
        "route_id": "route-03",
        "day": 5,
        "date": "2026-10-08",
        "from": "fort-miles",
        "to": "great-dune-tower",
        "distance_miles": 0.8,
        "baseline_minutes": 5,
        "display_duration_minutes": 5,
        "counts_toward_drive_cap": true,
        "traffic_risk": "low",
        "map_color": "#00A8A8"
      },
      "geometry": {
        "coordinates": [
          [
            -75.09487,
            38.776011
          ],
          [
            -75.095349,
            38.776052
          ],
          [
            -75.095301,
            38.776225
          ],
          [
            -75.095319,
            38.776383
          ],
          [
            -75.095458,
            38.776573
          ],
          [
            -75.095565,
            38.776619
          ],
          [
            -75.096324,
            38.776643
          ],
          [
            -75.096737,
            38.7766
          ],
          [
            -75.099086,
            38.77592
          ],
          [
            -75.099462,
            38.776419
          ],
          [
            -75.099467,
            38.776551
          ],
          [
            -75.09931,
            38.776933
          ],
          [
            -75.099184,
            38.776943
          ],
          [
            -75.099037,
            38.777002
          ],
          [
            -75.098767,
            38.777448
          ],
          [
            -75.098695,
            38.777639
          ],
          [
            -75.098367,
            38.777547
          ],
          [
            -75.0932,
            38.777069
          ],
          [
            -75.092446,
            38.776902
          ],
          [
            -75.091672,
            38.776585
          ]
        ],
        "type": "LineString"
      }
    },
    {
      "type": "Feature",
      "id": "d5-great-dune-tower-to-berlin-historic",
      "properties": {
        "feature_kind": "drive_leg",
        "mode": "driving",
        "route_id": "route-03",
        "day": 5,
        "date": "2026-10-08",
        "from": "great-dune-tower",
        "to": "berlin-historic",
        "distance_miles": 39.7,
        "baseline_minutes": 67,
        "display_duration_minutes": 67,
        "counts_toward_drive_cap": true,
        "traffic_risk": "low",
        "map_color": "#00A8A8"
      },
      "geometry": {
        "coordinates": [
          [
            -75.091672,
            38.776585
          ],
          [
            -75.103286,
            38.7822
          ],
          [
            -75.126495,
            38.780201
          ],
          [
            -75.150132,
            38.751994
          ],
          [
            -75.176202,
            38.747465
          ],
          [
            -75.198772,
            38.729351
          ],
          [
            -75.213641,
            38.704711
          ],
          [
            -75.221705,
            38.675414
          ],
          [
            -75.247203,
            38.670185
          ],
          [
            -75.259813,
            38.645342
          ],
          [
            -75.274858,
            38.630833
          ],
          [
            -75.282655,
            38.60209
          ],
          [
            -75.290773,
            38.597442
          ],
          [
            -75.295336,
            38.585409
          ],
          [
            -75.238928,
            38.514981
          ],
          [
            -75.233049,
            38.451053
          ],
          [
            -75.203322,
            38.389512
          ],
          [
            -75.214967,
            38.350829
          ],
          [
            -75.210014,
            38.329874
          ],
          [
            -75.211703,
            38.324077
          ],
          [
            -75.217515,
            38.322936
          ]
        ],
        "type": "LineString"
      }
    },
    {
      "type": "Feature",
      "id": "d5-berlin-historic-to-assateague",
      "properties": {
        "feature_kind": "drive_leg",
        "mode": "driving",
        "route_id": "route-03",
        "day": 5,
        "date": "2026-10-08",
        "from": "berlin-historic",
        "to": "assateague",
        "distance_miles": 7.5,
        "baseline_minutes": 14,
        "display_duration_minutes": 14,
        "counts_toward_drive_cap": true,
        "traffic_risk": "low",
        "map_color": "#00A8A8"
      },
      "geometry": {
        "coordinates": [
          [
            -75.217515,
            38.322936
          ],
          [
            -75.216936,
            38.32402
          ],
          [
            -75.214199,
            38.324619
          ],
          [
            -75.208064,
            38.323251
          ],
          [
            -75.202899,
            38.321181
          ],
          [
            -75.193697,
            38.314614
          ],
          [
            -75.188827,
            38.312668
          ],
          [
            -75.165419,
            38.296009
          ],
          [
            -75.151489,
            38.289744
          ],
          [
            -75.156599,
            38.273926
          ],
          [
            -75.156795,
            38.269599
          ],
          [
            -75.15783,
            38.266067
          ],
          [
            -75.161572,
            38.262085
          ],
          [
            -75.16469,
            38.257454
          ],
          [
            -75.163793,
            38.25531
          ],
          [
            -75.157172,
            38.250825
          ]
        ],
        "type": "LineString"
      }
    },
    {
      "type": "Feature",
      "id": "d5-assateague-to-chincoteague-lodging",
      "properties": {
        "feature_kind": "drive_leg",
        "mode": "driving",
        "route_id": "route-03",
        "day": 5,
        "date": "2026-10-08",
        "from": "assateague",
        "to": "chincoteague-lodging",
        "distance_miles": 54.5,
        "baseline_minutes": 81,
        "display_duration_minutes": 81,
        "counts_toward_drive_cap": true,
        "traffic_risk": "low",
        "map_color": "#00A8A8"
      },
      "geometry": {
        "coordinates": [
          [
            -75.157172,
            38.250825
          ],
          [
            -75.16469,
            38.257454
          ],
          [
            -75.151489,
            38.289744
          ],
          [
            -75.211703,
            38.324077
          ],
          [
            -75.24421,
            38.26813
          ],
          [
            -75.265258,
            38.254198
          ],
          [
            -75.302389,
            38.243868
          ],
          [
            -75.313437,
            38.235602
          ],
          [
            -75.334252,
            38.232005
          ],
          [
            -75.351258,
            38.210042
          ],
          [
            -75.400238,
            38.173422
          ],
          [
            -75.403961,
            38.155775
          ],
          [
            -75.417343,
            38.143992
          ],
          [
            -75.474058,
            38.111748
          ],
          [
            -75.490645,
            38.095995
          ],
          [
            -75.540054,
            38.083048
          ],
          [
            -75.548243,
            38.064664
          ],
          [
            -75.541562,
            38.032039
          ],
          [
            -75.544781,
            38.00666
          ],
          [
            -75.529607,
            37.982874
          ],
          [
            -75.540298,
            37.946012
          ],
          [
            -75.495911,
            37.933338
          ],
          [
            -75.476869,
            37.920448
          ],
          [
            -75.453649,
            37.94328
          ],
          [
            -75.41753,
            37.934864
          ],
          [
            -75.375925,
            37.939764
          ],
          [
            -75.371122,
            37.9373
          ],
          [
            -75.377842,
            37.934084
          ]
        ],
        "type": "LineString"
      }
    },
    {
      "type": "Feature",
      "id": "d6-chincoteague-lodging-to-nasa-wallops",
      "properties": {
        "feature_kind": "drive_leg",
        "mode": "driving",
        "route_id": "route-03",
        "day": 6,
        "date": "2026-10-09",
        "from": "chincoteague-lodging",
        "to": "nasa-wallops",
        "distance_miles": 9.5,
        "baseline_minutes": 18,
        "display_duration_minutes": 18,
        "counts_toward_drive_cap": true,
        "traffic_risk": "low",
        "map_color": "#00A8A8"
      },
      "geometry": {
        "coordinates": [
          [
            -75.377842,
            37.934084
          ],
          [
            -75.373763,
            37.93517
          ],
          [
            -75.371122,
            37.9373
          ],
          [
            -75.373804,
            37.93934
          ],
          [
            -75.375925,
            37.939764
          ],
          [
            -75.382971,
            37.937256
          ],
          [
            -75.393936,
            37.9379
          ],
          [
            -75.41753,
            37.934864
          ],
          [
            -75.453335,
            37.94332
          ],
          [
            -75.455687,
            37.942183
          ],
          [
            -75.46009,
            37.93525
          ],
          [
            -75.471574,
            37.921731
          ],
          [
            -75.474551,
            37.920582
          ],
          [
            -75.477758,
            37.920552
          ],
          [
            -75.480081,
            37.92127
          ],
          [
            -75.485165,
            37.924142
          ],
          [
            -75.482392,
            37.929545
          ],
          [
            -75.478827,
            37.934271
          ],
          [
            -75.479408,
            37.934263
          ],
          [
            -75.479193,
            37.93491
          ],
          [
            -75.475442,
            37.934972
          ],
          [
            -75.475103,
            37.936457
          ],
          [
            -75.47365,
            37.937356
          ],
          [
            -75.469887,
            37.935714
          ],
          [
            -75.470544,
            37.934798
          ],
          [
            -75.469342,
            37.934776
          ]
        ],
        "type": "LineString"
      }
    },
    {
      "type": "Feature",
      "id": "d6-nasa-wallops-to-barrier-islands-center",
      "properties": {
        "feature_kind": "drive_leg",
        "mode": "driving",
        "route_id": "route-03",
        "day": 6,
        "date": "2026-10-09",
        "from": "nasa-wallops",
        "to": "barrier-islands-center",
        "distance_miles": 52.5,
        "baseline_minutes": 93,
        "display_duration_minutes": 93,
        "counts_toward_drive_cap": true,
        "traffic_risk": "low",
        "map_color": "#00A8A8"
      },
      "geometry": {
        "coordinates": [
          [
            -75.469342,
            37.934776
          ],
          [
            -75.479193,
            37.93491
          ],
          [
            -75.507226,
            37.900839
          ],
          [
            -75.520813,
            37.874541
          ],
          [
            -75.532101,
            37.875145
          ],
          [
            -75.539301,
            37.86835
          ],
          [
            -75.558182,
            37.86933
          ],
          [
            -75.557592,
            37.860434
          ],
          [
            -75.593345,
            37.811681
          ],
          [
            -75.618059,
            37.759419
          ],
          [
            -75.649032,
            37.735309
          ],
          [
            -75.682635,
            37.722617
          ],
          [
            -75.698699,
            37.706346
          ],
          [
            -75.718706,
            37.696434
          ],
          [
            -75.724401,
            37.677368
          ],
          [
            -75.812531,
            37.544427
          ],
          [
            -75.828446,
            37.536606
          ],
          [
            -75.833535,
            37.512985
          ],
          [
            -75.882939,
            37.438238
          ],
          [
            -75.895853,
            37.439083
          ],
          [
            -75.900542,
            37.449082
          ],
          [
            -75.926281,
            37.44604
          ],
          [
            -75.942,
            37.450408
          ],
          [
            -75.956882,
            37.439915
          ],
          [
            -75.970486,
            37.438256
          ],
          [
            -75.974568,
            37.423667
          ],
          [
            -75.980865,
            37.421825
          ],
          [
            -75.980605,
            37.407969
          ]
        ],
        "type": "LineString"
      }
    },
    {
      "type": "Feature",
      "id": "d6-barrier-islands-center-to-norfolk-lodging",
      "properties": {
        "feature_kind": "drive_leg",
        "mode": "driving",
        "route_id": "route-03",
        "day": 6,
        "date": "2026-10-09",
        "from": "barrier-islands-center",
        "to": "norfolk-lodging",
        "distance_miles": 54.4,
        "baseline_minutes": 89,
        "display_duration_minutes": 89,
        "counts_toward_drive_cap": true,
        "traffic_risk": "low",
        "map_color": "#00A8A8"
      },
      "geometry": {
        "coordinates": [
          [
            -75.980605,
            37.407969
          ],
          [
            -75.980865,
            37.421825
          ],
          [
            -75.974568,
            37.423667
          ],
          [
            -75.970181,
            37.438525
          ],
          [
            -75.956882,
            37.439915
          ],
          [
            -75.941931,
            37.450423
          ],
          [
            -75.926281,
            37.44604
          ],
          [
            -75.913724,
            37.422864
          ],
          [
            -75.912542,
            37.397092
          ],
          [
            -75.951261,
            37.32249
          ],
          [
            -75.979848,
            37.285605
          ],
          [
            -75.966161,
            37.210323
          ],
          [
            -75.971679,
            37.151286
          ],
          [
            -75.966447,
            37.135981
          ],
          [
            -75.969636,
            37.096723
          ],
          [
            -76.010536,
            37.083033
          ],
          [
            -76.08683,
            37.029803
          ],
          [
            -76.124116,
            36.936871
          ],
          [
            -76.130803,
            36.901223
          ],
          [
            -76.174328,
            36.89122
          ],
          [
            -76.196311,
            36.875982
          ],
          [
            -76.212352,
            36.881742
          ],
          [
            -76.210195,
            36.892994
          ]
        ],
        "type": "LineString"
      }
    },
    {
      "type": "Feature",
      "id": "d7-norfolk-lodging-to-norfolk-pagoda",
      "properties": {
        "feature_kind": "drive_leg",
        "mode": "driving",
        "route_id": "route-03",
        "day": 7,
        "date": "2026-10-10",
        "from": "norfolk-lodging",
        "to": "norfolk-pagoda",
        "distance_miles": 7.5,
        "baseline_minutes": 15,
        "display_duration_minutes": 15,
        "counts_toward_drive_cap": true,
        "traffic_risk": "medium",
        "map_color": "#00A8A8"
      },
      "geometry": {
        "coordinates": [
          [
            -76.210195,
            36.892994
          ],
          [
            -76.210755,
            36.896681
          ],
          [
            -76.208905,
            36.896666
          ],
          [
            -76.208338,
            36.897576
          ],
          [
            -76.210143,
            36.89886
          ],
          [
            -76.219629,
            36.896609
          ],
          [
            -76.22764,
            36.8924
          ],
          [
            -76.238382,
            36.889963
          ],
          [
            -76.240698,
            36.888557
          ],
          [
            -76.244281,
            36.885825
          ],
          [
            -76.248141,
            36.880333
          ],
          [
            -76.252778,
            36.875633
          ],
          [
            -76.254724,
            36.875503
          ],
          [
            -76.266412,
            36.878271
          ],
          [
            -76.268145,
            36.87583
          ],
          [
            -76.275641,
            36.87156
          ],
          [
            -76.280036,
            36.870883
          ],
          [
            -76.282147,
            36.871392
          ],
          [
            -76.28706,
            36.859836
          ],
          [
            -76.286554,
            36.856543
          ],
          [
            -76.287479,
            36.854225
          ],
          [
            -76.291972,
            36.85428
          ],
          [
            -76.291883,
            36.852748
          ],
          [
            -76.293579,
            36.849166
          ],
          [
            -76.296594,
            36.849794
          ]
        ],
        "type": "LineString"
      }
    },
    {
      "type": "Feature",
      "id": "d7-norfolk-pagoda-to-nauticus-wisconsin",
      "properties": {
        "feature_kind": "drive_leg",
        "mode": "driving",
        "route_id": "route-03",
        "day": 7,
        "date": "2026-10-10",
        "from": "norfolk-pagoda",
        "to": "nauticus-wisconsin",
        "distance_miles": 0.5,
        "baseline_minutes": 4,
        "display_duration_minutes": 4,
        "counts_toward_drive_cap": true,
        "traffic_risk": "medium",
        "map_color": "#00A8A8"
      },
      "geometry": {
        "coordinates": [
          [
            -76.296594,
            36.849794
          ],
          [
            -76.295195,
            36.849552
          ],
          [
            -76.294479,
            36.849237
          ],
          [
            -76.294219,
            36.849196
          ],
          [
            -76.293579,
            36.849166
          ],
          [
            -76.292698,
            36.848878
          ],
          [
            -76.293854,
            36.84685
          ],
          [
            -76.294321,
            36.847026
          ],
          [
            -76.294196,
            36.847194
          ],
          [
            -76.293936,
            36.847314
          ],
          [
            -76.293912,
            36.847398
          ],
          [
            -76.293979,
            36.847494
          ],
          [
            -76.294051,
            36.84751
          ],
          [
            -76.294151,
            36.847471
          ],
          [
            -76.294338,
            36.847213
          ],
          [
            -76.294531,
            36.84708
          ]
        ],
        "type": "LineString"
      }
    },
    {
      "type": "Feature",
      "id": "d7-nauticus-wisconsin-to-edgar-cayce-are",
      "properties": {
        "feature_kind": "drive_leg",
        "mode": "driving",
        "route_id": "route-03",
        "day": 7,
        "date": "2026-10-10",
        "from": "nauticus-wisconsin",
        "to": "edgar-cayce-are",
        "distance_miles": 21.4,
        "baseline_minutes": 34,
        "display_duration_minutes": 34,
        "counts_toward_drive_cap": true,
        "traffic_risk": "medium",
        "map_color": "#00A8A8"
      },
      "geometry": {
        "coordinates": [
          [
            -76.294531,
            36.84708
          ],
          [
            -76.293222,
            36.84543
          ],
          [
            -76.283886,
            36.843156
          ],
          [
            -76.277049,
            36.844593
          ],
          [
            -76.244231,
            36.845901
          ],
          [
            -76.231393,
            36.842214
          ],
          [
            -76.221046,
            36.841797
          ],
          [
            -76.204444,
            36.844663
          ],
          [
            -76.176824,
            36.845815
          ],
          [
            -76.168971,
            36.844038
          ],
          [
            -76.152789,
            36.835345
          ],
          [
            -76.119151,
            36.832256
          ],
          [
            -76.092876,
            36.838807
          ],
          [
            -76.063354,
            36.836034
          ],
          [
            -76.045997,
            36.841562
          ],
          [
            -76.033746,
            36.842619
          ],
          [
            -76.012367,
            36.847429
          ],
          [
            -75.995199,
            36.8463
          ],
          [
            -75.976524,
            36.849053
          ],
          [
            -75.988444,
            36.89041
          ],
          [
            -75.986924,
            36.890654
          ]
        ],
        "type": "LineString"
      }
    },
    {
      "type": "Feature",
      "id": "d7-edgar-cayce-are-to-vibe-neptune",
      "properties": {
        "feature_kind": "drive_leg",
        "mode": "driving",
        "route_id": "route-03",
        "day": 7,
        "date": "2026-10-10",
        "from": "edgar-cayce-are",
        "to": "vibe-neptune",
        "distance_miles": 2.4,
        "baseline_minutes": 6,
        "display_duration_minutes": 6,
        "counts_toward_drive_cap": true,
        "traffic_risk": "medium",
        "map_color": "#00A8A8"
      },
      "geometry": {
        "coordinates": [
          [
            -75.986924,
            36.890654
          ],
          [
            -75.988444,
            36.89041
          ],
          [
            -75.983281,
            36.873737
          ],
          [
            -75.979864,
            36.861141
          ],
          [
            -75.978712,
            36.861256
          ],
          [
            -75.978194,
            36.859346
          ]
        ],
        "type": "LineString"
      }
    },
    {
      "type": "Feature",
      "id": "d7-vibe-neptune-to-poe-museum-richmond",
      "properties": {
        "feature_kind": "drive_leg",
        "mode": "driving",
        "route_id": "route-03",
        "day": 7,
        "date": "2026-10-10",
        "from": "vibe-neptune",
        "to": "poe-museum-richmond",
        "distance_miles": 106.3,
        "baseline_minutes": 135,
        "display_duration_minutes": 135,
        "counts_toward_drive_cap": true,
        "traffic_risk": "medium",
        "map_color": "#00A8A8"
      },
      "geometry": {
        "coordinates": [
          [
            -75.978194,
            36.859346
          ],
          [
            -75.976869,
            36.850006
          ],
          [
            -75.992965,
            36.846825
          ],
          [
            -76.117452,
            36.832494
          ],
          [
            -76.194267,
            36.846764
          ],
          [
            -76.198382,
            36.876221
          ],
          [
            -76.226462,
            36.88598
          ],
          [
            -76.2366,
            36.902066
          ],
          [
            -76.269286,
            36.919084
          ],
          [
            -76.264758,
            36.959012
          ],
          [
            -76.298632,
            36.968315
          ],
          [
            -76.333279,
            37.028927
          ],
          [
            -76.386988,
            37.034908
          ],
          [
            -76.475598,
            37.108495
          ],
          [
            -76.514271,
            37.121244
          ],
          [
            -76.570449,
            37.201577
          ],
          [
            -76.62739,
            37.234606
          ],
          [
            -76.697258,
            37.322445
          ],
          [
            -76.77864,
            37.399948
          ],
          [
            -76.913556,
            37.477559
          ],
          [
            -77.105651,
            37.507998
          ],
          [
            -77.372245,
            37.529904
          ],
          [
            -77.392817,
            37.545249
          ],
          [
            -77.426246,
            37.532049
          ]
        ],
        "type": "LineString"
      }
    },
    {
      "type": "Feature",
      "id": "d7-poe-museum-richmond-to-richmond-west-lodging",
      "properties": {
        "feature_kind": "drive_leg",
        "mode": "driving",
        "route_id": "route-03",
        "day": 7,
        "date": "2026-10-10",
        "from": "poe-museum-richmond",
        "to": "richmond-west-lodging",
        "distance_miles": 5.9,
        "baseline_minutes": 12,
        "display_duration_minutes": 12,
        "counts_toward_drive_cap": true,
        "traffic_risk": "medium",
        "map_color": "#00A8A8"
      },
      "geometry": {
        "coordinates": [
          [
            -77.426246,
            37.532049
          ],
          [
            -77.427661,
            37.532905
          ],
          [
            -77.428731,
            37.531794
          ],
          [
            -77.429986,
            37.532388
          ],
          [
            -77.431231,
            37.532441
          ],
          [
            -77.432744,
            37.533343
          ],
          [
            -77.432545,
            37.534167
          ],
          [
            -77.43732,
            37.535317
          ],
          [
            -77.448796,
            37.54243
          ],
          [
            -77.45064,
            37.542895
          ],
          [
            -77.455974,
            37.543132
          ],
          [
            -77.468822,
            37.547642
          ],
          [
            -77.475127,
            37.548178
          ],
          [
            -77.480811,
            37.550121
          ],
          [
            -77.483287,
            37.55181
          ],
          [
            -77.488367,
            37.553647
          ],
          [
            -77.489614,
            37.554674
          ],
          [
            -77.489862,
            37.55622
          ],
          [
            -77.488928,
            37.55906
          ],
          [
            -77.487431,
            37.560658
          ],
          [
            -77.486577,
            37.560678
          ],
          [
            -77.486991,
            37.559493
          ],
          [
            -77.505495,
            37.568328
          ],
          [
            -77.50499,
            37.568013
          ]
        ],
        "type": "LineString"
      }
    },
    {
      "type": "Feature",
      "id": "d8-richmond-west-lodging-to-richmond-orthodox",
      "properties": {
        "feature_kind": "drive_leg",
        "mode": "driving",
        "route_id": "route-03",
        "day": 8,
        "date": "2026-10-11",
        "from": "richmond-west-lodging",
        "to": "richmond-orthodox",
        "distance_miles": 0.2,
        "baseline_minutes": 1,
        "display_duration_minutes": 1,
        "counts_toward_drive_cap": true,
        "traffic_risk": "high",
        "map_color": "#00A8A8"
      },
      "geometry": {
        "coordinates": [
          [
            -77.50499,
            37.568013
          ],
          [
            -77.504957,
            37.567997
          ],
          [
            -77.504918,
            37.568054
          ],
          [
            -77.506491,
            37.568803
          ],
          [
            -77.506814,
            37.568351
          ],
          [
            -77.506577,
            37.568222
          ]
        ],
        "type": "LineString"
      }
    },
    {
      "type": "Feature",
      "id": "d8-richmond-orthodox-to-bo-railroad",
      "properties": {
        "feature_kind": "drive_leg",
        "mode": "driving",
        "route_id": "route-03",
        "day": 8,
        "date": "2026-10-11",
        "from": "richmond-orthodox",
        "to": "bo-railroad",
        "distance_miles": 151,
        "baseline_minutes": 185,
        "display_duration_minutes": 185,
        "counts_toward_drive_cap": true,
        "traffic_risk": "high",
        "map_color": "#00A8A8"
      },
      "geometry": {
        "coordinates": [
          [
            -77.506577,
            37.568222
          ],
          [
            -77.483685,
            37.563095
          ],
          [
            -77.443787,
            37.618358
          ],
          [
            -77.458503,
            37.917283
          ],
          [
            -77.49183,
            37.97177
          ],
          [
            -77.517116,
            38.090635
          ],
          [
            -77.503503,
            38.320479
          ],
          [
            -77.434471,
            38.398586
          ],
          [
            -77.275873,
            38.662622
          ],
          [
            -77.23229,
            38.67842
          ],
          [
            -77.186517,
            38.745693
          ],
          [
            -77.176936,
            38.791601
          ],
          [
            -77.221897,
            38.819339
          ],
          [
            -77.215189,
            38.923318
          ],
          [
            -77.148413,
            39.012772
          ],
          [
            -76.951707,
            39.017919
          ],
          [
            -76.837404,
            39.153247
          ],
          [
            -76.634085,
            39.284341
          ]
        ],
        "type": "LineString"
      }
    },
    {
      "type": "Feature",
      "id": "d8-bo-railroad-to-white-marsh-lodging",
      "properties": {
        "feature_kind": "drive_leg",
        "mode": "driving",
        "route_id": "route-03",
        "day": 8,
        "date": "2026-10-11",
        "from": "bo-railroad",
        "to": "white-marsh-lodging",
        "distance_miles": 12,
        "baseline_minutes": 22,
        "display_duration_minutes": 22,
        "counts_toward_drive_cap": true,
        "traffic_risk": "high",
        "map_color": "#00A8A8"
      },
      "geometry": {
        "coordinates": [
          [
            -76.634085,
            39.284341
          ],
          [
            -76.63415,
            39.283872
          ],
          [
            -76.632449,
            39.282856
          ],
          [
            -76.62638,
            39.283357
          ],
          [
            -76.625042,
            39.281729
          ],
          [
            -76.621147,
            39.280517
          ],
          [
            -76.619757,
            39.2795
          ],
          [
            -76.619965,
            39.276756
          ],
          [
            -76.624371,
            39.26881
          ],
          [
            -76.623287,
            39.267063
          ],
          [
            -76.613519,
            39.266676
          ],
          [
            -76.603064,
            39.266949
          ],
          [
            -76.592648,
            39.265153
          ],
          [
            -76.58091,
            39.260848
          ],
          [
            -76.576865,
            39.260447
          ],
          [
            -76.572657,
            39.261078
          ],
          [
            -76.564431,
            39.264819
          ],
          [
            -76.553413,
            39.273459
          ],
          [
            -76.552056,
            39.275431
          ],
          [
            -76.55051,
            39.280964
          ],
          [
            -76.548555,
            39.283255
          ],
          [
            -76.545022,
            39.284314
          ],
          [
            -76.53664,
            39.284254
          ],
          [
            -76.534045,
            39.285734
          ],
          [
            -76.530711,
            39.297526
          ],
          [
            -76.530338,
            39.302546
          ],
          [
            -76.530859,
            39.308737
          ],
          [
            -76.529809,
            39.310139
          ],
          [
            -76.502773,
            39.323056
          ],
          [
            -76.494932,
            39.32741
          ],
          [
            -76.491786,
            39.327678
          ],
          [
            -76.493688,
            39.32545
          ],
          [
            -76.494187,
            39.325603
          ]
        ],
        "type": "LineString"
      }
    },
    {
      "type": "Feature",
      "id": "d9-white-marsh-lodging-to-mutter-museum",
      "properties": {
        "feature_kind": "drive_leg",
        "mode": "driving",
        "route_id": "route-03",
        "day": 9,
        "date": "2026-10-12",
        "from": "white-marsh-lodging",
        "to": "mutter-museum",
        "distance_miles": 91.4,
        "baseline_minutes": 118,
        "display_duration_minutes": 118,
        "counts_toward_drive_cap": true,
        "traffic_risk": "high",
        "map_color": "#00A8A8"
      },
      "geometry": {
        "coordinates": [
          [
            -76.494187,
            39.325603
          ],
          [
            -76.486621,
            39.332391
          ],
          [
            -76.493957,
            39.338963
          ],
          [
            -76.492989,
            39.351678
          ],
          [
            -76.455868,
            39.372486
          ],
          [
            -76.40606,
            39.419044
          ],
          [
            -76.370095,
            39.440704
          ],
          [
            -76.340946,
            39.442546
          ],
          [
            -76.244223,
            39.486992
          ],
          [
            -76.17742,
            39.533195
          ],
          [
            -76.133141,
            39.57447
          ],
          [
            -76.114171,
            39.576975
          ],
          [
            -76.094905,
            39.585358
          ],
          [
            -76.076434,
            39.586444
          ],
          [
            -76.062608,
            39.595334
          ],
          [
            -76.008028,
            39.61024
          ],
          [
            -75.986794,
            39.624101
          ],
          [
            -75.9647,
            39.627967
          ],
          [
            -75.925425,
            39.64533
          ],
          [
            -75.90572,
            39.641048
          ],
          [
            -75.885676,
            39.644218
          ],
          [
            -75.866091,
            39.641664
          ],
          [
            -75.842145,
            39.646322
          ],
          [
            -75.787127,
            39.638751
          ],
          [
            -75.702337,
            39.655141
          ],
          [
            -75.659685,
            39.682556
          ],
          [
            -75.590334,
            39.702505
          ],
          [
            -75.58254,
            39.713757
          ],
          [
            -75.541253,
            39.719394
          ],
          [
            -75.510538,
            39.747592
          ],
          [
            -75.490892,
            39.757792
          ],
          [
            -75.474173,
            39.781994
          ],
          [
            -75.451579,
            39.799561
          ],
          [
            -75.451765,
            39.816973
          ],
          [
            -75.423365,
            39.834215
          ],
          [
            -75.355366,
            39.859172
          ],
          [
            -75.342425,
            39.86783
          ],
          [
            -75.321757,
            39.870995
          ],
          [
            -75.309466,
            39.86849
          ],
          [
            -75.284127,
            39.876044
          ],
          [
            -75.253035,
            39.877251
          ],
          [
            -75.237019,
            39.891379
          ],
          [
            -75.226582,
            39.891076
          ],
          [
            -75.193841,
            39.905697
          ],
          [
            -75.190491,
            39.921839
          ],
          [
            -75.199615,
            39.935952
          ],
          [
            -75.176464,
            39.95347
          ]
        ],
        "type": "LineString"
      }
    },
    {
      "type": "Feature",
      "id": "d9-mutter-museum-to-bridgewater-lodging",
      "properties": {
        "feature_kind": "drive_leg",
        "mode": "driving",
        "route_id": "route-03",
        "day": 9,
        "date": "2026-10-12",
        "from": "mutter-museum",
        "to": "bridgewater-lodging",
        "distance_miles": 69,
        "baseline_minutes": 93,
        "display_duration_minutes": 93,
        "counts_toward_drive_cap": true,
        "traffic_risk": "high",
        "map_color": "#00A8A8"
      },
      "geometry": {
        "coordinates": [
          [
            -75.176464,
            39.95347
          ],
          [
            -75.169157,
            39.958503
          ],
          [
            -75.141392,
            39.956858
          ],
          [
            -75.135808,
            39.9661
          ],
          [
            -75.089767,
            39.987471
          ],
          [
            -75.073013,
            40.007087
          ],
          [
            -75.024613,
            40.027515
          ],
          [
            -74.999203,
            40.047957
          ],
          [
            -74.89485,
            40.106858
          ],
          [
            -74.884654,
            40.128041
          ],
          [
            -74.810977,
            40.111455
          ],
          [
            -74.776359,
            40.096074
          ],
          [
            -74.728248,
            40.09809
          ],
          [
            -74.647374,
            40.165849
          ],
          [
            -74.524098,
            40.243426
          ],
          [
            -74.514769,
            40.254283
          ],
          [
            -74.446076,
            40.415463
          ],
          [
            -74.402784,
            40.477234
          ],
          [
            -74.416744,
            40.484397
          ],
          [
            -74.411983,
            40.496156
          ],
          [
            -74.357309,
            40.524556
          ],
          [
            -74.360668,
            40.542011
          ]
        ],
        "type": "LineString"
      }
    },
    {
      "type": "Feature",
      "id": "d10-bridgewater-lodging-to-sleepy-hollow-cemetery",
      "properties": {
        "feature_kind": "drive_leg",
        "mode": "driving",
        "route_id": "route-03",
        "day": 10,
        "date": "2026-10-13",
        "from": "bridgewater-lodging",
        "to": "sleepy-hollow-cemetery",
        "distance_miles": 59.5,
        "baseline_minutes": 89,
        "display_duration_minutes": 89,
        "counts_toward_drive_cap": true,
        "traffic_risk": "high",
        "map_color": "#00A8A8"
      },
      "geometry": {
        "coordinates": [
          [
            -74.360668,
            40.542011
          ],
          [
            -74.326553,
            40.570702
          ],
          [
            -74.330256,
            40.582092
          ],
          [
            -74.313842,
            40.605821
          ],
          [
            -74.308651,
            40.622458
          ],
          [
            -74.288802,
            40.642016
          ],
          [
            -74.286495,
            40.663896
          ],
          [
            -74.274442,
            40.685986
          ],
          [
            -74.247751,
            40.702058
          ],
          [
            -74.241359,
            40.715619
          ],
          [
            -74.214744,
            40.74217
          ],
          [
            -74.200654,
            40.784641
          ],
          [
            -74.179816,
            40.812046
          ],
          [
            -74.175556,
            40.825911
          ],
          [
            -74.179763,
            40.84581
          ],
          [
            -74.164544,
            40.882127
          ],
          [
            -74.122789,
            40.891068
          ],
          [
            -74.073048,
            40.927256
          ],
          [
            -74.06466,
            40.966496
          ],
          [
            -74.072958,
            40.989743
          ],
          [
            -74.067379,
            41.015898
          ],
          [
            -74.071581,
            41.038915
          ],
          [
            -74.06453,
            41.059361
          ],
          [
            -74.038241,
            41.097814
          ],
          [
            -74.020117,
            41.103919
          ],
          [
            -73.953334,
            41.100096
          ],
          [
            -73.931459,
            41.093176
          ],
          [
            -73.916438,
            41.071943
          ],
          [
            -73.873004,
            41.070588
          ],
          [
            -73.861804,
            41.060508
          ],
          [
            -73.860389,
            41.09544
          ]
        ],
        "type": "LineString"
      }
    },
    {
      "type": "Feature",
      "id": "d10-sleepy-hollow-cemetery-to-pumpkin-blaze",
      "properties": {
        "feature_kind": "drive_leg",
        "mode": "driving",
        "route_id": "route-03",
        "day": 10,
        "date": "2026-10-13",
        "from": "sleepy-hollow-cemetery",
        "to": "pumpkin-blaze",
        "distance_miles": 7.7,
        "baseline_minutes": 19,
        "display_duration_minutes": 19,
        "counts_toward_drive_cap": true,
        "traffic_risk": "high",
        "map_color": "#00A8A8"
      },
      "geometry": {
        "coordinates": [
          [
            -73.860389,
            41.09544
          ],
          [
            -73.861395,
            41.09535
          ],
          [
            -73.861679,
            41.098148
          ],
          [
            -73.858229,
            41.111267
          ],
          [
            -73.861866,
            41.122866
          ],
          [
            -73.860638,
            41.134801
          ],
          [
            -73.861803,
            41.139478
          ],
          [
            -73.859746,
            41.153704
          ],
          [
            -73.861857,
            41.16598
          ],
          [
            -73.868527,
            41.176978
          ],
          [
            -73.86925,
            41.182286
          ],
          [
            -73.881265,
            41.193326
          ],
          [
            -73.880143,
            41.194311
          ],
          [
            -73.876506,
            41.191536
          ]
        ],
        "type": "LineString"
      }
    },
    {
      "type": "Feature",
      "id": "d10-pumpkin-blaze-to-milford-lodging",
      "properties": {
        "feature_kind": "drive_leg",
        "mode": "driving",
        "route_id": "route-03",
        "day": 10,
        "date": "2026-10-13",
        "from": "pumpkin-blaze",
        "to": "milford-lodging",
        "distance_miles": 49.3,
        "baseline_minutes": 73,
        "display_duration_minutes": 73,
        "counts_toward_drive_cap": true,
        "traffic_risk": "high",
        "map_color": "#00A8A8"
      },
      "geometry": {
        "coordinates": [
          [
            -73.876506,
            41.191536
          ],
          [
            -73.880143,
            41.194311
          ],
          [
            -73.882512,
            41.192764
          ],
          [
            -73.871422,
            41.18497
          ],
          [
            -73.859348,
            41.187111
          ],
          [
            -73.852515,
            41.182134
          ],
          [
            -73.839403,
            41.180508
          ],
          [
            -73.840056,
            41.172582
          ],
          [
            -73.835074,
            41.157077
          ],
          [
            -73.83157,
            41.151966
          ],
          [
            -73.823826,
            41.148565
          ],
          [
            -73.816981,
            41.130712
          ],
          [
            -73.8103,
            41.125205
          ],
          [
            -73.804766,
            41.113205
          ],
          [
            -73.797095,
            41.104898
          ],
          [
            -73.797738,
            41.099154
          ],
          [
            -73.778522,
            41.077132
          ],
          [
            -73.767259,
            41.069402
          ],
          [
            -73.76261,
            41.040821
          ],
          [
            -73.751327,
            41.03153
          ],
          [
            -73.73996,
            41.029653
          ],
          [
            -73.731593,
            41.025535
          ],
          [
            -73.722726,
            41.014958
          ],
          [
            -73.701766,
            41.011768
          ],
          [
            -73.692927,
            41.003318
          ],
          [
            -73.682028,
            40.999074
          ],
          [
            -73.676246,
            40.990312
          ],
          [
            -73.669432,
            40.987248
          ],
          [
            -73.63416,
            41.01827
          ],
          [
            -73.603918,
            41.027191
          ],
          [
            -73.595807,
            41.034833
          ],
          [
            -73.584121,
            41.039535
          ],
          [
            -73.567253,
            41.044683
          ],
          [
            -73.55181,
            41.044545
          ],
          [
            -73.515477,
            41.05638
          ],
          [
            -73.50265,
            41.06762
          ],
          [
            -73.491034,
            41.068036
          ],
          [
            -73.468062,
            41.074371
          ],
          [
            -73.457098,
            41.087917
          ],
          [
            -73.428502,
            41.104618
          ],
          [
            -73.406059,
            41.108531
          ],
          [
            -73.3768,
            41.120177
          ],
          [
            -73.340808,
            41.123368
          ],
          [
            -73.320925,
            41.120858
          ],
          [
            -73.301449,
            41.127537
          ],
          [
            -73.28418,
            41.141137
          ],
          [
            -73.269332,
            41.142746
          ],
          [
            -73.251046,
            41.148919
          ],
          [
            -73.246226,
            41.152665
          ],
          [
            -73.242997,
            41.160251
          ],
          [
            -73.234271,
            41.165251
          ],
          [
            -73.23643,
            41.167038
          ],
          [
            -73.235697,
            41.172517
          ],
          [
            -73.240043,
            41.177012
          ]
        ],
        "type": "LineString"
      }
    },
    {
      "type": "Feature",
      "id": "d11-milford-lodging-to-pez-visitor-center",
      "properties": {
        "feature_kind": "drive_leg",
        "mode": "driving",
        "route_id": "route-03",
        "day": 11,
        "date": "2026-10-14",
        "from": "milford-lodging",
        "to": "pez-visitor-center",
        "distance_miles": 17.3,
        "baseline_minutes": 27,
        "display_duration_minutes": 27,
        "counts_toward_drive_cap": true,
        "traffic_risk": "high",
        "map_color": "#00A8A8"
      },
      "geometry": {
        "coordinates": [
          [
            -73.240043,
            41.177012
          ],
          [
            -73.240616,
            41.176432
          ],
          [
            -73.235697,
            41.172517
          ],
          [
            -73.23643,
            41.167038
          ],
          [
            -73.235207,
            41.164539
          ],
          [
            -73.233628,
            41.166922
          ],
          [
            -73.232447,
            41.165807
          ],
          [
            -73.225794,
            41.168207
          ],
          [
            -73.211956,
            41.166197
          ],
          [
            -73.20276,
            41.167135
          ],
          [
            -73.190835,
            41.171782
          ],
          [
            -73.185031,
            41.177588
          ],
          [
            -73.181352,
            41.179035
          ],
          [
            -73.177845,
            41.178845
          ],
          [
            -73.165495,
            41.175048
          ],
          [
            -73.152598,
            41.175184
          ],
          [
            -73.138565,
            41.184712
          ],
          [
            -73.130265,
            41.194287
          ],
          [
            -73.121054,
            41.196866
          ],
          [
            -73.111735,
            41.204148
          ],
          [
            -73.091693,
            41.209224
          ],
          [
            -73.081081,
            41.218492
          ],
          [
            -73.072746,
            41.230454
          ],
          [
            -73.066078,
            41.235176
          ],
          [
            -73.060546,
            41.236982
          ],
          [
            -73.05474,
            41.237302
          ],
          [
            -73.034802,
            41.233011
          ],
          [
            -73.019081,
            41.240069
          ],
          [
            -72.999832,
            41.252151
          ],
          [
            -73.000287,
            41.257918
          ],
          [
            -72.996853,
            41.258561
          ],
          [
            -72.99693,
            41.263795
          ]
        ],
        "type": "LineString"
      }
    },
    {
      "type": "Feature",
      "id": "d11-pez-visitor-center-to-boston-logan-hotel",
      "properties": {
        "feature_kind": "drive_leg",
        "mode": "driving",
        "route_id": "route-03",
        "day": 11,
        "date": "2026-10-14",
        "from": "pez-visitor-center",
        "to": "boston-logan-hotel",
        "distance_miles": 143.3,
        "baseline_minutes": 181,
        "display_duration_minutes": 181,
        "counts_toward_drive_cap": true,
        "traffic_risk": "high",
        "map_color": "#00A8A8"
      },
      "geometry": {
        "coordinates": [
          [
            -72.99693,
            41.263795
          ],
          [
            -72.979419,
            41.284054
          ],
          [
            -72.948939,
            41.29749
          ],
          [
            -72.922213,
            41.365308
          ],
          [
            -72.863831,
            41.402891
          ],
          [
            -72.82159,
            41.481063
          ],
          [
            -72.770941,
            41.521037
          ],
          [
            -72.774099,
            41.565428
          ],
          [
            -72.698972,
            41.710766
          ],
          [
            -72.665607,
            41.727894
          ],
          [
            -72.657751,
            41.75027
          ],
          [
            -72.633374,
            41.763622
          ],
          [
            -72.576199,
            41.774944
          ],
          [
            -72.553431,
            41.800971
          ],
          [
            -72.469261,
            41.830939
          ],
          [
            -72.430713,
            41.854013
          ],
          [
            -72.37389,
            41.857102
          ],
          [
            -72.205281,
            41.948043
          ],
          [
            -72.098482,
            42.073082
          ],
          [
            -72.063643,
            42.128252
          ],
          [
            -71.756836,
            42.220728
          ],
          [
            -71.618119,
            42.229365
          ],
          [
            -71.557662,
            42.269541
          ],
          [
            -71.411699,
            42.315475
          ],
          [
            -71.368027,
            42.311283
          ],
          [
            -71.315058,
            42.334425
          ],
          [
            -71.178254,
            42.357713
          ],
          [
            -71.037544,
            42.346671
          ],
          [
            -71.027372,
            42.368784
          ],
          [
            -71.016767,
            42.366379
          ]
        ],
        "type": "LineString"
      }
    },
    {
      "type": "Feature",
      "id": "replacement-d1-book-barn",
      "properties": {
        "feature_kind": "replacement_drive_variant",
        "route_id": "route-03",
        "day": 1,
        "replacement_place_id": "book-barn-niantic",
        "replaces_place_ids": [
          "florence-griswold"
        ],
        "baseline_total_miles": 134.6,
        "baseline_total_minutes": 179,
        "delta_minutes": -6,
        "cap_status": "passes-baseline-cap",
        "map_color": "#00A8A8"
      },
      "geometry": {
        "type": "MultiLineString",
        "coordinates": [
          [
            [
              -71.029421,
              42.367769
            ],
            [
              -71.037429,
              42.346811
            ],
            [
              -71.177949,
              42.35787
            ],
            [
              -71.315031,
              42.33461
            ],
            [
              -71.367974,
              42.311463
            ],
            [
              -71.411453,
              42.315663
            ],
            [
              -71.557712,
              42.269721
            ],
            [
              -71.618632,
              42.229395
            ],
            [
              -71.752101,
              42.221818
            ],
            [
              -71.852286,
              42.194246
            ],
            [
              -71.844271,
              42.169907
            ],
            [
              -71.857429,
              42.150169
            ],
            [
              -71.855327,
              42.110991
            ],
            [
              -71.866693,
              42.082704
            ],
            [
              -71.853413,
              41.986055
            ],
            [
              -71.880361,
              41.953774
            ],
            [
              -71.878662,
              41.935657
            ],
            [
              -71.899228,
              41.899917
            ],
            [
              -71.870089,
              41.818284
            ],
            [
              -71.880192,
              41.739339
            ],
            [
              -71.950067,
              41.606264
            ],
            [
              -71.976722,
              41.590832
            ],
            [
              -72.064461,
              41.583367
            ],
            [
              -72.103563,
              41.558041
            ],
            [
              -72.119603,
              41.519011
            ],
            [
              -72.118006,
              41.439489
            ],
            [
              -72.149301,
              41.404234
            ],
            [
              -72.20963,
              41.366208
            ],
            [
              -72.208168,
              41.321721
            ]
          ],
          [
            [
              -72.208168,
              41.321721
            ],
            [
              -72.200378,
              41.322113
            ],
            [
              -72.185368,
              41.324667
            ],
            [
              -72.177841,
              41.323723
            ],
            [
              -72.174957,
              41.324385
            ],
            [
              -72.170148,
              41.326757
            ],
            [
              -72.158982,
              41.328538
            ],
            [
              -72.157246,
              41.329554
            ],
            [
              -72.153292,
              41.335166
            ],
            [
              -72.143047,
              41.339748
            ],
            [
              -72.129471,
              41.342806
            ],
            [
              -72.119462,
              41.341732
            ],
            [
              -72.115348,
              41.342639
            ],
            [
              -72.113585,
              41.343477
            ],
            [
              -72.107372,
              41.34859
            ],
            [
              -72.104766,
              41.349428
            ],
            [
              -72.10053,
              41.354075
            ],
            [
              -72.099533,
              41.35432
            ],
            [
              -72.099568,
              41.355787
            ],
            [
              -72.095976,
              41.356532
            ],
            [
              -72.094474,
              41.355444
            ]
          ],
          [
            [
              -72.0946,
              41.3554
            ],
            [
              -72.2418,
              41.1536
            ]
          ],
          [
            [
              -72.242065,
              41.154569
            ],
            [
              -72.242505,
              41.155231
            ],
            [
              -72.244008,
              41.154345
            ],
            [
              -72.244368,
              41.154907
            ],
            [
              -72.248869,
              41.154013
            ],
            [
              -72.255652,
              41.149866
            ],
            [
              -72.261822,
              41.14796
            ],
            [
              -72.264329,
              41.148331
            ],
            [
              -72.2681,
              41.150427
            ],
            [
              -72.276322,
              41.151816
            ],
            [
              -72.280725,
              41.151966
            ],
            [
              -72.28874,
              41.14913
            ],
            [
              -72.300446,
              41.143108
            ],
            [
              -72.303584,
              41.142748
            ],
            [
              -72.309159,
              41.143791
            ],
            [
              -72.315987,
              41.142606
            ],
            [
              -72.317872,
              41.14116
            ],
            [
              -72.320277,
              41.136833
            ],
            [
              -72.324804,
              41.134078
            ],
            [
              -72.328784,
              41.130548
            ],
            [
              -72.338338,
              41.129122
            ],
            [
              -72.348426,
              41.120647
            ],
            [
              -72.367951,
              41.113948
            ],
            [
              -72.361567,
              41.108153
            ],
            [
              -72.359275,
              41.102909
            ],
            [
              -72.359196,
              41.103293
            ]
          ]
        ]
      }
    },
    {
      "type": "Feature",
      "id": "replacement-d2-aquarium",
      "properties": {
        "feature_kind": "replacement_drive_variant",
        "route_id": "route-03",
        "day": 2,
        "replacement_place_id": "long-island-aquarium",
        "replaces_place_ids": [
          "parrish-art-museum",
          "big-duck"
        ],
        "baseline_total_miles": 42,
        "baseline_total_minutes": 92,
        "delta_minutes": -4,
        "cap_status": "passes-baseline-cap",
        "map_color": "#00A8A8"
      },
      "geometry": {
        "type": "MultiLineString",
        "coordinates": [
          [
            [
              -72.359196,
              41.103293
            ],
            [
              -72.359177,
              41.103324
            ],
            [
              -72.358729,
              41.103451
            ],
            [
              -72.358383,
              41.102617
            ],
            [
              -72.359074,
              41.10245
            ],
            [
              -72.358796,
              41.10174
            ],
            [
              -72.358852,
              41.101676
            ],
            [
              -72.359213,
              41.101616
            ],
            [
              -72.359127,
              41.10124
            ]
          ],
          [
            [
              -72.3593,
              41.1012
            ],
            [
              -72.3567,
              41.0847
            ]
          ],
          [
            [
              -72.356628,
              41.084695
            ],
            [
              -72.35671,
              41.084251
            ],
            [
              -72.355018,
              41.083923
            ],
            [
              -72.354695,
              41.083363
            ],
            [
              -72.35293,
              41.083387
            ],
            [
              -72.351676,
              41.083866
            ],
            [
              -72.351312,
              41.083679
            ],
            [
              -72.34987,
              41.082119
            ],
            [
              -72.348284,
              41.076506
            ],
            [
              -72.345899,
              41.076022
            ],
            [
              -72.344259,
              41.075031
            ],
            [
              -72.334889,
              41.075503
            ],
            [
              -72.33223,
              41.075325
            ],
            [
              -72.332145,
              41.069301
            ],
            [
              -72.330369,
              41.063777
            ],
            [
              -72.325208,
              41.062512
            ],
            [
              -72.321437,
              41.062952
            ],
            [
              -72.318646,
              41.062833
            ],
            [
              -72.316775,
              41.061303
            ],
            [
              -72.314607,
              41.060664
            ],
            [
              -72.309322,
              41.055623
            ],
            [
              -72.307936,
              41.055744
            ],
            [
              -72.301719,
              41.057844
            ]
          ],
          [
            [
              -72.301719,
              41.057844
            ],
            [
              -72.302811,
              41.057382
            ],
            [
              -72.30481,
              41.056974
            ],
            [
              -72.307936,
              41.055744
            ],
            [
              -72.309322,
              41.055623
            ],
            [
              -72.314607,
              41.060664
            ],
            [
              -72.316775,
              41.061303
            ],
            [
              -72.318427,
              41.062736
            ],
            [
              -72.318985,
              41.062922
            ],
            [
              -72.321012,
              41.062971
            ],
            [
              -72.322533,
              41.062719
            ],
            [
              -72.325241,
              41.062691
            ],
            [
              -72.325149,
              41.061113
            ],
            [
              -72.325704,
              41.059222
            ],
            [
              -72.324214,
              41.053766
            ],
            [
              -72.325411,
              41.053613
            ],
            [
              -72.327143,
              41.052632
            ],
            [
              -72.327696,
              41.051616
            ],
            [
              -72.327456,
              41.049745
            ],
            [
              -72.327376,
              41.045742
            ],
            [
              -72.327393,
              41.045201
            ],
            [
              -72.327593,
              41.045035
            ],
            [
              -72.327149,
              41.044945
            ],
            [
              -72.32724,
              41.044436
            ],
            [
              -72.326149,
              41.043933
            ]
          ],
          [
            [
              -72.3279,
              41.0403
            ],
            [
              -72.3185,
              41.0158
            ]
          ],
          [
            [
              -72.318536,
              41.015827
            ],
            [
              -72.313227,
              41.012884
            ],
            [
              -72.318619,
              41.001964
            ],
            [
              -72.3263,
              40.995648
            ],
            [
              -72.332392,
              40.994347
            ],
            [
              -72.340172,
              40.995896
            ],
            [
              -72.372985,
              40.985167
            ],
            [
              -72.378183,
              40.970698
            ],
            [
              -72.382185,
              40.968893
            ],
            [
              -72.39059,
              40.961061
            ],
            [
              -72.394337,
              40.950813
            ],
            [
              -72.400115,
              40.944763
            ],
            [
              -72.405672,
              40.94215
            ],
            [
              -72.406752,
              40.939366
            ],
            [
              -72.412027,
              40.933868
            ],
            [
              -72.418001,
              40.930315
            ],
            [
              -72.413281,
              40.924714
            ],
            [
              -72.410163,
              40.914997
            ],
            [
              -72.409266,
              40.901316
            ],
            [
              -72.410693,
              40.898832
            ],
            [
              -72.436382,
              40.902552
            ],
            [
              -72.441929,
              40.901572
            ],
            [
              -72.449798,
              40.902946
            ],
            [
              -72.454422,
              40.898992
            ],
            [
              -72.454264,
              40.896822
            ],
            [
              -72.456755,
              40.895456
            ],
            [
              -72.471719,
              40.894537
            ],
            [
              -72.486715,
              40.891535
            ],
            [
              -72.516981,
              40.887607
            ],
            [
              -72.526252,
              40.884915
            ],
            [
              -72.544786,
              40.877123
            ],
            [
              -72.596954,
              40.874781
            ],
            [
              -72.61167,
              40.872039
            ],
            [
              -72.61794,
              40.872005
            ],
            [
              -72.638155,
              40.878745
            ],
            [
              -72.649518,
              40.898918
            ],
            [
              -72.662699,
              40.914894
            ],
            [
              -72.662524,
              40.916927
            ],
            [
              -72.656698,
              40.918283
            ]
          ],
          [
            [
              -72.656698,
              40.918283
            ],
            [
              -72.656888,
              40.918566
            ],
            [
              -72.658709,
              40.917887
            ],
            [
              -72.663046,
              40.916904
            ],
            [
              -72.666265,
              40.917287
            ],
            [
              -72.67004,
              40.918205
            ],
            [
              -72.677942,
              40.917845
            ],
            [
              -72.681347,
              40.91696
            ],
            [
              -72.68521,
              40.914952
            ],
            [
              -72.686772,
              40.914618
            ],
            [
              -72.687758,
              40.914922
            ],
            [
              -72.689597,
              40.916512
            ],
            [
              -72.69455,
              40.917197
            ],
            [
              -72.70537,
              40.915837
            ],
            [
              -72.715371,
              40.917175
            ],
            [
              -72.715649,
              40.917445
            ],
            [
              -72.715692,
              40.918989
            ],
            [
              -72.714447,
              40.920011
            ],
            [
              -72.714645,
              40.921816
            ],
            [
              -72.715607,
              40.921727
            ]
          ],
          [
            [
              -72.715607,
              40.921727
            ],
            [
              -72.714761,
              40.92175
            ],
            [
              -72.71453,
              40.919938
            ],
            [
              -72.715806,
              40.919017
            ],
            [
              -72.715727,
              40.917237
            ],
            [
              -72.706716,
              40.915898
            ],
            [
              -72.703881,
              40.91591
            ],
            [
              -72.694684,
              40.917208
            ],
            [
              -72.689597,
              40.916512
            ],
            [
              -72.687758,
              40.914922
            ],
            [
              -72.686646,
              40.914616
            ],
            [
              -72.68521,
              40.914952
            ],
            [
              -72.681347,
              40.91696
            ],
            [
              -72.677158,
              40.917932
            ],
            [
              -72.67004,
              40.918205
            ],
            [
              -72.666265,
              40.917287
            ],
            [
              -72.662418,
              40.916949
            ]
          ]
        ]
      }
    },
    {
      "type": "Feature",
      "id": "replacement-d3-ocean-grove",
      "properties": {
        "feature_kind": "replacement_drive_variant",
        "route_id": "route-03",
        "day": 3,
        "replacement_place_id": "ocean-grove",
        "replaces_place_ids": [
          "cradle-of-aviation"
        ],
        "baseline_total_miles": 134.2,
        "baseline_total_minutes": 191,
        "delta_minutes": -7,
        "cap_status": "passes-baseline-cap",
        "map_color": "#00A8A8"
      },
      "geometry": {
        "type": "MultiLineString",
        "coordinates": [
          [
            [
              -72.662418,
              40.916949
            ],
            [
              -72.745071,
              40.836552
            ],
            [
              -72.767066,
              40.827682
            ],
            [
              -72.835036,
              40.820462
            ],
            [
              -72.871464,
              40.804013
            ],
            [
              -73.031589,
              40.777122
            ],
            [
              -73.13516,
              40.749394
            ],
            [
              -73.362642,
              40.713142
            ],
            [
              -73.434306,
              40.679044
            ],
            [
              -73.570141,
              40.658022
            ],
            [
              -73.671771,
              40.654989
            ],
            [
              -73.721492,
              40.66562
            ],
            [
              -73.839165,
              40.666888
            ],
            [
              -73.895521,
              40.624086
            ],
            [
              -73.917074,
              40.584406
            ],
            [
              -73.986236,
              40.584089
            ],
            [
              -74.031731,
              40.60623
            ],
            [
              -74.029528,
              40.613696
            ],
            [
              -74.060345,
              40.602079
            ],
            [
              -74.095768,
              40.610738
            ],
            [
              -74.145525,
              40.60787
            ],
            [
              -74.174768,
              40.621271
            ],
            [
              -74.193301,
              40.592298
            ],
            [
              -74.191059,
              40.569462
            ],
            [
              -74.219795,
              40.549657
            ],
            [
              -74.226867,
              40.526468
            ],
            [
              -74.280952,
              40.529168
            ],
            [
              -74.304254,
              40.521136
            ],
            [
              -74.302248,
              40.48176
            ],
            [
              -74.265027,
              40.442086
            ],
            [
              -74.206702,
              40.416773
            ],
            [
              -74.177219,
              40.386363
            ],
            [
              -74.150061,
              40.376451
            ],
            [
              -74.103486,
              40.340589
            ],
            [
              -74.092383,
              40.283893
            ],
            [
              -74.062364,
              40.269563
            ],
            [
              -74.051975,
              40.227612
            ],
            [
              -74.011801,
              40.220371
            ],
            [
              -74.006119,
              40.212161
            ]
          ],
          [
            [
              -74.006119,
              40.212161
            ],
            [
              -74.006201,
              40.211938
            ],
            [
              -74.014192,
              40.213656
            ],
            [
              -74.011801,
              40.220371
            ],
            [
              -74.012089,
              40.220431
            ]
          ]
        ]
      }
    },
    {
      "type": "Feature",
      "id": "replacement-d4-atlantus",
      "properties": {
        "feature_kind": "replacement_drive_variant",
        "route_id": "route-03",
        "day": 4,
        "replacement_place_id": "sunset-beach-atlantus",
        "replaces_place_ids": [
          "lucy-elephant"
        ],
        "baseline_total_miles": 117.2,
        "baseline_total_minutes": 153,
        "delta_minutes": -8,
        "cap_status": "passes-baseline-cap",
        "map_color": "#00A8A8"
      },
      "geometry": {
        "type": "MultiLineString",
        "coordinates": [
          [
            [
              -74.012089,
              40.220431
            ],
            [
              -74.059292,
              40.230447
            ],
            [
              -74.100695,
              40.218982
            ],
            [
              -74.106133,
              40.151727
            ],
            [
              -74.213436,
              39.983242
            ],
            [
              -74.206301,
              39.959226
            ],
            [
              -74.213499,
              39.879585
            ],
            [
              -74.235428,
              39.798289
            ],
            [
              -74.269668,
              39.724235
            ],
            [
              -74.319565,
              39.665796
            ],
            [
              -74.430583,
              39.609503
            ],
            [
              -74.45675,
              39.581388
            ],
            [
              -74.468617,
              39.544777
            ],
            [
              -74.516041,
              39.521079
            ],
            [
              -74.541608,
              39.431295
            ],
            [
              -74.619286,
              39.321671
            ],
            [
              -74.629286,
              39.27682
            ],
            [
              -74.806283,
              39.09969
            ],
            [
              -74.864826,
              39.012216
            ],
            [
              -74.876126,
              39.014638
            ],
            [
              -74.894991,
              38.996807
            ],
            [
              -74.908703,
              39.003234
            ]
          ],
          [
            [
              -74.908703,
              39.003234
            ],
            [
              -74.908709,
              39.003722
            ],
            [
              -74.910276,
              39.003714
            ],
            [
              -74.909084,
              39.000359
            ],
            [
              -74.905351,
              39.000236
            ],
            [
              -74.899845,
              38.999178
            ],
            [
              -74.896734,
              38.997719
            ],
            [
              -74.901735,
              38.990126
            ],
            [
              -74.902284,
              38.987528
            ],
            [
              -74.906293,
              38.981911
            ],
            [
              -74.909511,
              38.979592
            ],
            [
              -74.914308,
              38.977545
            ],
            [
              -74.918161,
              38.972321
            ],
            [
              -74.920544,
              38.970273
            ],
            [
              -74.922171,
              38.967214
            ],
            [
              -74.921896,
              38.9633
            ],
            [
              -74.925595,
              38.952789
            ],
            [
              -74.926486,
              38.947366
            ],
            [
              -74.9279,
              38.94546
            ],
            [
              -74.933694,
              38.948426
            ],
            [
              -74.937742,
              38.949675
            ],
            [
              -74.940012,
              38.944797
            ],
            [
              -74.94198,
              38.94218
            ],
            [
              -74.942461,
              38.937916
            ],
            [
              -74.96973,
              38.944165
            ]
          ],
          [
            [
              -74.96973,
              38.944165
            ],
            [
              -74.969594,
              38.944399
            ],
            [
              -74.969152,
              38.944306
            ],
            [
              -74.924563,
              38.933695
            ],
            [
              -74.923841,
              38.933037
            ],
            [
              -74.92148,
              38.935364
            ],
            [
              -74.921138,
              38.935163
            ]
          ]
        ]
      }
    },
    {
      "type": "Feature",
      "id": "replacement-d5-zwaanendael",
      "properties": {
        "feature_kind": "replacement_drive_variant",
        "route_id": "route-03",
        "day": 5,
        "replacement_place_id": "zwaanendael",
        "replaces_place_ids": [
          "fort-miles"
        ],
        "baseline_total_miles": 111.2,
        "baseline_total_minutes": 182,
        "delta_minutes": 0,
        "cap_status": "passes-baseline-cap",
        "map_color": "#00A8A8"
      },
      "geometry": {
        "type": "MultiLineString",
        "coordinates": [
          [
            [
              -74.921138,
              38.935163
            ],
            [
              -74.92148,
              38.935364
            ],
            [
              -74.922357,
              38.934465
            ],
            [
              -74.923323,
              38.935115
            ],
            [
              -74.925552,
              38.938204
            ],
            [
              -74.927281,
              38.939204
            ],
            [
              -74.926783,
              38.941524
            ],
            [
              -74.929476,
              38.942993
            ],
            [
              -74.926486,
              38.947366
            ],
            [
              -74.925595,
              38.952789
            ],
            [
              -74.921939,
              38.9631
            ],
            [
              -74.922263,
              38.966785
            ],
            [
              -74.921295,
              38.968799
            ],
            [
              -74.930623,
              38.972897
            ],
            [
              -74.932963,
              38.973586
            ],
            [
              -74.935654,
              38.973953
            ],
            [
              -74.940631,
              38.973221
            ],
            [
              -74.956839,
              38.97369
            ],
            [
              -74.957776,
              38.973351
            ],
            [
              -74.958332,
              38.972817
            ],
            [
              -74.958982,
              38.969353
            ],
            [
              -74.959593,
              38.96865
            ]
          ],
          [
            [
              -74.9597,
              38.9687
            ],
            [
              -75.1199,
              38.7824
            ]
          ],
          [
            [
              -75.119793,
              38.782371
            ],
            [
              -75.119916,
              38.782001
            ],
            [
              -75.119784,
              38.781756
            ],
            [
              -75.119765,
              38.780889
            ],
            [
              -75.119987,
              38.780601
            ],
            [
              -75.119973,
              38.780085
            ],
            [
              -75.121568,
              38.780012
            ],
            [
              -75.126285,
              38.780256
            ],
            [
              -75.129971,
              38.780373
            ],
            [
              -75.131279,
              38.780462
            ],
            [
              -75.132446,
              38.780646
            ],
            [
              -75.139337,
              38.774157
            ]
          ],
          [
            [
              -75.139337,
              38.774157
            ],
            [
              -75.132446,
              38.780646
            ],
            [
              -75.120789,
              38.780024
            ],
            [
              -75.103883,
              38.782056
            ],
            [
              -75.103386,
              38.781813
            ],
            [
              -75.101438,
              38.779299
            ],
            [
              -75.100414,
              38.779519
            ],
            [
              -75.098695,
              38.777639
            ],
            [
              -75.0932,
              38.777069
            ],
            [
              -75.091672,
              38.776585
            ]
          ],
          [
            [
              -75.091672,
              38.776585
            ],
            [
              -75.103286,
              38.7822
            ],
            [
              -75.126495,
              38.780201
            ],
            [
              -75.150132,
              38.751994
            ],
            [
              -75.176202,
              38.747465
            ],
            [
              -75.198772,
              38.729351
            ],
            [
              -75.213641,
              38.704711
            ],
            [
              -75.221705,
              38.675414
            ],
            [
              -75.247203,
              38.670185
            ],
            [
              -75.259813,
              38.645342
            ],
            [
              -75.274858,
              38.630833
            ],
            [
              -75.282655,
              38.60209
            ],
            [
              -75.290773,
              38.597442
            ],
            [
              -75.295336,
              38.585409
            ],
            [
              -75.238928,
              38.514981
            ],
            [
              -75.233049,
              38.451053
            ],
            [
              -75.203322,
              38.389512
            ],
            [
              -75.214967,
              38.350829
            ],
            [
              -75.210014,
              38.329874
            ],
            [
              -75.211703,
              38.324077
            ],
            [
              -75.217515,
              38.322936
            ]
          ],
          [
            [
              -75.217515,
              38.322936
            ],
            [
              -75.216936,
              38.32402
            ],
            [
              -75.214199,
              38.324619
            ],
            [
              -75.208064,
              38.323251
            ],
            [
              -75.202899,
              38.321181
            ],
            [
              -75.193697,
              38.314614
            ],
            [
              -75.188827,
              38.312668
            ],
            [
              -75.165419,
              38.296009
            ],
            [
              -75.151489,
              38.289744
            ],
            [
              -75.156599,
              38.273926
            ],
            [
              -75.156795,
              38.269599
            ],
            [
              -75.15783,
              38.266067
            ],
            [
              -75.161572,
              38.262085
            ],
            [
              -75.16469,
              38.257454
            ],
            [
              -75.163793,
              38.25531
            ],
            [
              -75.157172,
              38.250825
            ]
          ],
          [
            [
              -75.157172,
              38.250825
            ],
            [
              -75.16469,
              38.257454
            ],
            [
              -75.151489,
              38.289744
            ],
            [
              -75.211703,
              38.324077
            ],
            [
              -75.24421,
              38.26813
            ],
            [
              -75.265258,
              38.254198
            ],
            [
              -75.302389,
              38.243868
            ],
            [
              -75.313437,
              38.235602
            ],
            [
              -75.334252,
              38.232005
            ],
            [
              -75.351258,
              38.210042
            ],
            [
              -75.400238,
              38.173422
            ],
            [
              -75.403961,
              38.155775
            ],
            [
              -75.417343,
              38.143992
            ],
            [
              -75.474058,
              38.111748
            ],
            [
              -75.490645,
              38.095995
            ],
            [
              -75.540054,
              38.083048
            ],
            [
              -75.548243,
              38.064664
            ],
            [
              -75.541562,
              38.032039
            ],
            [
              -75.544781,
              38.00666
            ],
            [
              -75.529607,
              37.982874
            ],
            [
              -75.540298,
              37.946012
            ],
            [
              -75.495911,
              37.933338
            ],
            [
              -75.476869,
              37.920448
            ],
            [
              -75.453649,
              37.94328
            ],
            [
              -75.41753,
              37.934864
            ],
            [
              -75.375925,
              37.939764
            ],
            [
              -75.371122,
              37.9373
            ],
            [
              -75.377842,
              37.934084
            ]
          ]
        ]
      }
    },
    {
      "type": "Feature",
      "id": "replacement-d6-cape-charles",
      "properties": {
        "feature_kind": "replacement_drive_variant",
        "route_id": "route-03",
        "day": 6,
        "replacement_place_id": "cape-charles",
        "replaces_place_ids": [
          "barrier-islands-center"
        ],
        "baseline_total_miles": 106.7,
        "baseline_total_minutes": 165,
        "delta_minutes": -34,
        "cap_status": "passes-baseline-cap",
        "map_color": "#00A8A8"
      },
      "geometry": {
        "type": "MultiLineString",
        "coordinates": [
          [
            [
              -75.377842,
              37.934084
            ],
            [
              -75.373763,
              37.93517
            ],
            [
              -75.371122,
              37.9373
            ],
            [
              -75.373804,
              37.93934
            ],
            [
              -75.375925,
              37.939764
            ],
            [
              -75.382971,
              37.937256
            ],
            [
              -75.393936,
              37.9379
            ],
            [
              -75.41753,
              37.934864
            ],
            [
              -75.453335,
              37.94332
            ],
            [
              -75.455687,
              37.942183
            ],
            [
              -75.46009,
              37.93525
            ],
            [
              -75.471574,
              37.921731
            ],
            [
              -75.474551,
              37.920582
            ],
            [
              -75.477758,
              37.920552
            ],
            [
              -75.480081,
              37.92127
            ],
            [
              -75.485165,
              37.924142
            ],
            [
              -75.482392,
              37.929545
            ],
            [
              -75.478827,
              37.934271
            ],
            [
              -75.479408,
              37.934263
            ],
            [
              -75.479193,
              37.93491
            ],
            [
              -75.475442,
              37.934972
            ],
            [
              -75.475103,
              37.936457
            ],
            [
              -75.47365,
              37.937356
            ],
            [
              -75.469887,
              37.935714
            ],
            [
              -75.470544,
              37.934798
            ],
            [
              -75.469342,
              37.934776
            ]
          ],
          [
            [
              -75.469342,
              37.934776
            ],
            [
              -75.479193,
              37.93491
            ],
            [
              -75.507226,
              37.900839
            ],
            [
              -75.520813,
              37.874541
            ],
            [
              -75.532101,
              37.875145
            ],
            [
              -75.539301,
              37.86835
            ],
            [
              -75.558182,
              37.86933
            ],
            [
              -75.557592,
              37.860434
            ],
            [
              -75.593345,
              37.811681
            ],
            [
              -75.618059,
              37.759419
            ],
            [
              -75.649032,
              37.735309
            ],
            [
              -75.682635,
              37.722617
            ],
            [
              -75.698699,
              37.706346
            ],
            [
              -75.718706,
              37.696434
            ],
            [
              -75.724401,
              37.677368
            ],
            [
              -75.812531,
              37.544427
            ],
            [
              -75.828446,
              37.536606
            ],
            [
              -75.83384,
              37.512453
            ],
            [
              -75.902455,
              37.405489
            ],
            [
              -75.912542,
              37.397092
            ],
            [
              -75.951261,
              37.32249
            ],
            [
              -75.978582,
              37.289297
            ],
            [
              -75.97558,
              37.272089
            ],
            [
              -76.017404,
              37.26808
            ]
          ],
          [
            [
              -76.017404,
              37.26808
            ],
            [
              -75.975249,
              37.271745
            ],
            [
              -75.966161,
              37.210323
            ],
            [
              -75.971679,
              37.151286
            ],
            [
              -75.966447,
              37.135981
            ],
            [
              -75.96981,
              37.09635
            ],
            [
              -76.010536,
              37.083033
            ],
            [
              -76.08683,
              37.029803
            ],
            [
              -76.124116,
              36.936871
            ],
            [
              -76.130803,
              36.901223
            ],
            [
              -76.174328,
              36.89122
            ],
            [
              -76.196311,
              36.875982
            ],
            [
              -76.212352,
              36.881742
            ],
            [
              -76.210195,
              36.892994
            ]
          ]
        ]
      }
    },
    {
      "type": "Feature",
      "id": "replacement-d7-hermitage",
      "properties": {
        "feature_kind": "replacement_drive_variant",
        "route_id": "route-03",
        "day": 7,
        "replacement_place_id": "hermitage-norfolk",
        "replaces_place_ids": [
          "norfolk-pagoda",
          "nauticus-wisconsin",
          "vibe-neptune"
        ],
        "baseline_total_miles": 141.8,
        "baseline_total_minutes": 205,
        "delta_minutes": 1,
        "cap_status": "passes-baseline-cap",
        "map_color": "#00A8A8"
      },
      "geometry": {
        "type": "MultiLineString",
        "coordinates": [
          [
            [
              -76.210195,
              36.892994
            ],
            [
              -76.210178,
              36.891453
            ],
            [
              -76.208212,
              36.889143
            ],
            [
              -76.213474,
              36.883881
            ],
            [
              -76.212691,
              36.882862
            ],
            [
              -76.21304,
              36.881948
            ],
            [
              -76.225513,
              36.88549
            ],
            [
              -76.228036,
              36.887255
            ],
            [
              -76.231241,
              36.891731
            ],
            [
              -76.235032,
              36.900282
            ],
            [
              -76.2366,
              36.902066
            ],
            [
              -76.239952,
              36.903411
            ],
            [
              -76.24915,
              36.903462
            ],
            [
              -76.252532,
              36.904388
            ],
            [
              -76.260144,
              36.909722
            ],
            [
              -76.26753,
              36.917288
            ],
            [
              -76.2755,
              36.919801
            ],
            [
              -76.28114,
              36.923503
            ],
            [
              -76.281283,
              36.924226
            ],
            [
              -76.280484,
              36.924564
            ],
            [
              -76.279961,
              36.923529
            ],
            [
              -76.283328,
              36.920737
            ],
            [
              -76.309541,
              36.918139
            ],
            [
              -76.310425,
              36.917688
            ],
            [
              -76.309916,
              36.917219
            ],
            [
              -76.314445,
              36.913503
            ],
            [
              -76.315322,
              36.911659
            ],
            [
              -76.314645,
              36.911622
            ]
          ],
          [
            [
              -76.314645,
              36.911622
            ],
            [
              -76.312878,
              36.914998
            ],
            [
              -76.309839,
              36.917144
            ],
            [
              -76.308847,
              36.916541
            ],
            [
              -76.309413,
              36.918038
            ],
            [
              -76.283462,
              36.920599
            ],
            [
              -76.279365,
              36.921828
            ],
            [
              -76.26863,
              36.91744
            ],
            [
              -76.252934,
              36.904033
            ],
            [
              -76.240456,
              36.903214
            ],
            [
              -76.237158,
              36.90211
            ],
            [
              -76.227243,
              36.886153
            ],
            [
              -76.20318,
              36.879088
            ],
            [
              -76.198046,
              36.87544
            ],
            [
              -76.197984,
              36.873271
            ],
            [
              -76.198884,
              36.874376
            ],
            [
              -76.181464,
              36.884516
            ],
            [
              -76.173883,
              36.891212
            ],
            [
              -76.133152,
              36.899835
            ],
            [
              -76.128143,
              36.903876
            ],
            [
              -76.113384,
              36.906837
            ],
            [
              -76.100323,
              36.907919
            ],
            [
              -76.086664,
              36.907379
            ],
            [
              -76.08187,
              36.909567
            ],
            [
              -76.059201,
              36.914624
            ],
            [
              -76.044367,
              36.921316
            ],
            [
              -76.038041,
              36.919886
            ],
            [
              -76.02139,
              36.919368
            ],
            [
              -75.999237,
              36.907712
            ],
            [
              -75.993812,
              36.907526
            ],
            [
              -75.988444,
              36.89041
            ],
            [
              -75.986924,
              36.890654
            ]
          ],
          [
            [
              -75.986924,
              36.890654
            ],
            [
              -75.993697,
              36.907686
            ],
            [
              -76.043845,
              36.921456
            ],
            [
              -76.173925,
              36.891353
            ],
            [
              -76.196311,
              36.875982
            ],
            [
              -76.226776,
              36.886178
            ],
            [
              -76.2366,
              36.902066
            ],
            [
              -76.269428,
              36.919271
            ],
            [
              -76.264758,
              36.959012
            ],
            [
              -76.298632,
              36.968315
            ],
            [
              -76.333437,
              37.029064
            ],
            [
              -76.386988,
              37.034908
            ],
            [
              -76.475598,
              37.108495
            ],
            [
              -76.513741,
              37.120834
            ],
            [
              -76.570449,
              37.201577
            ],
            [
              -76.62739,
              37.234606
            ],
            [
              -76.697258,
              37.322445
            ],
            [
              -76.77864,
              37.399948
            ],
            [
              -76.914681,
              37.478073
            ],
            [
              -77.105651,
              37.507998
            ],
            [
              -77.372245,
              37.529904
            ],
            [
              -77.392817,
              37.545249
            ],
            [
              -77.426246,
              37.532049
            ]
          ],
          [
            [
              -77.426246,
              37.532049
            ],
            [
              -77.427661,
              37.532905
            ],
            [
              -77.428731,
              37.531794
            ],
            [
              -77.429986,
              37.532388
            ],
            [
              -77.431231,
              37.532441
            ],
            [
              -77.432744,
              37.533343
            ],
            [
              -77.432545,
              37.534167
            ],
            [
              -77.43732,
              37.535317
            ],
            [
              -77.448796,
              37.54243
            ],
            [
              -77.45064,
              37.542895
            ],
            [
              -77.455974,
              37.543132
            ],
            [
              -77.468822,
              37.547642
            ],
            [
              -77.475127,
              37.548178
            ],
            [
              -77.480811,
              37.550121
            ],
            [
              -77.483287,
              37.55181
            ],
            [
              -77.488367,
              37.553647
            ],
            [
              -77.489614,
              37.554674
            ],
            [
              -77.489862,
              37.55622
            ],
            [
              -77.488928,
              37.55906
            ],
            [
              -77.487431,
              37.560658
            ],
            [
              -77.486577,
              37.560678
            ],
            [
              -77.486991,
              37.559493
            ],
            [
              -77.505495,
              37.568328
            ],
            [
              -77.50499,
              37.568013
            ]
          ]
        ]
      }
    },
    {
      "type": "Feature",
      "id": "replacement-d8-baltimore-industry",
      "properties": {
        "feature_kind": "replacement_drive_variant",
        "route_id": "route-03",
        "day": 8,
        "replacement_place_id": "baltimore-industry",
        "replaces_place_ids": [
          "bo-railroad"
        ],
        "baseline_total_miles": 155.1,
        "baseline_total_minutes": 202,
        "delta_minutes": -5,
        "cap_status": "passes-baseline-cap",
        "map_color": "#00A8A8"
      },
      "geometry": {
        "type": "MultiLineString",
        "coordinates": [
          [
            [
              -77.50499,
              37.568013
            ],
            [
              -77.504957,
              37.567997
            ],
            [
              -77.504918,
              37.568054
            ],
            [
              -77.506491,
              37.568803
            ],
            [
              -77.506814,
              37.568351
            ],
            [
              -77.506577,
              37.568222
            ]
          ],
          [
            [
              -77.506577,
              37.568222
            ],
            [
              -77.483685,
              37.563095
            ],
            [
              -77.443787,
              37.618358
            ],
            [
              -77.458503,
              37.917283
            ],
            [
              -77.49183,
              37.97177
            ],
            [
              -77.517116,
              38.090635
            ],
            [
              -77.498228,
              38.33308
            ],
            [
              -77.435112,
              38.397625
            ],
            [
              -77.275563,
              38.663032
            ],
            [
              -77.230255,
              38.680745
            ],
            [
              -77.172832,
              38.793353
            ],
            [
              -77.036509,
              38.878674
            ],
            [
              -76.967791,
              38.877244
            ],
            [
              -76.826539,
              39.07475
            ],
            [
              -76.709154,
              39.193935
            ],
            [
              -76.652716,
              39.222756
            ],
            [
              -76.634242,
              39.268422
            ],
            [
              -76.601881,
              39.273422
            ]
          ],
          [
            [
              -76.601881,
              39.273422
            ],
            [
              -76.599381,
              39.272075
            ],
            [
              -76.601003,
              39.268895
            ],
            [
              -76.600788,
              39.266354
            ],
            [
              -76.592088,
              39.264875
            ],
            [
              -76.58295,
              39.261226
            ],
            [
              -76.578656,
              39.260352
            ],
            [
              -76.57415,
              39.260615
            ],
            [
              -76.566447,
              39.263577
            ],
            [
              -76.563014,
              39.265579
            ],
            [
              -76.5531,
              39.273768
            ],
            [
              -76.552056,
              39.275431
            ],
            [
              -76.550664,
              39.280652
            ],
            [
              -76.548814,
              39.283084
            ],
            [
              -76.545022,
              39.284314
            ],
            [
              -76.53664,
              39.284254
            ],
            [
              -76.534045,
              39.285734
            ],
            [
              -76.530711,
              39.297526
            ],
            [
              -76.530338,
              39.302546
            ],
            [
              -76.530859,
              39.308737
            ],
            [
              -76.529809,
              39.310139
            ],
            [
              -76.502773,
              39.323056
            ],
            [
              -76.494932,
              39.32741
            ],
            [
              -76.491786,
              39.327678
            ],
            [
              -76.493688,
              39.32545
            ],
            [
              -76.494187,
              39.325603
            ]
          ]
        ]
      }
    },
    {
      "type": "Feature",
      "id": "replacement-d9-andalusia",
      "properties": {
        "feature_kind": "replacement_drive_variant",
        "route_id": "route-03",
        "day": 9,
        "replacement_place_id": "andalusia-estate",
        "replaces_place_ids": [
          "mutter-museum"
        ],
        "baseline_total_miles": 161.6,
        "baseline_total_minutes": 210,
        "delta_minutes": 0,
        "cap_status": "passes-baseline-cap",
        "map_color": "#00A8A8"
      },
      "geometry": {
        "type": "MultiLineString",
        "coordinates": [
          [
            [
              -76.494187,
              39.325603
            ],
            [
              -76.486621,
              39.332391
            ],
            [
              -76.492989,
              39.351678
            ],
            [
              -76.455868,
              39.372486
            ],
            [
              -76.40606,
              39.419044
            ],
            [
              -76.370095,
              39.440704
            ],
            [
              -76.340946,
              39.442546
            ],
            [
              -76.244223,
              39.486992
            ],
            [
              -76.133141,
              39.57447
            ],
            [
              -76.076434,
              39.586444
            ],
            [
              -75.925425,
              39.64533
            ],
            [
              -75.787127,
              39.638751
            ],
            [
              -75.706034,
              39.653941
            ],
            [
              -75.659685,
              39.682556
            ],
            [
              -75.590466,
              39.702441
            ],
            [
              -75.58254,
              39.713757
            ],
            [
              -75.543355,
              39.718317
            ],
            [
              -75.490892,
              39.757792
            ],
            [
              -75.451579,
              39.799561
            ],
            [
              -75.451765,
              39.816973
            ],
            [
              -75.423365,
              39.834215
            ],
            [
              -75.342425,
              39.86783
            ],
            [
              -75.256556,
              39.876387
            ],
            [
              -75.234226,
              39.892629
            ],
            [
              -75.209068,
              39.88562
            ],
            [
              -75.189806,
              39.896851
            ],
            [
              -75.152228,
              39.901378
            ],
            [
              -75.136711,
              39.965459
            ],
            [
              -74.980839,
              40.057409
            ],
            [
              -74.958284,
              40.062142
            ]
          ],
          [
            [
              -74.958284,
              40.062142
            ],
            [
              -74.959359,
              40.066666
            ],
            [
              -74.928718,
              40.075971
            ],
            [
              -74.934333,
              40.083188
            ],
            [
              -74.893163,
              40.10817
            ],
            [
              -74.883836,
              40.128225
            ],
            [
              -74.810977,
              40.111455
            ],
            [
              -74.776359,
              40.096074
            ],
            [
              -74.728248,
              40.09809
            ],
            [
              -74.647374,
              40.165849
            ],
            [
              -74.522573,
              40.244582
            ],
            [
              -74.446076,
              40.415463
            ],
            [
              -74.402784,
              40.477234
            ],
            [
              -74.416744,
              40.484397
            ],
            [
              -74.411983,
              40.496156
            ],
            [
              -74.357309,
              40.524556
            ],
            [
              -74.360668,
              40.542011
            ]
          ]
        ]
      }
    },
    {
      "type": "Feature",
      "id": "replacement-d10-rockefeller",
      "properties": {
        "feature_kind": "replacement_drive_variant",
        "route_id": "route-03",
        "day": 10,
        "replacement_place_id": "rockefeller-arts",
        "replaces_place_ids": [
          "sleepy-hollow-cemetery",
          "old-dutch-church",
          "headless-horseman"
        ],
        "baseline_total_miles": 117.4,
        "baseline_total_minutes": 176,
        "delta_minutes": -3,
        "cap_status": "passes-baseline-cap",
        "map_color": "#00A8A8"
      },
      "geometry": {
        "type": "MultiLineString",
        "coordinates": [
          [
            [
              -74.360668,
              40.542011
            ],
            [
              -74.35835,
              40.52426
            ],
            [
              -74.345087,
              40.529449
            ],
            [
              -74.335888,
              40.527753
            ],
            [
              -74.340636,
              40.524285
            ],
            [
              -74.322481,
              40.53684
            ],
            [
              -74.285509,
              40.544753
            ],
            [
              -74.264444,
              40.557357
            ],
            [
              -74.242511,
              40.581495
            ],
            [
              -74.201401,
              40.647901
            ],
            [
              -74.187464,
              40.657256
            ],
            [
              -74.149402,
              40.708989
            ],
            [
              -74.135311,
              40.717183
            ],
            [
              -74.113738,
              40.761827
            ],
            [
              -74.066987,
              40.806844
            ],
            [
              -74.038605,
              40.819826
            ],
            [
              -74.02235,
              40.832769
            ],
            [
              -74.016562,
              40.845111
            ],
            [
              -73.995832,
              40.841738
            ],
            [
              -73.977499,
              40.858415
            ],
            [
              -73.925399,
              40.844539
            ],
            [
              -73.903288,
              40.87891
            ],
            [
              -73.882568,
              40.894352
            ],
            [
              -73.876698,
              40.910728
            ],
            [
              -73.857531,
              40.926666
            ],
            [
              -73.853904,
              40.947153
            ],
            [
              -73.860826,
              40.954936
            ],
            [
              -73.861375,
              40.969951
            ],
            [
              -73.853568,
              40.983815
            ],
            [
              -73.853797,
              40.998512
            ],
            [
              -73.835481,
              41.041944
            ],
            [
              -73.821106,
              41.055926
            ],
            [
              -73.82232,
              41.06306
            ],
            [
              -73.833049,
              41.072306
            ],
            [
              -73.828879,
              41.081162
            ],
            [
              -73.838205,
              41.085467
            ],
            [
              -73.836925,
              41.092882
            ]
          ],
          [
            [
              -73.836925,
              41.092882
            ],
            [
              -73.832558,
              41.095934
            ],
            [
              -73.829802,
              41.100559
            ],
            [
              -73.821905,
              41.105449
            ],
            [
              -73.819199,
              41.114528
            ],
            [
              -73.81575,
              41.117285
            ],
            [
              -73.815676,
              41.121888
            ],
            [
              -73.810096,
              41.123726
            ],
            [
              -73.81684,
              41.131204
            ],
            [
              -73.823835,
              41.148721
            ],
            [
              -73.831546,
              41.152041
            ],
            [
              -73.834922,
              41.156981
            ],
            [
              -73.839934,
              41.172414
            ],
            [
              -73.839514,
              41.180767
            ],
            [
              -73.852168,
              41.182108
            ],
            [
              -73.859329,
              41.187186
            ],
            [
              -73.871293,
              41.185402
            ],
            [
              -73.881265,
              41.193326
            ],
            [
              -73.880143,
              41.194311
            ],
            [
              -73.876506,
              41.191536
            ]
          ],
          [
            [
              -73.876506,
              41.191536
            ],
            [
              -73.880143,
              41.194311
            ],
            [
              -73.882512,
              41.192764
            ],
            [
              -73.871422,
              41.18497
            ],
            [
              -73.859348,
              41.187111
            ],
            [
              -73.852515,
              41.182134
            ],
            [
              -73.839403,
              41.180508
            ],
            [
              -73.840056,
              41.172582
            ],
            [
              -73.835074,
              41.157077
            ],
            [
              -73.83157,
              41.151966
            ],
            [
              -73.823826,
              41.148565
            ],
            [
              -73.816981,
              41.130712
            ],
            [
              -73.8103,
              41.125205
            ],
            [
              -73.804766,
              41.113205
            ],
            [
              -73.797095,
              41.104898
            ],
            [
              -73.797738,
              41.099154
            ],
            [
              -73.778522,
              41.077132
            ],
            [
              -73.767259,
              41.069402
            ],
            [
              -73.76261,
              41.040821
            ],
            [
              -73.751327,
              41.03153
            ],
            [
              -73.73996,
              41.029653
            ],
            [
              -73.731593,
              41.025535
            ],
            [
              -73.722726,
              41.014958
            ],
            [
              -73.701766,
              41.011768
            ],
            [
              -73.692927,
              41.003318
            ],
            [
              -73.682028,
              40.999074
            ],
            [
              -73.676246,
              40.990312
            ],
            [
              -73.669432,
              40.987248
            ],
            [
              -73.63416,
              41.01827
            ],
            [
              -73.603918,
              41.027191
            ],
            [
              -73.595807,
              41.034833
            ],
            [
              -73.584121,
              41.039535
            ],
            [
              -73.567253,
              41.044683
            ],
            [
              -73.55181,
              41.044545
            ],
            [
              -73.515477,
              41.05638
            ],
            [
              -73.50265,
              41.06762
            ],
            [
              -73.491034,
              41.068036
            ],
            [
              -73.468062,
              41.074371
            ],
            [
              -73.457098,
              41.087917
            ],
            [
              -73.428502,
              41.104618
            ],
            [
              -73.406059,
              41.108531
            ],
            [
              -73.3768,
              41.120177
            ],
            [
              -73.340808,
              41.123368
            ],
            [
              -73.320925,
              41.120858
            ],
            [
              -73.301449,
              41.127537
            ],
            [
              -73.28418,
              41.141137
            ],
            [
              -73.269332,
              41.142746
            ],
            [
              -73.251046,
              41.148919
            ],
            [
              -73.246226,
              41.152665
            ],
            [
              -73.242997,
              41.160251
            ],
            [
              -73.234271,
              41.165251
            ],
            [
              -73.23643,
              41.167038
            ],
            [
              -73.235697,
              41.172517
            ],
            [
              -73.240043,
              41.177012
            ]
          ]
        ]
      }
    },
    {
      "type": "Feature",
      "id": "replacement-d11-barker",
      "properties": {
        "feature_kind": "replacement_drive_variant",
        "route_id": "route-03",
        "day": 11,
        "replacement_place_id": "barker-cartoon-museum",
        "replaces_place_ids": [
          "pez-visitor-center"
        ],
        "baseline_total_miles": 162.1,
        "baseline_total_minutes": 206,
        "delta_minutes": -1,
        "cap_status": "passes-baseline-cap",
        "map_color": "#00A8A8"
      },
      "geometry": {
        "type": "MultiLineString",
        "coordinates": [
          [
            [
              -73.240043,
              41.177012
            ],
            [
              -73.22079,
              41.176625
            ],
            [
              -73.20666,
              41.183126
            ],
            [
              -73.179326,
              41.221482
            ],
            [
              -73.151168,
              41.236291
            ],
            [
              -73.077689,
              41.249926
            ],
            [
              -73.039318,
              41.28993
            ],
            [
              -73.030876,
              41.310331
            ],
            [
              -73.000751,
              41.3196
            ],
            [
              -72.962147,
              41.351911
            ],
            [
              -72.918449,
              41.36635
            ],
            [
              -72.900851,
              41.379927
            ],
            [
              -72.897773,
              41.401693
            ],
            [
              -72.910828,
              41.442139
            ],
            [
              -72.894186,
              41.531052
            ]
          ],
          [
            [
              -72.894186,
              41.531052
            ],
            [
              -72.888935,
              41.556484
            ],
            [
              -72.784166,
              41.541562
            ],
            [
              -72.698972,
              41.710766
            ],
            [
              -72.665734,
              41.727777
            ],
            [
              -72.648826,
              41.756571
            ],
            [
              -72.576686,
              41.774725
            ],
            [
              -72.553431,
              41.800971
            ],
            [
              -72.469261,
              41.830939
            ],
            [
              -72.430431,
              41.854117
            ],
            [
              -72.374059,
              41.857029
            ],
            [
              -72.204331,
              41.948686
            ],
            [
              -72.098482,
              42.073082
            ],
            [
              -72.081215,
              42.112071
            ],
            [
              -72.062776,
              42.128666
            ],
            [
              -71.756836,
              42.220728
            ],
            [
              -71.618119,
              42.229365
            ],
            [
              -71.557662,
              42.269541
            ],
            [
              -71.411699,
              42.315475
            ],
            [
              -71.368027,
              42.311283
            ],
            [
              -71.315058,
              42.334425
            ],
            [
              -71.178254,
              42.357713
            ],
            [
              -71.037544,
              42.346671
            ],
            [
              -71.027372,
              42.368784
            ],
            [
              -71.016767,
              42.366379
            ]
          ]
        ]
      }
    },
    {
      "type": "Feature",
      "id": "florence-griswold",
      "properties": {
        "feature_kind": "place",
        "route_id": "route-03",
        "place_id": "florence-griswold",
        "name": "Florence Griswold Museum & Artists' Colony",
        "city": "Old Lyme",
        "state": "CT",
        "visit_date": "2026-10-04",
        "priority": "anchor",
        "included_in_magic_score": true
      },
      "geometry": {
        "type": "Point",
        "coordinates": [
          -72.3268675,
          41.3257403
        ]
      }
    },
    {
      "type": "Feature",
      "id": "cross-sound-ferry",
      "properties": {
        "feature_kind": "place",
        "route_id": "route-03",
        "place_id": "cross-sound-ferry",
        "name": "Cross Sound Ferry: New London to Orient Point",
        "city": "New London",
        "state": "CT",
        "visit_date": "2026-10-04",
        "priority": "anchor",
        "included_in_magic_score": true
      },
      "geometry": {
        "type": "Point",
        "coordinates": [
          -72.0946,
          41.3554
        ]
      }
    },
    {
      "type": "Feature",
      "id": "greenport-waterfront",
      "properties": {
        "feature_kind": "place",
        "route_id": "route-03",
        "place_id": "greenport-waterfront",
        "name": "Greenport Harbor & Mitchell Park Carousel",
        "city": "Greenport",
        "state": "NY",
        "visit_date": "2026-10-04",
        "priority": "supporting",
        "included_in_magic_score": true
      },
      "geometry": {
        "type": "Point",
        "coordinates": [
          -72.3602,
          41.1018
        ]
      }
    },
    {
      "type": "Feature",
      "id": "book-barn-niantic",
      "properties": {
        "feature_kind": "place",
        "route_id": "route-03",
        "place_id": "book-barn-niantic",
        "name": "The Book Barn",
        "city": "Niantic",
        "state": "CT",
        "visit_date": "2026-10-04",
        "priority": "replacement",
        "included_in_magic_score": false
      },
      "geometry": {
        "type": "Point",
        "coordinates": [
          -72.2082276,
          41.3218444
        ]
      }
    },
    {
      "type": "Feature",
      "id": "north-ferry",
      "properties": {
        "feature_kind": "place",
        "route_id": "route-03",
        "place_id": "north-ferry",
        "name": "North Ferry to Shelter Island",
        "city": "Greenport",
        "state": "NY",
        "visit_date": "2026-10-05",
        "priority": "anchor",
        "included_in_magic_score": true
      },
      "geometry": {
        "type": "Point",
        "coordinates": [
          -72.3578,
          41.101
        ]
      }
    },
    {
      "type": "Feature",
      "id": "mashomack-preserve",
      "properties": {
        "feature_kind": "place",
        "route_id": "route-03",
        "place_id": "mashomack-preserve",
        "name": "Mashomack Preserve: Red Trail Sampler",
        "city": "Shelter Island",
        "state": "NY",
        "visit_date": "2026-10-05",
        "priority": "anchor",
        "included_in_magic_score": true
      },
      "geometry": {
        "type": "Point",
        "coordinates": [
          -72.3008528,
          41.0569678
        ]
      }
    },
    {
      "type": "Feature",
      "id": "south-ferry",
      "properties": {
        "feature_kind": "place",
        "route_id": "route-03",
        "place_id": "south-ferry",
        "name": "South Ferry to North Haven",
        "city": "Shelter Island",
        "state": "NY",
        "visit_date": "2026-10-05",
        "priority": "anchor",
        "included_in_magic_score": true
      },
      "geometry": {
        "type": "Point",
        "coordinates": [
          -72.3279,
          41.0403
        ]
      }
    },
    {
      "type": "Feature",
      "id": "parrish-art-museum",
      "properties": {
        "feature_kind": "place",
        "route_id": "route-03",
        "place_id": "parrish-art-museum",
        "name": "Parrish Art Museum",
        "city": "Water Mill",
        "state": "NY",
        "visit_date": "2026-10-05",
        "priority": "anchor",
        "included_in_magic_score": true
      },
      "geometry": {
        "type": "Point",
        "coordinates": [
          -72.3657221,
          40.9046532
        ]
      }
    },
    {
      "type": "Feature",
      "id": "big-duck",
      "properties": {
        "feature_kind": "place",
        "route_id": "route-03",
        "place_id": "big-duck",
        "name": "The Big Duck",
        "city": "Flanders",
        "state": "NY",
        "visit_date": "2026-10-05",
        "priority": "supporting",
        "included_in_magic_score": true
      },
      "geometry": {
        "type": "Point",
        "coordinates": [
          -72.6176,
          40.9046
        ]
      }
    },
    {
      "type": "Feature",
      "id": "tanger-riverhead",
      "properties": {
        "feature_kind": "place",
        "route_id": "route-03",
        "place_id": "tanger-riverhead",
        "name": "Tanger Outlets Riverhead",
        "city": "Riverhead",
        "state": "NY",
        "visit_date": "2026-10-05",
        "priority": "supporting",
        "included_in_magic_score": true
      },
      "geometry": {
        "type": "Point",
        "coordinates": [
          -72.7156,
          40.9217
        ]
      }
    },
    {
      "type": "Feature",
      "id": "long-island-aquarium",
      "properties": {
        "feature_kind": "place",
        "route_id": "route-03",
        "place_id": "long-island-aquarium",
        "name": "Long Island Aquarium",
        "city": "Riverhead",
        "state": "NY",
        "visit_date": "2026-10-05",
        "priority": "replacement",
        "included_in_magic_score": false
      },
      "geometry": {
        "type": "Point",
        "coordinates": [
          -72.6564487,
          40.9181365
        ]
      }
    },
    {
      "type": "Feature",
      "id": "cradle-of-aviation",
      "properties": {
        "feature_kind": "place",
        "route_id": "route-03",
        "place_id": "cradle-of-aviation",
        "name": "Cradle of Aviation Museum",
        "city": "Garden City",
        "state": "NY",
        "visit_date": "2026-10-06",
        "priority": "anchor",
        "included_in_magic_score": true
      },
      "geometry": {
        "type": "Point",
        "coordinates": [
          -73.5974782,
          40.7283473
        ]
      }
    },
    {
      "type": "Feature",
      "id": "asbury-boardwalk",
      "properties": {
        "feature_kind": "place",
        "route_id": "route-03",
        "place_id": "asbury-boardwalk",
        "name": "Asbury Boardwalk, Convention Hall & Carousel Ruins",
        "city": "Asbury Park",
        "state": "NJ",
        "visit_date": "2026-10-06",
        "priority": "supporting",
        "included_in_magic_score": true
      },
      "geometry": {
        "type": "Point",
        "coordinates": [
          -74.0105,
          40.2236
        ]
      }
    },
    {
      "type": "Feature",
      "id": "silverball-asbury",
      "properties": {
        "feature_kind": "place",
        "route_id": "route-03",
        "place_id": "silverball-asbury",
        "name": "Silverball Retro Arcade",
        "city": "Asbury Park",
        "state": "NJ",
        "visit_date": "2026-10-06",
        "priority": "anchor",
        "included_in_magic_score": true
      },
      "geometry": {
        "type": "Point",
        "coordinates": [
          -74.0101,
          40.219
        ]
      }
    },
    {
      "type": "Feature",
      "id": "asbury-live-music",
      "properties": {
        "feature_kind": "place",
        "route_id": "route-03",
        "place_id": "asbury-live-music",
        "name": "Asbury Live-Music Night",
        "city": "Asbury Park",
        "state": "NJ",
        "visit_date": "2026-10-06",
        "priority": "anchor",
        "included_in_magic_score": true
      },
      "geometry": {
        "type": "Point",
        "coordinates": [
          -74.0109,
          40.2177
        ]
      }
    },
    {
      "type": "Feature",
      "id": "ocean-grove",
      "properties": {
        "feature_kind": "place",
        "route_id": "route-03",
        "place_id": "ocean-grove",
        "name": "Ocean Grove Great Auditorium & Tent City",
        "city": "Ocean Grove",
        "state": "NJ",
        "visit_date": "2026-10-06",
        "priority": "replacement",
        "included_in_magic_score": false
      },
      "geometry": {
        "type": "Point",
        "coordinates": [
          -74.0063,
          40.2122
        ]
      }
    },
    {
      "type": "Feature",
      "id": "lucy-elephant",
      "properties": {
        "feature_kind": "place",
        "route_id": "route-03",
        "place_id": "lucy-elephant",
        "name": "Lucy the Elephant",
        "city": "Margate City",
        "state": "NJ",
        "visit_date": "2026-10-07",
        "priority": "anchor",
        "included_in_magic_score": true
      },
      "geometry": {
        "type": "Point",
        "coordinates": [
          -74.5161,
          39.3208
        ]
      }
    },
    {
      "type": "Feature",
      "id": "nas-wildwood",
      "properties": {
        "feature_kind": "place",
        "route_id": "route-03",
        "place_id": "nas-wildwood",
        "name": "NAS Wildwood Aviation Museum",
        "city": "Lower Township",
        "state": "NJ",
        "visit_date": "2026-10-07",
        "priority": "anchor",
        "included_in_magic_score": true
      },
      "geometry": {
        "type": "Point",
        "coordinates": [
          -74.9082,
          39.0027
        ]
      }
    },
    {
      "type": "Feature",
      "id": "cape-may-victorian",
      "properties": {
        "feature_kind": "place",
        "route_id": "route-03",
        "place_id": "cape-may-victorian",
        "name": "Cape May Victorian Architecture Walk",
        "city": "Cape May",
        "state": "NJ",
        "visit_date": "2026-10-07",
        "priority": "supporting",
        "included_in_magic_score": true
      },
      "geometry": {
        "type": "Point",
        "coordinates": [
          -74.921,
          38.9318
        ]
      }
    },
    {
      "type": "Feature",
      "id": "cape-may-ghosts",
      "properties": {
        "feature_kind": "place",
        "route_id": "route-03",
        "place_id": "cape-may-ghosts",
        "name": "Cape May Spirits & Oddities Trolley",
        "city": "Cape May",
        "state": "NJ",
        "visit_date": "2026-10-07",
        "priority": "anchor",
        "included_in_magic_score": true
      },
      "geometry": {
        "type": "Point",
        "coordinates": [
          -74.917,
          38.9313
        ]
      }
    },
    {
      "type": "Feature",
      "id": "sunset-beach-atlantus",
      "properties": {
        "feature_kind": "place",
        "route_id": "route-03",
        "place_id": "sunset-beach-atlantus",
        "name": "Sunset Beach & SS Atlantus",
        "city": "Cape May Point",
        "state": "NJ",
        "visit_date": "2026-10-07",
        "priority": "replacement",
        "included_in_magic_score": false
      },
      "geometry": {
        "type": "Point",
        "coordinates": [
          -74.9697,
          38.9441
        ]
      }
    },
    {
      "type": "Feature",
      "id": "cape-may-lewes-ferry",
      "properties": {
        "feature_kind": "place",
        "route_id": "route-03",
        "place_id": "cape-may-lewes-ferry",
        "name": "Cape May-Lewes Ferry",
        "city": "North Cape May",
        "state": "NJ",
        "visit_date": "2026-10-08",
        "priority": "anchor",
        "included_in_magic_score": true
      },
      "geometry": {
        "type": "Point",
        "coordinates": [
          -74.9597,
          38.9687
        ]
      }
    },
    {
      "type": "Feature",
      "id": "fort-miles",
      "properties": {
        "feature_kind": "place",
        "route_id": "route-03",
        "place_id": "fort-miles",
        "name": "Fort Miles: Battery 519",
        "city": "Lewes",
        "state": "DE",
        "visit_date": "2026-10-08",
        "priority": "anchor",
        "included_in_magic_score": true
      },
      "geometry": {
        "type": "Point",
        "coordinates": [
          -75.0949,
          38.7758
        ]
      }
    },
    {
      "type": "Feature",
      "id": "great-dune-tower",
      "properties": {
        "feature_kind": "place",
        "route_id": "route-03",
        "place_id": "great-dune-tower",
        "name": "Great Dune & Fire-Control Tower",
        "city": "Lewes",
        "state": "DE",
        "visit_date": "2026-10-08",
        "priority": "supporting",
        "included_in_magic_score": true
      },
      "geometry": {
        "type": "Point",
        "coordinates": [
          -75.0915,
          38.7768
        ]
      }
    },
    {
      "type": "Feature",
      "id": "berlin-historic",
      "properties": {
        "feature_kind": "place",
        "route_id": "route-03",
        "place_id": "berlin-historic",
        "name": "Berlin Main Street & Atlantic Hotel",
        "city": "Berlin",
        "state": "MD",
        "visit_date": "2026-10-08",
        "priority": "supporting",
        "included_in_magic_score": true
      },
      "geometry": {
        "type": "Point",
        "coordinates": [
          -75.2174,
          38.3229
        ]
      }
    },
    {
      "type": "Feature",
      "id": "zwaanendael",
      "properties": {
        "feature_kind": "place",
        "route_id": "route-03",
        "place_id": "zwaanendael",
        "name": "Zwaanendael Museum",
        "city": "Lewes",
        "state": "DE",
        "visit_date": "2026-10-08",
        "priority": "replacement",
        "included_in_magic_score": false
      },
      "geometry": {
        "type": "Point",
        "coordinates": [
          -75.1391799,
          38.7740526
        ]
      }
    },
    {
      "type": "Feature",
      "id": "assateague",
      "properties": {
        "feature_kind": "place",
        "route_id": "route-03",
        "place_id": "assateague",
        "name": "Assateague Wild-Horse Golden Hour",
        "city": "Berlin",
        "state": "MD",
        "visit_date": "2026-10-08",
        "priority": "anchor",
        "included_in_magic_score": true
      },
      "geometry": {
        "type": "Point",
        "coordinates": [
          -75.1572,
          38.2508
        ]
      }
    },
    {
      "type": "Feature",
      "id": "nasa-wallops",
      "properties": {
        "feature_kind": "place",
        "route_id": "route-03",
        "place_id": "nasa-wallops",
        "name": "NASA Wallops Visitor Center",
        "city": "Wallops Island",
        "state": "VA",
        "visit_date": "2026-10-09",
        "priority": "anchor",
        "included_in_magic_score": true
      },
      "geometry": {
        "type": "Point",
        "coordinates": [
          -75.4665,
          37.9333
        ]
      }
    },
    {
      "type": "Feature",
      "id": "barrier-islands-center",
      "properties": {
        "feature_kind": "place",
        "route_id": "route-03",
        "place_id": "barrier-islands-center",
        "name": "Barrier Islands Center",
        "city": "Machipongo",
        "state": "VA",
        "visit_date": "2026-10-09",
        "priority": "anchor",
        "included_in_magic_score": true
      },
      "geometry": {
        "type": "Point",
        "coordinates": [
          -75.9948,
          37.403
        ]
      }
    },
    {
      "type": "Feature",
      "id": "chesapeake-bridge-tunnel",
      "properties": {
        "feature_kind": "place",
        "route_id": "route-03",
        "place_id": "chesapeake-bridge-tunnel",
        "name": "Chesapeake Bay Bridge-Tunnel Crossing",
        "city": "Cape Charles",
        "state": "VA",
        "visit_date": "2026-10-09",
        "priority": "anchor",
        "included_in_magic_score": true
      },
      "geometry": {
        "type": "Point",
        "coordinates": [
          -76.08,
          37.03
        ]
      }
    },
    {
      "type": "Feature",
      "id": "norfolk-pagoda",
      "properties": {
        "feature_kind": "place",
        "route_id": "route-03",
        "place_id": "norfolk-pagoda",
        "name": "Norfolk Pagoda & Oriental Garden",
        "city": "Norfolk",
        "state": "VA",
        "visit_date": "2026-10-09",
        "priority": "supporting",
        "included_in_magic_score": true
      },
      "geometry": {
        "type": "Point",
        "coordinates": [
          -76.2964,
          36.8505
        ]
      }
    },
    {
      "type": "Feature",
      "id": "cape-charles",
      "properties": {
        "feature_kind": "place",
        "route_id": "route-03",
        "place_id": "cape-charles",
        "name": "Cape Charles Historic District",
        "city": "Cape Charles",
        "state": "VA",
        "visit_date": "2026-10-09",
        "priority": "replacement",
        "included_in_magic_score": false
      },
      "geometry": {
        "type": "Point",
        "coordinates": [
          -76.0174,
          37.2679
        ]
      }
    },
    {
      "type": "Feature",
      "id": "nauticus-wisconsin",
      "properties": {
        "feature_kind": "place",
        "route_id": "route-03",
        "place_id": "nauticus-wisconsin",
        "name": "Nauticus & Battleship Wisconsin",
        "city": "Norfolk",
        "state": "VA",
        "visit_date": "2026-10-10",
        "priority": "anchor",
        "included_in_magic_score": true
      },
      "geometry": {
        "type": "Point",
        "coordinates": [
          -76.2951,
          36.8477
        ]
      }
    },
    {
      "type": "Feature",
      "id": "edgar-cayce-are",
      "properties": {
        "feature_kind": "place",
        "route_id": "route-03",
        "place_id": "edgar-cayce-are",
        "name": "Edgar Cayce A.R.E. Headquarters",
        "city": "Virginia Beach",
        "state": "VA",
        "visit_date": "2026-10-10",
        "priority": "anchor",
        "included_in_magic_score": true
      },
      "geometry": {
        "type": "Point",
        "coordinates": [
          -75.985,
          36.891
        ]
      }
    },
    {
      "type": "Feature",
      "id": "vibe-neptune",
      "properties": {
        "feature_kind": "place",
        "route_id": "route-03",
        "place_id": "vibe-neptune",
        "name": "ViBe Murals & King Neptune",
        "city": "Virginia Beach",
        "state": "VA",
        "visit_date": "2026-10-10",
        "priority": "supporting",
        "included_in_magic_score": true
      },
      "geometry": {
        "type": "Point",
        "coordinates": [
          -75.9779,
          36.8594
        ]
      }
    },
    {
      "type": "Feature",
      "id": "poe-museum-richmond",
      "properties": {
        "feature_kind": "place",
        "route_id": "route-03",
        "place_id": "poe-museum-richmond",
        "name": "Poe Museum & Enchanted Garden",
        "city": "Richmond",
        "state": "VA",
        "visit_date": "2026-10-10",
        "priority": "anchor",
        "included_in_magic_score": true
      },
      "geometry": {
        "type": "Point",
        "coordinates": [
          -77.4261,
          37.5322
        ]
      }
    },
    {
      "type": "Feature",
      "id": "hermitage-norfolk",
      "properties": {
        "feature_kind": "place",
        "route_id": "route-03",
        "place_id": "hermitage-norfolk",
        "name": "Hermitage Museum & Gardens",
        "city": "Norfolk",
        "state": "VA",
        "visit_date": "2026-10-10",
        "priority": "replacement",
        "included_in_magic_score": false
      },
      "geometry": {
        "type": "Point",
        "coordinates": [
          -76.3129,
          36.911
        ]
      }
    },
    {
      "type": "Feature",
      "id": "richmond-orthodox",
      "properties": {
        "feature_kind": "place",
        "route_id": "route-03",
        "place_id": "richmond-orthodox",
        "name": "Saints Constantine & Helen Divine Liturgy",
        "city": "Richmond",
        "state": "VA",
        "visit_date": "2026-10-11",
        "priority": "anchor",
        "included_in_magic_score": true
      },
      "geometry": {
        "type": "Point",
        "coordinates": [
          -77.5066,
          37.5682
        ]
      }
    },
    {
      "type": "Feature",
      "id": "bo-railroad",
      "properties": {
        "feature_kind": "place",
        "route_id": "route-03",
        "place_id": "bo-railroad",
        "name": "B&O Railroad Museum",
        "city": "Baltimore",
        "state": "MD",
        "visit_date": "2026-10-11",
        "priority": "anchor",
        "included_in_magic_score": true
      },
      "geometry": {
        "type": "Point",
        "coordinates": [
          -76.6335,
          39.2847
        ]
      }
    },
    {
      "type": "Feature",
      "id": "baltimore-industry",
      "properties": {
        "feature_kind": "place",
        "route_id": "route-03",
        "place_id": "baltimore-industry",
        "name": "Baltimore Museum of Industry",
        "city": "Baltimore",
        "state": "MD",
        "visit_date": "2026-10-11",
        "priority": "replacement",
        "included_in_magic_score": false
      },
      "geometry": {
        "type": "Point",
        "coordinates": [
          -76.6015,
          39.2741
        ]
      }
    },
    {
      "type": "Feature",
      "id": "mutter-museum",
      "properties": {
        "feature_kind": "place",
        "route_id": "route-03",
        "place_id": "mutter-museum",
        "name": "Mutter Museum",
        "city": "Philadelphia",
        "state": "PA",
        "visit_date": "2026-10-12",
        "priority": "anchor",
        "included_in_magic_score": true
      },
      "geometry": {
        "type": "Point",
        "coordinates": [
          -75.1765,
          39.9533
        ]
      }
    },
    {
      "type": "Feature",
      "id": "metuchen-main-street",
      "properties": {
        "feature_kind": "place",
        "route_id": "route-03",
        "place_id": "metuchen-main-street",
        "name": "Metuchen Main Street Reset",
        "city": "Metuchen",
        "state": "NJ",
        "visit_date": "2026-10-12",
        "priority": "supporting",
        "included_in_magic_score": true
      },
      "geometry": {
        "type": "Point",
        "coordinates": [
          -74.3607,
          40.542
        ]
      }
    },
    {
      "type": "Feature",
      "id": "andalusia-estate",
      "properties": {
        "feature_kind": "place",
        "route_id": "route-03",
        "place_id": "andalusia-estate",
        "name": "Andalusia Historic House, Gardens & Arboretum",
        "city": "Andalusia",
        "state": "PA",
        "visit_date": "2026-10-12",
        "priority": "replacement",
        "included_in_magic_score": false
      },
      "geometry": {
        "type": "Point",
        "coordinates": [
          -74.9582,
          40.062
        ]
      }
    },
    {
      "type": "Feature",
      "id": "sleepy-hollow-cemetery",
      "properties": {
        "feature_kind": "place",
        "route_id": "route-03",
        "place_id": "sleepy-hollow-cemetery",
        "name": "Sleepy Hollow Cemetery",
        "city": "Sleepy Hollow",
        "state": "NY",
        "visit_date": "2026-10-13",
        "priority": "anchor",
        "included_in_magic_score": true
      },
      "geometry": {
        "type": "Point",
        "coordinates": [
          -73.8603,
          41.0954
        ]
      }
    },
    {
      "type": "Feature",
      "id": "old-dutch-church",
      "properties": {
        "feature_kind": "place",
        "route_id": "route-03",
        "place_id": "old-dutch-church",
        "name": "Old Dutch Church & Burying Ground",
        "city": "Sleepy Hollow",
        "state": "NY",
        "visit_date": "2026-10-13",
        "priority": "anchor",
        "included_in_magic_score": true
      },
      "geometry": {
        "type": "Point",
        "coordinates": [
          -73.861,
          41.0904
        ]
      }
    },
    {
      "type": "Feature",
      "id": "headless-horseman",
      "properties": {
        "feature_kind": "place",
        "route_id": "route-03",
        "place_id": "headless-horseman",
        "name": "Headless Horseman Bridge & Statue",
        "city": "Sleepy Hollow",
        "state": "NY",
        "visit_date": "2026-10-13",
        "priority": "supporting",
        "included_in_magic_score": true
      },
      "geometry": {
        "type": "Point",
        "coordinates": [
          -73.8615,
          41.0916
        ]
      }
    },
    {
      "type": "Feature",
      "id": "pumpkin-blaze",
      "properties": {
        "feature_kind": "place",
        "route_id": "route-03",
        "place_id": "pumpkin-blaze",
        "name": "Great Jack O'Lantern Blaze",
        "city": "Croton-on-Hudson",
        "state": "NY",
        "visit_date": "2026-10-13",
        "priority": "anchor",
        "included_in_magic_score": true
      },
      "geometry": {
        "type": "Point",
        "coordinates": [
          -73.8765,
          41.1917
        ]
      }
    },
    {
      "type": "Feature",
      "id": "rockefeller-arts",
      "properties": {
        "feature_kind": "place",
        "route_id": "route-03",
        "place_id": "rockefeller-arts",
        "name": "David Rockefeller Creative Arts Center",
        "city": "Tarrytown",
        "state": "NY",
        "visit_date": "2026-10-13",
        "priority": "replacement",
        "included_in_magic_score": false
      },
      "geometry": {
        "type": "Point",
        "coordinates": [
          -73.8374,
          41.093
        ]
      }
    },
    {
      "type": "Feature",
      "id": "pez-visitor-center",
      "properties": {
        "feature_kind": "place",
        "route_id": "route-03",
        "place_id": "pez-visitor-center",
        "name": "PEZ Visitor Center & Factory Window",
        "city": "Orange",
        "state": "CT",
        "visit_date": "2026-10-14",
        "priority": "anchor",
        "included_in_magic_score": true
      },
      "geometry": {
        "type": "Point",
        "coordinates": [
          -72.9971,
          41.2638
        ]
      }
    },
    {
      "type": "Feature",
      "id": "barker-cartoon-museum",
      "properties": {
        "feature_kind": "place",
        "route_id": "route-03",
        "place_id": "barker-cartoon-museum",
        "name": "Barker Character, Comic & Cartoon Museum",
        "city": "Cheshire",
        "state": "CT",
        "visit_date": "2026-10-14",
        "priority": "replacement",
        "included_in_magic_score": false
      },
      "geometry": {
        "type": "Point",
        "coordinates": [
          -72.894,
          41.5314
        ]
      }
    },
    {
      "type": "Feature",
      "id": "node-boston-logan-rental",
      "properties": {
        "feature_kind": "route_node",
        "route_id": "route-03",
        "node_id": "boston-logan-rental",
        "name": "Boston Logan Rental Car Center"
      },
      "geometry": {
        "type": "Point",
        "coordinates": [
          -71.0304,
          42.3682
        ]
      }
    },
    {
      "type": "Feature",
      "id": "node-greenport-lodging",
      "properties": {
        "feature_kind": "route_node",
        "route_id": "route-03",
        "node_id": "greenport-lodging",
        "name": "Greenport village lodging zone"
      },
      "geometry": {
        "type": "Point",
        "coordinates": [
          -72.3593,
          41.1033
        ]
      }
    },
    {
      "type": "Feature",
      "id": "node-riverhead-lodging",
      "properties": {
        "feature_kind": "route_node",
        "route_id": "route-03",
        "node_id": "riverhead-lodging",
        "name": "Riverhead lodging zone"
      },
      "geometry": {
        "type": "Point",
        "coordinates": [
          -72.6624,
          40.9169
        ]
      }
    },
    {
      "type": "Feature",
      "id": "node-asbury-lodging",
      "properties": {
        "feature_kind": "route_node",
        "route_id": "route-03",
        "node_id": "asbury-lodging",
        "name": "Asbury Park lodging zone"
      },
      "geometry": {
        "type": "Point",
        "coordinates": [
          -74.0121,
          40.2204
        ]
      }
    },
    {
      "type": "Feature",
      "id": "node-cape-may-lodging",
      "properties": {
        "feature_kind": "route_node",
        "route_id": "route-03",
        "node_id": "cape-may-lodging",
        "name": "Cape May historic district lodging zone"
      },
      "geometry": {
        "type": "Point",
        "coordinates": [
          -74.9212,
          38.9351
        ]
      }
    },
    {
      "type": "Feature",
      "id": "node-chincoteague-lodging",
      "properties": {
        "feature_kind": "route_node",
        "route_id": "route-03",
        "node_id": "chincoteague-lodging",
        "name": "Chincoteague quiet-town lodging zone"
      },
      "geometry": {
        "type": "Point",
        "coordinates": [
          -75.378,
          37.934
        ]
      }
    },
    {
      "type": "Feature",
      "id": "node-norfolk-lodging",
      "properties": {
        "feature_kind": "route_node",
        "route_id": "route-03",
        "node_id": "norfolk-lodging",
        "name": "Norfolk airport and Military Highway lodging zone"
      },
      "geometry": {
        "type": "Point",
        "coordinates": [
          -76.21,
          36.893
        ]
      }
    },
    {
      "type": "Feature",
      "id": "node-richmond-west-lodging",
      "properties": {
        "feature_kind": "route_node",
        "route_id": "route-03",
        "node_id": "richmond-west-lodging",
        "name": "Richmond West End lodging zone"
      },
      "geometry": {
        "type": "Point",
        "coordinates": [
          -77.505,
          37.568
        ]
      }
    },
    {
      "type": "Feature",
      "id": "node-white-marsh-lodging",
      "properties": {
        "feature_kind": "route_node",
        "route_id": "route-03",
        "node_id": "white-marsh-lodging",
        "name": "Baltimore Northeast I-95 lodging zone"
      },
      "geometry": {
        "type": "Point",
        "coordinates": [
          -76.495,
          39.325
        ]
      }
    },
    {
      "type": "Feature",
      "id": "node-bridgewater-lodging",
      "properties": {
        "feature_kind": "route_node",
        "route_id": "route-03",
        "node_id": "bridgewater-lodging",
        "name": "Metuchen Main Street lodging zone"
      },
      "geometry": {
        "type": "Point",
        "coordinates": [
          -74.3607,
          40.542
        ]
      }
    },
    {
      "type": "Feature",
      "id": "node-milford-lodging",
      "properties": {
        "feature_kind": "route_node",
        "route_id": "route-03",
        "node_id": "milford-lodging",
        "name": "Fairfield I-95 lodging zone"
      },
      "geometry": {
        "type": "Point",
        "coordinates": [
          -73.24,
          41.177
        ]
      }
    },
    {
      "type": "Feature",
      "id": "node-boston-logan-hotel",
      "properties": {
        "feature_kind": "route_node",
        "route_id": "route-03",
        "node_id": "boston-logan-hotel",
        "name": "Boston Logan hotel zone"
      },
      "geometry": {
        "type": "Point",
        "coordinates": [
          -71.0155,
          42.3655
        ]
      }
    },
    {
      "type": "Feature",
      "id": "node-new-london-terminal",
      "properties": {
        "feature_kind": "route_node",
        "route_id": "route-03",
        "node_id": "new-london-terminal",
        "name": "Cross Sound Ferry New London terminal"
      },
      "geometry": {
        "type": "Point",
        "coordinates": [
          -72.0946,
          41.3554
        ]
      }
    },
    {
      "type": "Feature",
      "id": "node-orient-terminal",
      "properties": {
        "feature_kind": "route_node",
        "route_id": "route-03",
        "node_id": "orient-terminal",
        "name": "Cross Sound Ferry Orient Point terminal"
      },
      "geometry": {
        "type": "Point",
        "coordinates": [
          -72.2418,
          41.1536
        ]
      }
    },
    {
      "type": "Feature",
      "id": "node-north-ferry-greenport",
      "properties": {
        "feature_kind": "route_node",
        "route_id": "route-03",
        "node_id": "north-ferry-greenport",
        "name": "North Ferry Greenport terminal"
      },
      "geometry": {
        "type": "Point",
        "coordinates": [
          -72.3593,
          41.1012
        ]
      }
    },
    {
      "type": "Feature",
      "id": "node-north-ferry-shelter",
      "properties": {
        "feature_kind": "route_node",
        "route_id": "route-03",
        "node_id": "north-ferry-shelter",
        "name": "North Ferry Shelter Island terminal"
      },
      "geometry": {
        "type": "Point",
        "coordinates": [
          -72.3567,
          41.0847
        ]
      }
    },
    {
      "type": "Feature",
      "id": "node-south-ferry-shelter",
      "properties": {
        "feature_kind": "route_node",
        "route_id": "route-03",
        "node_id": "south-ferry-shelter",
        "name": "South Ferry Shelter Island terminal"
      },
      "geometry": {
        "type": "Point",
        "coordinates": [
          -72.3279,
          41.0403
        ]
      }
    },
    {
      "type": "Feature",
      "id": "node-south-ferry-north-haven",
      "properties": {
        "feature_kind": "route_node",
        "route_id": "route-03",
        "node_id": "south-ferry-north-haven",
        "name": "South Ferry North Haven terminal"
      },
      "geometry": {
        "type": "Point",
        "coordinates": [
          -72.3185,
          41.0158
        ]
      }
    },
    {
      "type": "Feature",
      "id": "node-lewes-terminal",
      "properties": {
        "feature_kind": "route_node",
        "route_id": "route-03",
        "node_id": "lewes-terminal",
        "name": "Cape May-Lewes Ferry terminal"
      },
      "geometry": {
        "type": "Point",
        "coordinates": [
          -75.1199,
          38.7824
        ]
      }
    },
    {
      "type": "Feature",
      "id": "node-florence-griswold",
      "properties": {
        "feature_kind": "route_node",
        "route_id": "route-03",
        "node_id": "florence-griswold",
        "name": "Florence Griswold Museum, 96 Lyme Street, Old Lyme, Connecticut"
      },
      "geometry": {
        "type": "Point",
        "coordinates": [
          -72.3268675,
          41.3257403
        ]
      }
    },
    {
      "type": "Feature",
      "id": "node-cross-sound-ferry",
      "properties": {
        "feature_kind": "route_node",
        "route_id": "route-03",
        "node_id": "cross-sound-ferry",
        "name": "Cross Sound Ferry, 2 Ferry Street, New London, Connecticut"
      },
      "geometry": {
        "type": "Point",
        "coordinates": [
          -72.0946,
          41.3554
        ]
      }
    },
    {
      "type": "Feature",
      "id": "node-greenport-waterfront",
      "properties": {
        "feature_kind": "route_node",
        "route_id": "route-03",
        "node_id": "greenport-waterfront",
        "name": "Mitchell Park, 115 Front Street, Greenport, New York"
      },
      "geometry": {
        "type": "Point",
        "coordinates": [
          -72.3602,
          41.1018
        ]
      }
    },
    {
      "type": "Feature",
      "id": "node-book-barn-niantic",
      "properties": {
        "feature_kind": "route_node",
        "route_id": "route-03",
        "node_id": "book-barn-niantic",
        "name": "The Book Barn, 41 West Main Street, Niantic, Connecticut"
      },
      "geometry": {
        "type": "Point",
        "coordinates": [
          -72.2082276,
          41.3218444
        ]
      }
    },
    {
      "type": "Feature",
      "id": "node-north-ferry",
      "properties": {
        "feature_kind": "route_node",
        "route_id": "route-03",
        "node_id": "north-ferry",
        "name": "North Ferry, 12 Summerfield Place, Shelter Island Heights, New York"
      },
      "geometry": {
        "type": "Point",
        "coordinates": [
          -72.3578,
          41.101
        ]
      }
    },
    {
      "type": "Feature",
      "id": "node-mashomack-preserve",
      "properties": {
        "feature_kind": "route_node",
        "route_id": "route-03",
        "node_id": "mashomack-preserve",
        "name": "Mashomack Preserve, 79 South Ferry Road, Shelter Island, New York"
      },
      "geometry": {
        "type": "Point",
        "coordinates": [
          -72.3008528,
          41.0569678
        ]
      }
    },
    {
      "type": "Feature",
      "id": "node-south-ferry",
      "properties": {
        "feature_kind": "route_node",
        "route_id": "route-03",
        "node_id": "south-ferry",
        "name": "South Ferry, 135 South Ferry Road, Shelter Island, New York"
      },
      "geometry": {
        "type": "Point",
        "coordinates": [
          -72.3279,
          41.0403
        ]
      }
    },
    {
      "type": "Feature",
      "id": "node-parrish-art-museum",
      "properties": {
        "feature_kind": "route_node",
        "route_id": "route-03",
        "node_id": "parrish-art-museum",
        "name": "Parrish Art Museum, 279 Montauk Highway, Water Mill, New York"
      },
      "geometry": {
        "type": "Point",
        "coordinates": [
          -72.3657221,
          40.9046532
        ]
      }
    },
    {
      "type": "Feature",
      "id": "node-big-duck",
      "properties": {
        "feature_kind": "route_node",
        "route_id": "route-03",
        "node_id": "big-duck",
        "name": "The Big Duck, 1012 Flanders Road, Flanders, New York"
      },
      "geometry": {
        "type": "Point",
        "coordinates": [
          -72.6176,
          40.9046
        ]
      }
    },
    {
      "type": "Feature",
      "id": "node-tanger-riverhead",
      "properties": {
        "feature_kind": "route_node",
        "route_id": "route-03",
        "node_id": "tanger-riverhead",
        "name": "Tanger Outlets Riverhead, 1770 West Main Street, Riverhead, New York"
      },
      "geometry": {
        "type": "Point",
        "coordinates": [
          -72.7156,
          40.9217
        ]
      }
    },
    {
      "type": "Feature",
      "id": "node-long-island-aquarium",
      "properties": {
        "feature_kind": "route_node",
        "route_id": "route-03",
        "node_id": "long-island-aquarium",
        "name": "Long Island Aquarium, 431 East Main Street, Riverhead, New York"
      },
      "geometry": {
        "type": "Point",
        "coordinates": [
          -72.6564487,
          40.9181365
        ]
      }
    },
    {
      "type": "Feature",
      "id": "node-cradle-of-aviation",
      "properties": {
        "feature_kind": "route_node",
        "route_id": "route-03",
        "node_id": "cradle-of-aviation",
        "name": "Cradle of Aviation Museum, Charles Lindbergh Boulevard, Garden City, New York"
      },
      "geometry": {
        "type": "Point",
        "coordinates": [
          -73.5974782,
          40.7283473
        ]
      }
    },
    {
      "type": "Feature",
      "id": "node-asbury-boardwalk",
      "properties": {
        "feature_kind": "route_node",
        "route_id": "route-03",
        "node_id": "asbury-boardwalk",
        "name": "Asbury Park Convention Hall, 1300 Ocean Avenue, Asbury Park, New Jersey"
      },
      "geometry": {
        "type": "Point",
        "coordinates": [
          -74.0105,
          40.2236
        ]
      }
    },
    {
      "type": "Feature",
      "id": "node-silverball-asbury",
      "properties": {
        "feature_kind": "route_node",
        "route_id": "route-03",
        "node_id": "silverball-asbury",
        "name": "Silverball Retro Arcade, 1000 Ocean Avenue, Asbury Park, New Jersey"
      },
      "geometry": {
        "type": "Point",
        "coordinates": [
          -74.0101,
          40.219
        ]
      }
    },
    {
      "type": "Feature",
      "id": "node-asbury-live-music",
      "properties": {
        "feature_kind": "route_node",
        "route_id": "route-03",
        "node_id": "asbury-live-music",
        "name": "The Stone Pony, 913 Ocean Avenue, Asbury Park, New Jersey"
      },
      "geometry": {
        "type": "Point",
        "coordinates": [
          -74.0109,
          40.2177
        ]
      }
    },
    {
      "type": "Feature",
      "id": "node-ocean-grove",
      "properties": {
        "feature_kind": "route_node",
        "route_id": "route-03",
        "node_id": "ocean-grove",
        "name": "Great Auditorium, 21 Pilgrim Pathway, Ocean Grove, New Jersey"
      },
      "geometry": {
        "type": "Point",
        "coordinates": [
          -74.0063,
          40.2122
        ]
      }
    },
    {
      "type": "Feature",
      "id": "node-lucy-elephant",
      "properties": {
        "feature_kind": "route_node",
        "route_id": "route-03",
        "node_id": "lucy-elephant",
        "name": "Lucy the Elephant, 9200 Atlantic Avenue, Margate City, New Jersey"
      },
      "geometry": {
        "type": "Point",
        "coordinates": [
          -74.5161,
          39.3208
        ]
      }
    },
    {
      "type": "Feature",
      "id": "node-nas-wildwood",
      "properties": {
        "feature_kind": "route_node",
        "route_id": "route-03",
        "node_id": "nas-wildwood",
        "name": "Naval Air Station Wildwood Aviation Museum, 500 Forrestal Road, Cape May, New Jersey"
      },
      "geometry": {
        "type": "Point",
        "coordinates": [
          -74.9082,
          39.0027
        ]
      }
    },
    {
      "type": "Feature",
      "id": "node-cape-may-victorian",
      "properties": {
        "feature_kind": "route_node",
        "route_id": "route-03",
        "node_id": "cape-may-victorian",
        "name": "Washington Street Mall, Cape May, New Jersey"
      },
      "geometry": {
        "type": "Point",
        "coordinates": [
          -74.921,
          38.9318
        ]
      }
    },
    {
      "type": "Feature",
      "id": "node-cape-may-ghosts",
      "properties": {
        "feature_kind": "route_node",
        "route_id": "route-03",
        "node_id": "cape-may-ghosts",
        "name": "Ocean Street Trolley Stop, Cape May, New Jersey"
      },
      "geometry": {
        "type": "Point",
        "coordinates": [
          -74.917,
          38.9313
        ]
      }
    },
    {
      "type": "Feature",
      "id": "node-sunset-beach-atlantus",
      "properties": {
        "feature_kind": "route_node",
        "route_id": "route-03",
        "node_id": "sunset-beach-atlantus",
        "name": "Sunset Beach, 502 Sunset Boulevard, Cape May Point, New Jersey"
      },
      "geometry": {
        "type": "Point",
        "coordinates": [
          -74.9697,
          38.9441
        ]
      }
    },
    {
      "type": "Feature",
      "id": "node-cape-may-lewes-ferry",
      "properties": {
        "feature_kind": "route_node",
        "route_id": "route-03",
        "node_id": "cape-may-lewes-ferry",
        "name": "Cape May-Lewes Ferry Terminal, 1200 Lincoln Boulevard, North Cape May, New Jersey"
      },
      "geometry": {
        "type": "Point",
        "coordinates": [
          -74.9597,
          38.9687
        ]
      }
    },
    {
      "type": "Feature",
      "id": "node-fort-miles",
      "properties": {
        "feature_kind": "route_node",
        "route_id": "route-03",
        "node_id": "fort-miles",
        "name": "Fort Miles Museum, 15099 Cape Henlopen Drive, Lewes, Delaware"
      },
      "geometry": {
        "type": "Point",
        "coordinates": [
          -75.0949,
          38.7758
        ]
      }
    },
    {
      "type": "Feature",
      "id": "node-great-dune-tower",
      "properties": {
        "feature_kind": "route_node",
        "route_id": "route-03",
        "node_id": "great-dune-tower",
        "name": "Observation Tower, Fort Miles, Cape Henlopen State Park, Lewes, Delaware"
      },
      "geometry": {
        "type": "Point",
        "coordinates": [
          -75.0915,
          38.7768
        ]
      }
    },
    {
      "type": "Feature",
      "id": "node-berlin-historic",
      "properties": {
        "feature_kind": "route_node",
        "route_id": "route-03",
        "node_id": "berlin-historic",
        "name": "Atlantic Hotel, 2 North Main Street, Berlin, Maryland"
      },
      "geometry": {
        "type": "Point",
        "coordinates": [
          -75.2174,
          38.3229
        ]
      }
    },
    {
      "type": "Feature",
      "id": "node-zwaanendael",
      "properties": {
        "feature_kind": "route_node",
        "route_id": "route-03",
        "node_id": "zwaanendael",
        "name": "Zwaanendael Museum, 102 Kings Highway, Lewes, Delaware"
      },
      "geometry": {
        "type": "Point",
        "coordinates": [
          -75.1391799,
          38.7740526
        ]
      }
    },
    {
      "type": "Feature",
      "id": "node-assateague",
      "properties": {
        "feature_kind": "route_node",
        "route_id": "route-03",
        "node_id": "assateague",
        "name": "Assateague Island National Seashore, 7206 National Seashore Lane, Berlin, Maryland"
      },
      "geometry": {
        "type": "Point",
        "coordinates": [
          -75.1572,
          38.2508
        ]
      }
    },
    {
      "type": "Feature",
      "id": "node-nasa-wallops",
      "properties": {
        "feature_kind": "route_node",
        "route_id": "route-03",
        "node_id": "nasa-wallops",
        "name": "NASA Wallops Visitor Center, 175 Chincoteague Road, Wallops Island, Virginia"
      },
      "geometry": {
        "type": "Point",
        "coordinates": [
          -75.4665,
          37.9333
        ]
      }
    },
    {
      "type": "Feature",
      "id": "node-barrier-islands-center",
      "properties": {
        "feature_kind": "route_node",
        "route_id": "route-03",
        "node_id": "barrier-islands-center",
        "name": "Barrier Islands Center, 7295 Young Street, Machipongo, Virginia"
      },
      "geometry": {
        "type": "Point",
        "coordinates": [
          -75.9948,
          37.403
        ]
      }
    },
    {
      "type": "Feature",
      "id": "node-chesapeake-bridge-tunnel",
      "properties": {
        "feature_kind": "route_node",
        "route_id": "route-03",
        "node_id": "chesapeake-bridge-tunnel",
        "name": "Chesapeake Bay Bridge-Tunnel, Virginia"
      },
      "geometry": {
        "type": "Point",
        "coordinates": [
          -76.08,
          37.03
        ]
      }
    },
    {
      "type": "Feature",
      "id": "node-norfolk-pagoda",
      "properties": {
        "feature_kind": "route_node",
        "route_id": "route-03",
        "node_id": "norfolk-pagoda",
        "name": "Pagoda and Oriental Garden, 265 West Tazewell Street, Norfolk, Virginia"
      },
      "geometry": {
        "type": "Point",
        "coordinates": [
          -76.2964,
          36.8505
        ]
      }
    },
    {
      "type": "Feature",
      "id": "node-cape-charles",
      "properties": {
        "feature_kind": "route_node",
        "route_id": "route-03",
        "node_id": "cape-charles",
        "name": "Cape Charles Historic District, Cape Charles, Virginia"
      },
      "geometry": {
        "type": "Point",
        "coordinates": [
          -76.0174,
          37.2679
        ]
      }
    },
    {
      "type": "Feature",
      "id": "node-nauticus-wisconsin",
      "properties": {
        "feature_kind": "route_node",
        "route_id": "route-03",
        "node_id": "nauticus-wisconsin",
        "name": "Nauticus, 1 Waterside Drive, Norfolk, Virginia"
      },
      "geometry": {
        "type": "Point",
        "coordinates": [
          -76.2951,
          36.8477
        ]
      }
    },
    {
      "type": "Feature",
      "id": "node-edgar-cayce-are",
      "properties": {
        "feature_kind": "route_node",
        "route_id": "route-03",
        "node_id": "edgar-cayce-are",
        "name": "Edgar Cayce A.R.E., 215 67th Street, Virginia Beach, Virginia"
      },
      "geometry": {
        "type": "Point",
        "coordinates": [
          -75.985,
          36.891
        ]
      }
    },
    {
      "type": "Feature",
      "id": "node-vibe-neptune",
      "properties": {
        "feature_kind": "route_node",
        "route_id": "route-03",
        "node_id": "vibe-neptune",
        "name": "King Neptune Statue, 3001 Atlantic Avenue, Virginia Beach, Virginia"
      },
      "geometry": {
        "type": "Point",
        "coordinates": [
          -75.9779,
          36.8594
        ]
      }
    },
    {
      "type": "Feature",
      "id": "node-poe-museum-richmond",
      "properties": {
        "feature_kind": "route_node",
        "route_id": "route-03",
        "node_id": "poe-museum-richmond",
        "name": "Poe Museum, 1914 East Main Street, Richmond, Virginia"
      },
      "geometry": {
        "type": "Point",
        "coordinates": [
          -77.4261,
          37.5322
        ]
      }
    },
    {
      "type": "Feature",
      "id": "node-hermitage-norfolk",
      "properties": {
        "feature_kind": "route_node",
        "route_id": "route-03",
        "node_id": "hermitage-norfolk",
        "name": "Hermitage Museum and Gardens, 7637 North Shore Road, Norfolk, Virginia"
      },
      "geometry": {
        "type": "Point",
        "coordinates": [
          -76.3129,
          36.911
        ]
      }
    },
    {
      "type": "Feature",
      "id": "node-richmond-orthodox",
      "properties": {
        "feature_kind": "route_node",
        "route_id": "route-03",
        "node_id": "richmond-orthodox",
        "name": "Saints Constantine and Helen Greek Orthodox Cathedral, 30 Malvern Avenue, Richmond, Virginia"
      },
      "geometry": {
        "type": "Point",
        "coordinates": [
          -77.5066,
          37.5682
        ]
      }
    },
    {
      "type": "Feature",
      "id": "node-bo-railroad",
      "properties": {
        "feature_kind": "route_node",
        "route_id": "route-03",
        "node_id": "bo-railroad",
        "name": "B&O Railroad Museum, 901 West Pratt Street, Baltimore, Maryland"
      },
      "geometry": {
        "type": "Point",
        "coordinates": [
          -76.6335,
          39.2847
        ]
      }
    },
    {
      "type": "Feature",
      "id": "node-hollywood-cemetery",
      "properties": {
        "feature_kind": "route_node",
        "route_id": "route-03",
        "node_id": "hollywood-cemetery",
        "name": "Hollywood Cemetery, 412 South Cherry Street, Richmond, Virginia"
      },
      "geometry": {
        "type": "Point",
        "coordinates": [
          -77.4552,
          37.5366
        ]
      }
    },
    {
      "type": "Feature",
      "id": "node-mutter-museum",
      "properties": {
        "feature_kind": "route_node",
        "route_id": "route-03",
        "node_id": "mutter-museum",
        "name": "Mutter Museum, 19 South 22nd Street, Philadelphia, Pennsylvania"
      },
      "geometry": {
        "type": "Point",
        "coordinates": [
          -75.1765,
          39.9533
        ]
      }
    },
    {
      "type": "Feature",
      "id": "node-metuchen-main-street",
      "properties": {
        "feature_kind": "route_node",
        "route_id": "route-03",
        "node_id": "metuchen-main-street",
        "name": "Main Street and New Street, Metuchen, New Jersey"
      },
      "geometry": {
        "type": "Point",
        "coordinates": [
          -74.3607,
          40.542
        ]
      }
    },
    {
      "type": "Feature",
      "id": "node-andalusia-estate",
      "properties": {
        "feature_kind": "route_node",
        "route_id": "route-03",
        "node_id": "andalusia-estate",
        "name": "Andalusia Historic House, 1237 State Road, Andalusia, Pennsylvania"
      },
      "geometry": {
        "type": "Point",
        "coordinates": [
          -74.9582,
          40.062
        ]
      }
    },
    {
      "type": "Feature",
      "id": "node-sleepy-hollow-cemetery",
      "properties": {
        "feature_kind": "route_node",
        "route_id": "route-03",
        "node_id": "sleepy-hollow-cemetery",
        "name": "Sleepy Hollow Cemetery, 540 North Broadway, Sleepy Hollow, New York"
      },
      "geometry": {
        "type": "Point",
        "coordinates": [
          -73.8603,
          41.0954
        ]
      }
    },
    {
      "type": "Feature",
      "id": "node-old-dutch-church",
      "properties": {
        "feature_kind": "route_node",
        "route_id": "route-03",
        "node_id": "old-dutch-church",
        "name": "Old Dutch Church, 430 North Broadway, Sleepy Hollow, New York"
      },
      "geometry": {
        "type": "Point",
        "coordinates": [
          -73.861,
          41.0904
        ]
      }
    },
    {
      "type": "Feature",
      "id": "node-headless-horseman",
      "properties": {
        "feature_kind": "route_node",
        "route_id": "route-03",
        "node_id": "headless-horseman",
        "name": "Headless Horseman Bridge, Sleepy Hollow, New York"
      },
      "geometry": {
        "type": "Point",
        "coordinates": [
          -73.8615,
          41.0916
        ]
      }
    },
    {
      "type": "Feature",
      "id": "node-pumpkin-blaze",
      "properties": {
        "feature_kind": "route_node",
        "route_id": "route-03",
        "node_id": "pumpkin-blaze",
        "name": "Van Cortlandt Manor, 525 South Riverside Avenue, Croton-on-Hudson, New York"
      },
      "geometry": {
        "type": "Point",
        "coordinates": [
          -73.8765,
          41.1917
        ]
      }
    },
    {
      "type": "Feature",
      "id": "node-rockefeller-arts",
      "properties": {
        "feature_kind": "route_node",
        "route_id": "route-03",
        "node_id": "rockefeller-arts",
        "name": "David Rockefeller Creative Arts Center, 200 Lake Road, Tarrytown, New York"
      },
      "geometry": {
        "type": "Point",
        "coordinates": [
          -73.8374,
          41.093
        ]
      }
    },
    {
      "type": "Feature",
      "id": "node-pez-visitor-center",
      "properties": {
        "feature_kind": "route_node",
        "route_id": "route-03",
        "node_id": "pez-visitor-center",
        "name": "PEZ Visitor Center, 35 Prindle Hill Road, Orange, Connecticut"
      },
      "geometry": {
        "type": "Point",
        "coordinates": [
          -72.9971,
          41.2638
        ]
      }
    },
    {
      "type": "Feature",
      "id": "node-new-england-air-museum",
      "properties": {
        "feature_kind": "route_node",
        "route_id": "route-03",
        "node_id": "new-england-air-museum",
        "name": "New England Air Museum, 36 Perimeter Road, Windsor Locks, Connecticut"
      },
      "geometry": {
        "type": "Point",
        "coordinates": [
          -72.616,
          41.931
        ]
      }
    }
  ]
}
