{
  "type": "FeatureCollection",
  "name": "route-01-gilded-coast-capital-loop",
  "features": [
    {
      "type": "Feature",
      "id": "d1-boston-logan-rental-to-risd-museum",
      "properties": {
        "feature_kind": "drive_leg",
        "route_id": "route-01",
        "day": 1,
        "date": "2026-10-04",
        "from": "boston-logan-rental",
        "to": "risd-museum",
        "distance_miles": 52.5,
        "baseline_minutes": 72,
        "traffic_risk": "medium",
        "map_color": "#FF5A36"
      },
      "geometry": {
        "coordinates": [
          [
            -71.023514,
            42.367084
          ],
          [
            -71.027786,
            42.36704
          ],
          [
            -71.025644,
            42.359423
          ],
          [
            -71.032515,
            42.349092
          ],
          [
            -71.059366,
            42.348695
          ],
          [
            -71.065545,
            42.336079
          ],
          [
            -71.051945,
            42.318458
          ],
          [
            -71.05395,
            42.306296
          ],
          [
            -71.043063,
            42.287936
          ],
          [
            -71.050478,
            42.272145
          ],
          [
            -71.036683,
            42.247398
          ],
          [
            -71.02446,
            42.239561
          ],
          [
            -71.024325,
            42.226705
          ],
          [
            -71.056215,
            42.207115
          ],
          [
            -71.126007,
            42.20315
          ],
          [
            -71.139407,
            42.209065
          ],
          [
            -71.181869,
            42.159972
          ],
          [
            -71.220973,
            42.135059
          ],
          [
            -71.23189,
            42.116977
          ],
          [
            -71.222086,
            42.084922
          ],
          [
            -71.229571,
            42.065622
          ],
          [
            -71.250159,
            42.03266
          ],
          [
            -71.288862,
            42.002562
          ],
          [
            -71.29749,
            41.965831
          ],
          [
            -71.338447,
            41.911777
          ],
          [
            -71.374432,
            41.896188
          ],
          [
            -71.381008,
            41.874452
          ],
          [
            -71.400211,
            41.870294
          ],
          [
            -71.420182,
            41.826095
          ],
          [
            -71.407186,
            41.826662
          ]
        ],
        "type": "LineString"
      }
    },
    {
      "type": "Feature",
      "id": "d1-risd-museum-to-castle-hill-lighthouse",
      "properties": {
        "feature_kind": "drive_leg",
        "route_id": "route-01",
        "day": 1,
        "date": "2026-10-04",
        "from": "risd-museum",
        "to": "castle-hill-lighthouse",
        "distance_miles": 39.2,
        "baseline_minutes": 65,
        "traffic_risk": "medium",
        "map_color": "#FF5A36"
      },
      "geometry": {
        "coordinates": [
          [
            -71.407186,
            41.826662
          ],
          [
            -71.41941,
            41.826554
          ],
          [
            -71.420433,
            41.821524
          ],
          [
            -71.405675,
            41.810826
          ],
          [
            -71.403057,
            41.798282
          ],
          [
            -71.421623,
            41.786401
          ],
          [
            -71.447538,
            41.73828
          ],
          [
            -71.472801,
            41.71281
          ],
          [
            -71.478098,
            41.675283
          ],
          [
            -71.490831,
            41.665602
          ],
          [
            -71.486976,
            41.619466
          ],
          [
            -71.495659,
            41.61005
          ],
          [
            -71.504486,
            41.583813
          ],
          [
            -71.492355,
            41.570354
          ],
          [
            -71.484932,
            41.550819
          ],
          [
            -71.469012,
            41.540183
          ],
          [
            -71.467774,
            41.528145
          ],
          [
            -71.457831,
            41.531109
          ],
          [
            -71.433721,
            41.526827
          ],
          [
            -71.415984,
            41.5302
          ],
          [
            -71.371791,
            41.526098
          ],
          [
            -71.364141,
            41.508498
          ],
          [
            -71.324127,
            41.499485
          ],
          [
            -71.314866,
            41.502799
          ],
          [
            -71.315119,
            41.47118
          ],
          [
            -71.345466,
            41.467607
          ],
          [
            -71.350378,
            41.461321
          ],
          [
            -71.358299,
            41.459936
          ],
          [
            -71.361219,
            41.463192
          ]
        ],
        "type": "LineString"
      }
    },
    {
      "type": "Feature",
      "id": "d1-castle-hill-lighthouse-to-newport-lodging",
      "properties": {
        "feature_kind": "drive_leg",
        "route_id": "route-01",
        "day": 1,
        "date": "2026-10-04",
        "from": "castle-hill-lighthouse",
        "to": "newport-lodging",
        "distance_miles": 4.6,
        "baseline_minutes": 16,
        "traffic_risk": "medium",
        "map_color": "#FF5A36"
      },
      "geometry": {
        "coordinates": [
          [
            -71.361219,
            41.463192
          ],
          [
            -71.360988,
            41.463842
          ],
          [
            -71.360595,
            41.46373
          ],
          [
            -71.360382,
            41.463255
          ],
          [
            -71.360816,
            41.461141
          ],
          [
            -71.358859,
            41.460542
          ],
          [
            -71.358299,
            41.459936
          ],
          [
            -71.35802,
            41.46074
          ],
          [
            -71.350378,
            41.461321
          ],
          [
            -71.350319,
            41.461957
          ],
          [
            -71.347152,
            41.466667
          ],
          [
            -71.345466,
            41.467607
          ],
          [
            -71.34096,
            41.468141
          ],
          [
            -71.338523,
            41.467816
          ],
          [
            -71.337013,
            41.468211
          ],
          [
            -71.334427,
            41.469484
          ],
          [
            -71.330055,
            41.469343
          ],
          [
            -71.32791,
            41.46964
          ],
          [
            -71.325843,
            41.469424
          ],
          [
            -71.324592,
            41.470642
          ],
          [
            -71.32425,
            41.471447
          ],
          [
            -71.315119,
            41.47118
          ],
          [
            -71.313656,
            41.472807
          ],
          [
            -71.313869,
            41.474987
          ],
          [
            -71.310798,
            41.475128
          ],
          [
            -71.312644,
            41.481639
          ],
          [
            -71.312996,
            41.48414
          ],
          [
            -71.31283,
            41.4901
          ]
        ],
        "type": "LineString"
      }
    },
    {
      "type": "Feature",
      "id": "d2-newport-lodging-to-cliff-walk",
      "properties": {
        "feature_kind": "drive_leg",
        "route_id": "route-01",
        "day": 2,
        "date": "2026-10-05",
        "from": "newport-lodging",
        "to": "cliff-walk",
        "distance_miles": 2.8,
        "baseline_minutes": 9,
        "traffic_risk": "low",
        "map_color": "#FF5A36"
      },
      "geometry": {
        "coordinates": [
          [
            -71.31283,
            41.4901
          ],
          [
            -71.313398,
            41.490299
          ],
          [
            -71.314771,
            41.489958
          ],
          [
            -71.312748,
            41.489681
          ],
          [
            -71.309648,
            41.487823
          ],
          [
            -71.308812,
            41.485831
          ],
          [
            -71.308502,
            41.483783
          ],
          [
            -71.308502,
            41.478897
          ],
          [
            -71.308021,
            41.477276
          ],
          [
            -71.306198,
            41.458341
          ],
          [
            -71.306428,
            41.455495
          ],
          [
            -71.306935,
            41.455546
          ],
          [
            -71.307067,
            41.454836
          ],
          [
            -71.306554,
            41.454832
          ]
        ],
        "type": "LineString"
      }
    },
    {
      "type": "Feature",
      "id": "d2-cliff-walk-to-the-breakers",
      "properties": {
        "feature_kind": "drive_leg",
        "route_id": "route-01",
        "day": 2,
        "date": "2026-10-05",
        "from": "cliff-walk",
        "to": "the-breakers",
        "distance_miles": 1.5,
        "baseline_minutes": 6,
        "traffic_risk": "low",
        "map_color": "#FF5A36"
      },
      "geometry": {
        "coordinates": [
          [
            -71.306554,
            41.454832
          ],
          [
            -71.307067,
            41.454836
          ],
          [
            -71.306935,
            41.455546
          ],
          [
            -71.306428,
            41.455495
          ],
          [
            -71.306172,
            41.457976
          ],
          [
            -71.307212,
            41.469061
          ],
          [
            -71.301805,
            41.469821
          ],
          [
            -71.298585,
            41.469971
          ]
        ],
        "type": "LineString"
      }
    },
    {
      "type": "Feature",
      "id": "d2-the-breakers-to-watch-hill",
      "properties": {
        "feature_kind": "drive_leg",
        "route_id": "route-01",
        "day": 2,
        "date": "2026-10-05",
        "from": "the-breakers",
        "to": "watch-hill",
        "distance_miles": 43.9,
        "baseline_minutes": 69,
        "traffic_risk": "low",
        "map_color": "#FF5A36"
      },
      "geometry": {
        "coordinates": [
          [
            -71.298585,
            41.469971
          ],
          [
            -71.300142,
            41.475691
          ],
          [
            -71.307826,
            41.475285
          ],
          [
            -71.309501,
            41.487658
          ],
          [
            -71.316765,
            41.494926
          ],
          [
            -71.317369,
            41.502665
          ],
          [
            -71.31535,
            41.502864
          ],
          [
            -71.323841,
            41.499517
          ],
          [
            -71.364057,
            41.508567
          ],
          [
            -71.366838,
            41.512044
          ],
          [
            -71.367445,
            41.5232
          ],
          [
            -71.37076,
            41.526014
          ],
          [
            -71.388272,
            41.525917
          ],
          [
            -71.415083,
            41.53026
          ],
          [
            -71.432792,
            41.52692
          ],
          [
            -71.456596,
            41.531377
          ],
          [
            -71.467141,
            41.529917
          ],
          [
            -71.468377,
            41.528577
          ],
          [
            -71.462553,
            41.52094
          ],
          [
            -71.456512,
            41.493427
          ],
          [
            -71.461315,
            41.4709
          ],
          [
            -71.46965,
            41.452278
          ],
          [
            -71.479027,
            41.44281
          ],
          [
            -71.48625,
            41.430964
          ],
          [
            -71.523087,
            41.426064
          ],
          [
            -71.536505,
            41.401771
          ],
          [
            -71.547349,
            41.397876
          ],
          [
            -71.572762,
            41.395058
          ],
          [
            -71.608056,
            41.395368
          ],
          [
            -71.635251,
            41.384935
          ],
          [
            -71.647147,
            41.386464
          ],
          [
            -71.660255,
            41.384808
          ],
          [
            -71.666687,
            41.381012
          ],
          [
            -71.67321,
            41.370464
          ],
          [
            -71.693336,
            41.359592
          ],
          [
            -71.719461,
            41.355058
          ],
          [
            -71.742741,
            41.348042
          ],
          [
            -71.762634,
            41.351799
          ],
          [
            -71.786484,
            41.350937
          ],
          [
            -71.807524,
            41.357299
          ],
          [
            -71.81443,
            41.344929
          ],
          [
            -71.822568,
            41.343099
          ],
          [
            -71.825577,
            41.336578
          ],
          [
            -71.832863,
            41.333183
          ],
          [
            -71.832222,
            41.328922
          ],
          [
            -71.846889,
            41.320337
          ],
          [
            -71.85845,
            41.303885
          ]
        ],
        "type": "LineString"
      }
    },
    {
      "type": "Feature",
      "id": "d2-watch-hill-to-mystic-seaport",
      "properties": {
        "feature_kind": "drive_leg",
        "route_id": "route-01",
        "day": 2,
        "date": "2026-10-05",
        "from": "watch-hill",
        "to": "mystic-seaport",
        "distance_miles": 14.7,
        "baseline_minutes": 29,
        "traffic_risk": "low",
        "map_color": "#FF5A36"
      },
      "geometry": {
        "coordinates": [
          [
            -71.85845,
            41.303885
          ],
          [
            -71.85705,
            41.307453
          ],
          [
            -71.856222,
            41.307634
          ],
          [
            -71.856134,
            41.308623
          ],
          [
            -71.854061,
            41.310837
          ],
          [
            -71.851965,
            41.311569
          ],
          [
            -71.846889,
            41.320337
          ],
          [
            -71.843783,
            41.322508
          ],
          [
            -71.838793,
            41.324361
          ],
          [
            -71.837021,
            41.326256
          ],
          [
            -71.832298,
            41.328854
          ],
          [
            -71.831558,
            41.330607
          ],
          [
            -71.832863,
            41.333183
          ],
          [
            -71.82563,
            41.336533
          ],
          [
            -71.824707,
            41.339352
          ],
          [
            -71.822472,
            41.341943
          ],
          [
            -71.823387,
            41.345726
          ],
          [
            -71.825897,
            41.34814
          ],
          [
            -71.828293,
            41.354828
          ],
          [
            -71.828865,
            41.362568
          ],
          [
            -71.829987,
            41.36578
          ],
          [
            -71.828949,
            41.371288
          ],
          [
            -71.828819,
            41.37671
          ],
          [
            -71.831818,
            41.377873
          ],
          [
            -71.836818,
            41.376196
          ],
          [
            -71.842076,
            41.376446
          ],
          [
            -71.855823,
            41.371736
          ],
          [
            -71.866921,
            41.365246
          ],
          [
            -71.876818,
            41.360997
          ],
          [
            -71.882246,
            41.356812
          ],
          [
            -71.885062,
            41.353302
          ],
          [
            -71.88661,
            41.352378
          ],
          [
            -71.894285,
            41.350728
          ],
          [
            -71.907806,
            41.350288
          ],
          [
            -71.923446,
            41.346469
          ],
          [
            -71.935994,
            41.342206
          ],
          [
            -71.9446,
            41.341858
          ],
          [
            -71.947498,
            41.342366
          ],
          [
            -71.960816,
            41.350867
          ],
          [
            -71.963337,
            41.357183
          ],
          [
            -71.963701,
            41.360319
          ],
          [
            -71.964548,
            41.360548
          ],
          [
            -71.96449,
            41.361879
          ]
        ],
        "type": "LineString"
      }
    },
    {
      "type": "Feature",
      "id": "d2-mystic-seaport-to-beinecke-library",
      "properties": {
        "feature_kind": "drive_leg",
        "route_id": "route-01",
        "day": 2,
        "date": "2026-10-05",
        "from": "mystic-seaport",
        "to": "beinecke-library",
        "distance_miles": 56.5,
        "baseline_minutes": 74,
        "traffic_risk": "low",
        "map_color": "#FF5A36"
      },
      "geometry": {
        "coordinates": [
          [
            -71.96449,
            41.361879
          ],
          [
            -71.95669,
            41.376944
          ],
          [
            -72.047899,
            41.359627
          ],
          [
            -72.069467,
            41.365209
          ],
          [
            -72.099695,
            41.364313
          ],
          [
            -72.125176,
            41.371418
          ],
          [
            -72.164092,
            41.368132
          ],
          [
            -72.193766,
            41.375122
          ],
          [
            -72.250234,
            41.325467
          ],
          [
            -72.288003,
            41.316189
          ],
          [
            -72.330925,
            41.323446
          ],
          [
            -72.356924,
            41.317339
          ],
          [
            -72.39469,
            41.297815
          ],
          [
            -72.421412,
            41.290509
          ],
          [
            -72.485176,
            41.294441
          ],
          [
            -72.505457,
            41.289347
          ],
          [
            -72.582451,
            41.2912
          ],
          [
            -72.604425,
            41.287784
          ],
          [
            -72.664743,
            41.289785
          ],
          [
            -72.712175,
            41.297531
          ],
          [
            -72.751301,
            41.297058
          ],
          [
            -72.790013,
            41.29451
          ],
          [
            -72.864733,
            41.281908
          ],
          [
            -72.89517,
            41.290512
          ],
          [
            -72.908917,
            41.300759
          ],
          [
            -72.920754,
            41.301301
          ],
          [
            -72.92867,
            41.307288
          ],
          [
            -72.926826,
            41.312259
          ]
        ],
        "type": "LineString"
      }
    },
    {
      "type": "Feature",
      "id": "d2-beinecke-library-to-new-haven-lodging",
      "properties": {
        "feature_kind": "drive_leg",
        "route_id": "route-01",
        "day": 2,
        "date": "2026-10-05",
        "from": "beinecke-library",
        "to": "new-haven-lodging",
        "distance_miles": 0.8,
        "baseline_minutes": 2,
        "traffic_risk": "low",
        "map_color": "#FF5A36"
      },
      "geometry": {
        "coordinates": [
          [
            -72.926826,
            41.312259
          ],
          [
            -72.927156,
            41.312396
          ],
          [
            -72.928604,
            41.312621
          ],
          [
            -72.929176,
            41.312866
          ],
          [
            -72.929753,
            41.313275
          ],
          [
            -72.930274,
            41.313421
          ],
          [
            -72.930679,
            41.313375
          ],
          [
            -72.931963,
            41.312927
          ],
          [
            -72.932537,
            41.312902
          ],
          [
            -72.932561,
            41.312838
          ],
          [
            -72.932484,
            41.312524
          ],
          [
            -72.930804,
            41.311061
          ],
          [
            -72.927059,
            41.309481
          ],
          [
            -72.928199,
            41.307926
          ]
        ],
        "type": "LineString"
      }
    },
    {
      "type": "Feature",
      "id": "d3-new-haven-lodging-to-woodbury-common",
      "properties": {
        "feature_kind": "drive_leg",
        "route_id": "route-01",
        "day": 3,
        "date": "2026-10-06",
        "from": "new-haven-lodging",
        "to": "woodbury-common",
        "distance_miles": 91.8,
        "baseline_minutes": 125,
        "traffic_risk": "high",
        "map_color": "#FF5A36"
      },
      "geometry": {
        "coordinates": [
          [
            -72.928199,
            41.307926
          ],
          [
            -72.941321,
            41.290998
          ],
          [
            -73.01855,
            41.240602
          ],
          [
            -73.03474,
            41.233214
          ],
          [
            -73.054875,
            41.237506
          ],
          [
            -73.066023,
            41.235434
          ],
          [
            -73.091761,
            41.209332
          ],
          [
            -73.13012,
            41.194523
          ],
          [
            -73.152066,
            41.175603
          ],
          [
            -73.181059,
            41.179304
          ],
          [
            -73.203369,
            41.167233
          ],
          [
            -73.227493,
            41.16812
          ],
          [
            -73.24047,
            41.162764
          ],
          [
            -73.250385,
            41.149439
          ],
          [
            -73.284244,
            41.141321
          ],
          [
            -73.301583,
            41.127688
          ],
          [
            -73.320398,
            41.121206
          ],
          [
            -73.340723,
            41.12355
          ],
          [
            -73.376869,
            41.120293
          ],
          [
            -73.406411,
            41.108581
          ],
          [
            -73.428492,
            41.10481
          ],
          [
            -73.457202,
            41.088062
          ],
          [
            -73.468182,
            41.0745
          ],
          [
            -73.502866,
            41.067762
          ],
          [
            -73.515558,
            41.056539
          ],
          [
            -73.551881,
            41.044719
          ],
          [
            -73.58419,
            41.039712
          ],
          [
            -73.603937,
            41.027379
          ],
          [
            -73.634471,
            41.018337
          ],
          [
            -73.669744,
            40.987674
          ],
          [
            -73.701391,
            41.011749
          ],
          [
            -73.722803,
            41.015189
          ],
          [
            -73.731029,
            41.02537
          ],
          [
            -73.751446,
            41.031791
          ],
          [
            -73.766191,
            41.045519
          ],
          [
            -73.785922,
            41.042658
          ],
          [
            -73.804524,
            41.047626
          ],
          [
            -73.814027,
            41.05773
          ],
          [
            -73.85824,
            41.061293
          ],
          [
            -73.873334,
            41.071143
          ],
          [
            -73.914471,
            41.071671
          ],
          [
            -73.934633,
            41.095172
          ],
          [
            -73.994838,
            41.104809
          ],
          [
            -74.014363,
            41.128159
          ],
          [
            -74.037771,
            41.183051
          ],
          [
            -74.032267,
            41.211292
          ],
          [
            -74.036077,
            41.230598
          ],
          [
            -74.028448,
            41.242126
          ],
          [
            -74.044419,
            41.255464
          ],
          [
            -74.030959,
            41.269324
          ],
          [
            -74.025514,
            41.288057
          ],
          [
            -74.031305,
            41.302662
          ],
          [
            -74.048358,
            41.306918
          ],
          [
            -74.054301,
            41.316776
          ],
          [
            -74.074315,
            41.323078
          ],
          [
            -74.09877,
            41.319635
          ],
          [
            -74.124232,
            41.306501
          ],
          [
            -74.136415,
            41.314308
          ],
          [
            -74.125178,
            41.317725
          ]
        ],
        "type": "LineString"
      }
    },
    {
      "type": "Feature",
      "id": "d3-woodbury-common-to-brooklyn-lodging",
      "properties": {
        "feature_kind": "drive_leg",
        "route_id": "route-01",
        "day": 3,
        "date": "2026-10-06",
        "from": "woodbury-common",
        "to": "brooklyn-lodging",
        "distance_miles": 53.4,
        "baseline_minutes": 78,
        "traffic_risk": "high",
        "map_color": "#FF5A36"
      },
      "geometry": {
        "coordinates": [
          [
            -74.125178,
            41.317725
          ],
          [
            -74.133765,
            41.316027
          ],
          [
            -74.124734,
            41.310359
          ],
          [
            -74.184123,
            41.224768
          ],
          [
            -74.181262,
            41.185759
          ],
          [
            -74.189086,
            41.150431
          ],
          [
            -74.169035,
            41.13768
          ],
          [
            -74.161463,
            41.116314
          ],
          [
            -74.167079,
            41.102221
          ],
          [
            -74.156808,
            41.09554
          ],
          [
            -74.147656,
            41.077026
          ],
          [
            -74.122158,
            41.059171
          ],
          [
            -74.10682,
            41.010789
          ],
          [
            -74.083241,
            40.978733
          ],
          [
            -74.072999,
            40.953198
          ],
          [
            -74.073295,
            40.897801
          ],
          [
            -74.063931,
            40.876082
          ],
          [
            -74.06456,
            40.864163
          ],
          [
            -74.101193,
            40.820446
          ],
          [
            -74.101638,
            40.810313
          ],
          [
            -74.081694,
            40.809484
          ],
          [
            -74.048363,
            40.785667
          ],
          [
            -74.042326,
            40.772489
          ],
          [
            -74.065486,
            40.739513
          ],
          [
            -74.051555,
            40.731187
          ],
          [
            -74.010658,
            40.725624
          ],
          [
            -73.995016,
            40.714867
          ],
          [
            -73.985671,
            40.69813
          ],
          [
            -73.988207,
            40.692003
          ]
        ],
        "type": "LineString"
      }
    },
    {
      "type": "Feature",
      "id": "d5-brooklyn-lodging-to-grounds-for-sculpture",
      "properties": {
        "feature_kind": "drive_leg",
        "route_id": "route-01",
        "day": 5,
        "date": "2026-10-08",
        "from": "brooklyn-lodging",
        "to": "grounds-for-sculpture",
        "distance_miles": 60.9,
        "baseline_minutes": 94,
        "traffic_risk": "high",
        "map_color": "#FF5A36"
      },
      "geometry": {
        "coordinates": [
          [
            -73.988207,
            40.692003
          ],
          [
            -74.000115,
            40.690304
          ],
          [
            -74.003566,
            40.679005
          ],
          [
            -73.996267,
            40.665745
          ],
          [
            -74.021484,
            40.640976
          ],
          [
            -74.016113,
            40.633894
          ],
          [
            -74.020193,
            40.623495
          ],
          [
            -74.031831,
            40.610879
          ],
          [
            -74.058746,
            40.602201
          ],
          [
            -74.095768,
            40.610738
          ],
          [
            -74.14653,
            40.608072
          ],
          [
            -74.212008,
            40.643102
          ],
          [
            -74.207966,
            40.639567
          ],
          [
            -74.239735,
            40.587066
          ],
          [
            -74.267086,
            40.556469
          ],
          [
            -74.286253,
            40.545609
          ],
          [
            -74.321594,
            40.537794
          ],
          [
            -74.362232,
            40.517668
          ],
          [
            -74.406111,
            40.478768
          ],
          [
            -74.418463,
            40.484661
          ],
          [
            -74.436352,
            40.468082
          ],
          [
            -74.490328,
            40.452799
          ],
          [
            -74.713265,
            40.269267
          ],
          [
            -74.720093,
            40.254084
          ],
          [
            -74.729223,
            40.248024
          ],
          [
            -74.729302,
            40.235376
          ],
          [
            -74.72307,
            40.239839
          ],
          [
            -74.719596,
            40.236525
          ]
        ],
        "type": "LineString"
      }
    },
    {
      "type": "Feature",
      "id": "d5-grounds-for-sculpture-to-princeton-art-museum",
      "properties": {
        "feature_kind": "drive_leg",
        "route_id": "route-01",
        "day": 5,
        "date": "2026-10-08",
        "from": "grounds-for-sculpture",
        "to": "princeton-art-museum",
        "distance_miles": 11.4,
        "baseline_minutes": 20,
        "traffic_risk": "high",
        "map_color": "#FF5A36"
      },
      "geometry": {
        "coordinates": [
          [
            -74.719596,
            40.236525
          ],
          [
            -74.72307,
            40.239839
          ],
          [
            -74.711679,
            40.247883
          ],
          [
            -74.709826,
            40.247879
          ],
          [
            -74.697776,
            40.240393
          ],
          [
            -74.700707,
            40.242797
          ],
          [
            -74.694085,
            40.256854
          ],
          [
            -74.690725,
            40.273606
          ],
          [
            -74.693631,
            40.285198
          ],
          [
            -74.637746,
            40.331354
          ],
          [
            -74.647575,
            40.338924
          ],
          [
            -74.654011,
            40.346459
          ],
          [
            -74.656029,
            40.346053
          ],
          [
            -74.657181,
            40.347169
          ]
        ],
        "type": "LineString"
      }
    },
    {
      "type": "Feature",
      "id": "d5-princeton-art-museum-to-philadelphia-lodging",
      "properties": {
        "feature_kind": "drive_leg",
        "route_id": "route-01",
        "day": 5,
        "date": "2026-10-08",
        "from": "princeton-art-museum",
        "to": "philadelphia-lodging",
        "distance_miles": 44,
        "baseline_minutes": 63,
        "traffic_risk": "high",
        "map_color": "#FF5A36"
      },
      "geometry": {
        "coordinates": [
          [
            -74.657181,
            40.347169
          ],
          [
            -74.638302,
            40.331343
          ],
          [
            -74.693786,
            40.285722
          ],
          [
            -74.753969,
            40.286977
          ],
          [
            -74.771265,
            40.292911
          ],
          [
            -74.811836,
            40.289412
          ],
          [
            -74.843929,
            40.261026
          ],
          [
            -74.876667,
            40.247599
          ],
          [
            -74.882303,
            40.231477
          ],
          [
            -74.875655,
            40.200118
          ],
          [
            -74.894646,
            40.180836
          ],
          [
            -74.900447,
            40.164056
          ],
          [
            -74.888297,
            40.123676
          ],
          [
            -74.892559,
            40.109165
          ],
          [
            -74.999703,
            40.048005
          ],
          [
            -75.024384,
            40.027869
          ],
          [
            -75.072947,
            40.007305
          ],
          [
            -75.089586,
            39.9878
          ],
          [
            -75.135571,
            39.964827
          ]
        ],
        "type": "LineString"
      }
    },
    {
      "type": "Feature",
      "id": "d7-philadelphia-lodging-to-washington-lodging",
      "properties": {
        "feature_kind": "drive_leg",
        "route_id": "route-01",
        "day": 7,
        "date": "2026-10-10",
        "from": "philadelphia-lodging",
        "to": "washington-lodging",
        "distance_miles": 139.1,
        "baseline_minutes": 186,
        "traffic_risk": "high",
        "map_color": "#FF5A36"
      },
      "geometry": {
        "coordinates": [
          [
            -75.135571,
            39.964827
          ],
          [
            -75.15242,
            39.901471
          ],
          [
            -75.189417,
            39.897035
          ],
          [
            -75.208726,
            39.886037
          ],
          [
            -75.234372,
            39.892836
          ],
          [
            -75.256615,
            39.876655
          ],
          [
            -75.342098,
            39.868106
          ],
          [
            -75.422756,
            39.834795
          ],
          [
            -75.454287,
            39.815777
          ],
          [
            -75.452773,
            39.798483
          ],
          [
            -75.541177,
            39.719634
          ],
          [
            -75.58772,
            39.713117
          ],
          [
            -75.703675,
            39.654978
          ],
          [
            -75.787139,
            39.63902
          ],
          [
            -75.925496,
            39.645569
          ],
          [
            -76.07711,
            39.586486
          ],
          [
            -76.133735,
            39.574461
          ],
          [
            -76.244418,
            39.487235
          ],
          [
            -76.340099,
            39.443235
          ],
          [
            -76.371767,
            39.44027
          ],
          [
            -76.456723,
            39.372318
          ],
          [
            -76.511886,
            39.343507
          ],
          [
            -76.580101,
            39.241955
          ],
          [
            -76.613102,
            39.239684
          ],
          [
            -76.627317,
            39.228474
          ],
          [
            -76.663132,
            39.23404
          ],
          [
            -76.701183,
            39.218498
          ],
          [
            -76.721446,
            39.222659
          ],
          [
            -76.835808,
            39.155547
          ],
          [
            -76.953954,
            39.022204
          ],
          [
            -76.977813,
            39.020129
          ],
          [
            -76.989079,
            38.981442
          ],
          [
            -77.043417,
            38.910396
          ]
        ],
        "type": "LineString"
      }
    },
    {
      "type": "Feature",
      "id": "d8-washington-lodging-to-frederick-lodging",
      "properties": {
        "feature_kind": "drive_leg",
        "route_id": "route-01",
        "day": 8,
        "date": "2026-10-11",
        "from": "washington-lodging",
        "to": "frederick-lodging",
        "distance_miles": 44.7,
        "baseline_minutes": 68,
        "traffic_risk": "medium",
        "map_color": "#FF5A36"
      },
      "geometry": {
        "coordinates": [
          [
            -77.043417,
            38.910396
          ],
          [
            -77.053377,
            38.902575
          ],
          [
            -77.092921,
            38.909214
          ],
          [
            -77.121583,
            38.940579
          ],
          [
            -77.131491,
            38.958352
          ],
          [
            -77.157265,
            38.982695
          ],
          [
            -77.157502,
            38.99944
          ],
          [
            -77.141522,
            39.029309
          ],
          [
            -77.158435,
            39.068256
          ],
          [
            -77.216805,
            39.149112
          ],
          [
            -77.24115,
            39.166754
          ],
          [
            -77.274257,
            39.208263
          ],
          [
            -77.285153,
            39.232486
          ],
          [
            -77.354545,
            39.321874
          ],
          [
            -77.370453,
            39.328592
          ],
          [
            -77.392159,
            39.350233
          ],
          [
            -77.409541,
            39.38321
          ],
          [
            -77.403647,
            39.405963
          ],
          [
            -77.410124,
            39.414308
          ]
        ],
        "type": "LineString"
      }
    },
    {
      "type": "Feature",
      "id": "d8-frederick-lodging-to-gettysburg-lodging",
      "properties": {
        "feature_kind": "drive_leg",
        "route_id": "route-01",
        "day": 8,
        "date": "2026-10-11",
        "from": "frederick-lodging",
        "to": "gettysburg-lodging",
        "distance_miles": 34.6,
        "baseline_minutes": 51,
        "traffic_risk": "medium",
        "map_color": "#FF5A36"
      },
      "geometry": {
        "coordinates": [
          [
            -77.410124,
            39.414308
          ],
          [
            -77.410267,
            39.433795
          ],
          [
            -77.399277,
            39.454577
          ],
          [
            -77.39807,
            39.49677
          ],
          [
            -77.422814,
            39.530961
          ],
          [
            -77.435447,
            39.579961
          ],
          [
            -77.43086,
            39.597704
          ],
          [
            -77.417388,
            39.618305
          ],
          [
            -77.414802,
            39.632144
          ],
          [
            -77.345882,
            39.683659
          ],
          [
            -77.322347,
            39.69193
          ],
          [
            -77.297406,
            39.735503
          ],
          [
            -77.275848,
            39.745103
          ],
          [
            -77.260355,
            39.763945
          ],
          [
            -77.229039,
            39.776016
          ],
          [
            -77.230993,
            39.830785
          ]
        ],
        "type": "LineString"
      }
    },
    {
      "type": "Feature",
      "id": "d9-gettysburg-lodging-to-gettysburg-battlefield",
      "properties": {
        "feature_kind": "drive_leg",
        "route_id": "route-01",
        "day": 9,
        "date": "2026-10-12",
        "from": "gettysburg-lodging",
        "to": "gettysburg-battlefield",
        "distance_miles": 1.8,
        "baseline_minutes": 6,
        "traffic_risk": "low",
        "map_color": "#FF5A36"
      },
      "geometry": {
        "coordinates": [
          [
            -77.230993,
            39.830785
          ],
          [
            -77.230946,
            39.831005
          ],
          [
            -77.231247,
            39.831038
          ],
          [
            -77.231315,
            39.830866
          ],
          [
            -77.231111,
            39.830754
          ],
          [
            -77.230952,
            39.822874
          ],
          [
            -77.221581,
            39.812292
          ],
          [
            -77.223066,
            39.81154
          ],
          [
            -77.223283,
            39.812047
          ],
          [
            -77.223606,
            39.812326
          ],
          [
            -77.225096,
            39.812785
          ],
          [
            -77.225482,
            39.812449
          ],
          [
            -77.225443,
            39.811619
          ]
        ],
        "type": "LineString"
      }
    },
    {
      "type": "Feature",
      "id": "d9-gettysburg-battlefield-to-bethlehem-lodging",
      "properties": {
        "feature_kind": "drive_leg",
        "route_id": "route-01",
        "day": 9,
        "date": "2026-10-12",
        "from": "gettysburg-battlefield",
        "to": "bethlehem-lodging",
        "distance_miles": 131.5,
        "baseline_minutes": 170,
        "traffic_risk": "low",
        "map_color": "#FF5A36"
      },
      "geometry": {
        "coordinates": [
          [
            -77.225443,
            39.811619
          ],
          [
            -77.200182,
            39.799063
          ],
          [
            -77.196048,
            39.86566
          ],
          [
            -77.158671,
            39.926239
          ],
          [
            -77.136882,
            39.943903
          ],
          [
            -77.11942,
            39.989036
          ],
          [
            -77.077678,
            40.036836
          ],
          [
            -77.036981,
            40.117833
          ],
          [
            -76.971083,
            40.200424
          ],
          [
            -76.930533,
            40.231667
          ],
          [
            -76.89912,
            40.236315
          ],
          [
            -76.861011,
            40.255706
          ],
          [
            -76.811075,
            40.253977
          ],
          [
            -76.831988,
            40.308686
          ],
          [
            -76.818406,
            40.321871
          ],
          [
            -76.760162,
            40.331401
          ],
          [
            -76.588569,
            40.413281
          ],
          [
            -76.504481,
            40.429043
          ],
          [
            -76.460483,
            40.447838
          ],
          [
            -76.400846,
            40.451343
          ],
          [
            -76.107116,
            40.516521
          ],
          [
            -75.960119,
            40.570739
          ],
          [
            -75.724439,
            40.581367
          ],
          [
            -75.64917,
            40.575324
          ],
          [
            -75.603123,
            40.583936
          ],
          [
            -75.416446,
            40.647902
          ],
          [
            -75.406549,
            40.627771
          ],
          [
            -75.388911,
            40.627485
          ],
          [
            -75.378639,
            40.614982
          ]
        ],
        "type": "LineString"
      }
    },
    {
      "type": "Feature",
      "id": "d9-bethlehem-lodging-to-easton-lodging",
      "properties": {
        "feature_kind": "drive_leg",
        "route_id": "route-01",
        "day": 9,
        "date": "2026-10-12",
        "from": "bethlehem-lodging",
        "to": "easton-lodging",
        "distance_miles": 11.6,
        "baseline_minutes": 22,
        "traffic_risk": "low",
        "map_color": "#FF5A36"
      },
      "geometry": {
        "coordinates": [
          [
            -75.378639,
            40.614982
          ],
          [
            -75.378741,
            40.617174
          ],
          [
            -75.376202,
            40.61726
          ],
          [
            -75.375509,
            40.617868
          ],
          [
            -75.375123,
            40.630775
          ],
          [
            -75.370059,
            40.630517
          ],
          [
            -75.362412,
            40.637815
          ],
          [
            -75.345019,
            40.645013
          ],
          [
            -75.338737,
            40.649656
          ],
          [
            -75.330541,
            40.658772
          ],
          [
            -75.326131,
            40.661953
          ],
          [
            -75.317095,
            40.665108
          ],
          [
            -75.31008,
            40.66632
          ],
          [
            -75.295862,
            40.667017
          ],
          [
            -75.286672,
            40.666373
          ],
          [
            -75.278739,
            40.667402
          ],
          [
            -75.271859,
            40.669786
          ],
          [
            -75.267511,
            40.671907
          ],
          [
            -75.259136,
            40.678414
          ],
          [
            -75.255378,
            40.68058
          ],
          [
            -75.249039,
            40.68163
          ],
          [
            -75.240584,
            40.684318
          ],
          [
            -75.232754,
            40.6854
          ],
          [
            -75.220677,
            40.685989
          ],
          [
            -75.21644,
            40.6871
          ],
          [
            -75.208848,
            40.687545
          ],
          [
            -75.208978,
            40.690966
          ]
        ],
        "type": "LineString"
      }
    },
    {
      "type": "Feature",
      "id": "d10-easton-lodging-to-paterson-great-falls",
      "properties": {
        "feature_kind": "drive_leg",
        "route_id": "route-01",
        "day": 10,
        "date": "2026-10-13",
        "from": "easton-lodging",
        "to": "paterson-great-falls",
        "distance_miles": 67.9,
        "baseline_minutes": 88,
        "traffic_risk": "medium",
        "map_color": "#FF5A36"
      },
      "geometry": {
        "coordinates": [
          [
            -75.208978,
            40.690966
          ],
          [
            -75.202277,
            40.691557
          ],
          [
            -75.153719,
            40.671447
          ],
          [
            -75.138685,
            40.673409
          ],
          [
            -75.135086,
            40.668305
          ],
          [
            -75.111959,
            40.672144
          ],
          [
            -75.06658,
            40.659245
          ],
          [
            -75.046646,
            40.661514
          ],
          [
            -75.034203,
            40.651143
          ],
          [
            -75.013346,
            40.648651
          ],
          [
            -74.97208,
            40.634985
          ],
          [
            -74.91678,
            40.631281
          ],
          [
            -74.856641,
            40.645838
          ],
          [
            -74.810325,
            40.646284
          ],
          [
            -74.781139,
            40.651785
          ],
          [
            -74.643316,
            40.640775
          ],
          [
            -74.645631,
            40.654203
          ],
          [
            -74.638202,
            40.665454
          ],
          [
            -74.571738,
            40.691822
          ],
          [
            -74.539438,
            40.728263
          ],
          [
            -74.521422,
            40.758314
          ],
          [
            -74.478395,
            40.7741
          ],
          [
            -74.469626,
            40.78555
          ],
          [
            -74.467737,
            40.798644
          ],
          [
            -74.446494,
            40.811771
          ],
          [
            -74.43987,
            40.82996
          ],
          [
            -74.416604,
            40.862866
          ],
          [
            -74.372537,
            40.858452
          ],
          [
            -74.357561,
            40.862628
          ],
          [
            -74.338647,
            40.861754
          ],
          [
            -74.331435,
            40.866429
          ],
          [
            -74.324071,
            40.883336
          ],
          [
            -74.310891,
            40.891065
          ],
          [
            -74.236023,
            40.899531
          ],
          [
            -74.202461,
            40.895906
          ],
          [
            -74.1928,
            40.903272
          ],
          [
            -74.192975,
            40.909485
          ],
          [
            -74.179914,
            40.915391
          ]
        ],
        "type": "LineString"
      }
    },
    {
      "type": "Feature",
      "id": "d10-paterson-great-falls-to-southbury-lodging",
      "properties": {
        "feature_kind": "drive_leg",
        "route_id": "route-01",
        "day": 10,
        "date": "2026-10-13",
        "from": "paterson-great-falls",
        "to": "southbury-lodging",
        "distance_miles": 87.4,
        "baseline_minutes": 118,
        "traffic_risk": "medium",
        "map_color": "#FF5A36"
      },
      "geometry": {
        "coordinates": [
          [
            -74.179914,
            40.915391
          ],
          [
            -74.172314,
            40.906453
          ],
          [
            -74.147179,
            40.900566
          ],
          [
            -74.11376,
            40.904171
          ],
          [
            -74.086809,
            40.901846
          ],
          [
            -74.053989,
            40.868023
          ],
          [
            -74.01147,
            40.864212
          ],
          [
            -74.001044,
            40.867455
          ],
          [
            -73.980221,
            40.857762
          ],
          [
            -73.925547,
            40.844422
          ],
          [
            -73.903288,
            40.87891
          ],
          [
            -73.880699,
            40.896309
          ],
          [
            -73.876846,
            40.910528
          ],
          [
            -73.856401,
            40.929965
          ],
          [
            -73.816015,
            40.922655
          ],
          [
            -73.799248,
            40.945807
          ],
          [
            -73.79685,
            40.958529
          ],
          [
            -73.762025,
            40.975953
          ],
          [
            -73.750168,
            40.977751
          ],
          [
            -73.720357,
            41.005057
          ],
          [
            -73.715217,
            41.019611
          ],
          [
            -73.724031,
            41.027338
          ],
          [
            -73.72843,
            41.05723
          ],
          [
            -73.71874,
            41.068871
          ],
          [
            -73.716313,
            41.09962
          ],
          [
            -73.689046,
            41.156766
          ],
          [
            -73.685032,
            41.219299
          ],
          [
            -73.672643,
            41.247337
          ],
          [
            -73.685872,
            41.26973
          ],
          [
            -73.673665,
            41.307487
          ],
          [
            -73.65809,
            41.32313
          ],
          [
            -73.653461,
            41.344304
          ],
          [
            -73.623709,
            41.367835
          ],
          [
            -73.604618,
            41.376617
          ],
          [
            -73.595217,
            41.388428
          ],
          [
            -73.577262,
            41.382849
          ],
          [
            -73.529152,
            41.392724
          ],
          [
            -73.483329,
            41.383576
          ],
          [
            -73.476178,
            41.386259
          ],
          [
            -73.475939,
            41.397642
          ],
          [
            -73.451754,
            41.411425
          ],
          [
            -73.424257,
            41.417808
          ],
          [
            -73.409996,
            41.413844
          ],
          [
            -73.374337,
            41.424841
          ],
          [
            -73.362408,
            41.422441
          ],
          [
            -73.314981,
            41.429154
          ],
          [
            -73.289472,
            41.417156
          ],
          [
            -73.267387,
            41.4141
          ],
          [
            -73.247039,
            41.433901
          ],
          [
            -73.248096,
            41.45027
          ],
          [
            -73.234229,
            41.455541
          ],
          [
            -73.235677,
            41.459857
          ],
          [
            -73.222452,
            41.472543
          ]
        ],
        "type": "LineString"
      }
    },
    {
      "type": "Feature",
      "id": "d11-southbury-lodging-to-carousel-museum",
      "properties": {
        "feature_kind": "drive_leg",
        "route_id": "route-01",
        "day": 11,
        "date": "2026-10-14",
        "from": "southbury-lodging",
        "to": "carousel-museum",
        "distance_miles": 23.7,
        "baseline_minutes": 37,
        "traffic_risk": "high",
        "map_color": "#FF5A36"
      },
      "geometry": {
        "coordinates": [
          [
            -73.222452,
            41.472543
          ],
          [
            -73.21497,
            41.47884
          ],
          [
            -73.210704,
            41.476221
          ],
          [
            -73.163027,
            41.493274
          ],
          [
            -73.137825,
            41.508865
          ],
          [
            -73.092267,
            41.522329
          ],
          [
            -73.088511,
            41.525866
          ],
          [
            -73.085565,
            41.537154
          ],
          [
            -73.06858,
            41.547657
          ],
          [
            -73.053566,
            41.551491
          ],
          [
            -73.039038,
            41.550883
          ],
          [
            -73.036937,
            41.554744
          ],
          [
            -73.029084,
            41.556851
          ],
          [
            -73.026522,
            41.561325
          ],
          [
            -73.009514,
            41.564023
          ],
          [
            -72.995516,
            41.580053
          ],
          [
            -72.98588,
            41.59692
          ],
          [
            -72.985351,
            41.607051
          ],
          [
            -72.977331,
            41.61708
          ],
          [
            -72.96172,
            41.627534
          ],
          [
            -72.963794,
            41.648045
          ],
          [
            -72.966947,
            41.655272
          ],
          [
            -72.962476,
            41.659513
          ],
          [
            -72.948626,
            41.662608
          ],
          [
            -72.949514,
            41.671883
          ],
          [
            -72.939544,
            41.670895
          ]
        ],
        "type": "LineString"
      }
    },
    {
      "type": "Feature",
      "id": "d11-carousel-museum-to-old-sturbridge-village",
      "properties": {
        "feature_kind": "drive_leg",
        "route_id": "route-01",
        "day": 11,
        "date": "2026-10-14",
        "from": "carousel-museum",
        "to": "old-sturbridge-village",
        "distance_miles": 61.3,
        "baseline_minutes": 82,
        "traffic_risk": "high",
        "map_color": "#FF5A36"
      },
      "geometry": {
        "coordinates": [
          [
            -72.939544,
            41.670895
          ],
          [
            -72.92032,
            41.667088
          ],
          [
            -72.872003,
            41.678364
          ],
          [
            -72.823921,
            41.66858
          ],
          [
            -72.794257,
            41.719922
          ],
          [
            -72.779298,
            41.726012
          ],
          [
            -72.757643,
            41.727582
          ],
          [
            -72.740515,
            41.736359
          ],
          [
            -72.732967,
            41.748732
          ],
          [
            -72.704823,
            41.749914
          ],
          [
            -72.699233,
            41.760574
          ],
          [
            -72.680248,
            41.770994
          ],
          [
            -72.633961,
            41.763195
          ],
          [
            -72.579032,
            41.773842
          ],
          [
            -72.553431,
            41.800971
          ],
          [
            -72.516934,
            41.812645
          ],
          [
            -72.502158,
            41.822334
          ],
          [
            -72.469261,
            41.830939
          ],
          [
            -72.4313,
            41.853775
          ],
          [
            -72.388976,
            41.853342
          ],
          [
            -72.375173,
            41.856621
          ],
          [
            -72.292607,
            41.894989
          ],
          [
            -72.274326,
            41.906097
          ],
          [
            -72.257461,
            41.925036
          ],
          [
            -72.201427,
            41.951271
          ],
          [
            -72.15414,
            42.016996
          ],
          [
            -72.127235,
            42.038375
          ],
          [
            -72.097095,
            42.075041
          ],
          [
            -72.087183,
            42.093425
          ],
          [
            -72.093772,
            42.110515
          ],
          [
            -72.104289,
            42.106405
          ]
        ],
        "type": "LineString"
      }
    },
    {
      "type": "Feature",
      "id": "d11-old-sturbridge-village-to-boston-logan-hotel",
      "properties": {
        "feature_kind": "drive_leg",
        "route_id": "route-01",
        "day": 11,
        "date": "2026-10-14",
        "from": "old-sturbridge-village",
        "to": "boston-logan-hotel",
        "distance_miles": 62.7,
        "baseline_minutes": 82,
        "traffic_risk": "high",
        "map_color": "#FF5A36"
      },
      "geometry": {
        "coordinates": [
          [
            -72.104289,
            42.106405
          ],
          [
            -72.077238,
            42.114672
          ],
          [
            -72.062776,
            42.128666
          ],
          [
            -72.010387,
            42.147284
          ],
          [
            -71.96661,
            42.15442
          ],
          [
            -71.924653,
            42.173559
          ],
          [
            -71.852901,
            42.192447
          ],
          [
            -71.833999,
            42.201188
          ],
          [
            -71.78789,
            42.207135
          ],
          [
            -71.75826,
            42.220376
          ],
          [
            -71.69513,
            42.227503
          ],
          [
            -71.631895,
            42.226522
          ],
          [
            -71.61795,
            42.229416
          ],
          [
            -71.593267,
            42.242907
          ],
          [
            -71.574342,
            42.262002
          ],
          [
            -71.557662,
            42.269541
          ],
          [
            -71.496589,
            42.2857
          ],
          [
            -71.472546,
            42.299997
          ],
          [
            -71.45178,
            42.302221
          ],
          [
            -71.411977,
            42.315412
          ],
          [
            -71.368027,
            42.311283
          ],
          [
            -71.315058,
            42.334425
          ],
          [
            -71.264965,
            42.338839
          ],
          [
            -71.249437,
            42.345778
          ],
          [
            -71.178254,
            42.357713
          ],
          [
            -71.12219,
            42.357305
          ],
          [
            -71.101264,
            42.34785
          ],
          [
            -71.037544,
            42.346671
          ],
          [
            -71.025741,
            42.358299
          ],
          [
            -71.027372,
            42.368784
          ],
          [
            -71.016767,
            42.366379
          ]
        ],
        "type": "LineString"
      }
    },
    {
      "type": "Feature",
      "id": "replacement-d1-newport-car",
      "properties": {
        "feature_kind": "replacement_drive_variant",
        "route_id": "route-01",
        "day": 1,
        "replacement_place_id": "newport-car-museum",
        "replaces_place_ids": [
          "risd-museum",
          "benefit-street"
        ],
        "baseline_total_miles": 81.2,
        "baseline_total_minutes": 139,
        "delta_minutes": -13,
        "cap_status": "passes-baseline-cap",
        "map_color": "#FF5A36"
      },
      "geometry": {
        "coordinates": [
          [
            -71.023514,
            42.367084
          ],
          [
            -71.032515,
            42.349092
          ],
          [
            -71.059366,
            42.348695
          ],
          [
            -71.065545,
            42.336079
          ],
          [
            -71.043063,
            42.287936
          ],
          [
            -71.050395,
            42.271924
          ],
          [
            -71.023698,
            42.227925
          ],
          [
            -71.079068,
            42.2003
          ],
          [
            -71.057742,
            42.103355
          ],
          [
            -71.061609,
            42.061266
          ],
          [
            -71.025935,
            41.98494
          ],
          [
            -71.023082,
            41.939675
          ],
          [
            -71.048909,
            41.895221
          ],
          [
            -71.083769,
            41.779476
          ],
          [
            -71.153613,
            41.722751
          ],
          [
            -71.204573,
            41.641303
          ],
          [
            -71.249067,
            41.623915
          ],
          [
            -71.280099,
            41.569174
          ],
          [
            -71.300201,
            41.518213
          ],
          [
            -71.317841,
            41.512421
          ],
          [
            -71.313656,
            41.472807
          ],
          [
            -71.361219,
            41.463192
          ],
          [
            -71.315119,
            41.47118
          ],
          [
            -71.31283,
            41.4901
          ]
        ],
        "type": "LineString"
      }
    },
    {
      "type": "Feature",
      "id": "replacement-d2-nautilus",
      "properties": {
        "feature_kind": "replacement_drive_variant",
        "route_id": "route-01",
        "day": 2,
        "replacement_place_id": "submarine-force-museum",
        "replaces_place_ids": [
          "mystic-seaport"
        ],
        "baseline_total_miles": 122.3,
        "baseline_total_minutes": 190,
        "delta_minutes": 4,
        "cap_status": "passes-baseline-cap",
        "map_color": "#FF5A36"
      },
      "geometry": {
        "coordinates": [
          [
            -71.31283,
            41.4901
          ],
          [
            -71.306554,
            41.454832
          ],
          [
            -71.307212,
            41.469061
          ],
          [
            -71.298585,
            41.469971
          ],
          [
            -71.31535,
            41.502864
          ],
          [
            -71.364057,
            41.508567
          ],
          [
            -71.37076,
            41.526014
          ],
          [
            -71.467141,
            41.529917
          ],
          [
            -71.456512,
            41.493427
          ],
          [
            -71.46965,
            41.452278
          ],
          [
            -71.48625,
            41.430964
          ],
          [
            -71.523087,
            41.426064
          ],
          [
            -71.536505,
            41.401771
          ],
          [
            -71.660255,
            41.384808
          ],
          [
            -71.693336,
            41.359592
          ],
          [
            -71.742741,
            41.348042
          ],
          [
            -71.807524,
            41.357299
          ],
          [
            -71.85845,
            41.303885
          ],
          [
            -71.822457,
            41.341983
          ],
          [
            -71.830967,
            41.377674
          ],
          [
            -71.902991,
            41.38148
          ],
          [
            -71.928586,
            41.372486
          ],
          [
            -71.991961,
            41.372766
          ],
          [
            -72.073945,
            41.360117
          ],
          [
            -72.082655,
            41.362619
          ],
          [
            -72.086209,
            41.38725
          ],
          [
            -72.070166,
            41.365342
          ],
          [
            -72.194185,
            41.375042
          ],
          [
            -72.249885,
            41.325598
          ],
          [
            -72.288003,
            41.316189
          ],
          [
            -72.330925,
            41.323446
          ],
          [
            -72.42032,
            41.290578
          ],
          [
            -72.604425,
            41.287784
          ],
          [
            -72.751301,
            41.297058
          ],
          [
            -72.864733,
            41.281908
          ],
          [
            -72.920754,
            41.301301
          ],
          [
            -72.926826,
            41.312259
          ],
          [
            -72.928199,
            41.307926
          ]
        ],
        "type": "LineString"
      }
    },
    {
      "type": "Feature",
      "id": "replacement-d3-untermyer",
      "properties": {
        "feature_kind": "replacement_drive_variant",
        "route_id": "route-01",
        "day": 3,
        "replacement_place_id": "untermyer-gardens",
        "replaces_place_ids": [
          "woodbury-common"
        ],
        "baseline_total_miles": 96,
        "baseline_total_minutes": 157,
        "delta_minutes": -46,
        "cap_status": "passes-baseline-cap",
        "map_color": "#FF5A36"
      },
      "geometry": {
        "coordinates": [
          [
            -72.928199,
            41.307926
          ],
          [
            -72.941321,
            41.290998
          ],
          [
            -73.01855,
            41.240602
          ],
          [
            -73.03474,
            41.233214
          ],
          [
            -73.054875,
            41.237506
          ],
          [
            -73.066023,
            41.235434
          ],
          [
            -73.091761,
            41.209332
          ],
          [
            -73.13012,
            41.194523
          ],
          [
            -73.152066,
            41.175603
          ],
          [
            -73.181059,
            41.179304
          ],
          [
            -73.203369,
            41.167233
          ],
          [
            -73.227493,
            41.16812
          ],
          [
            -73.24047,
            41.162764
          ],
          [
            -73.250385,
            41.149439
          ],
          [
            -73.284244,
            41.141321
          ],
          [
            -73.301583,
            41.127688
          ],
          [
            -73.320398,
            41.121206
          ],
          [
            -73.340723,
            41.12355
          ],
          [
            -73.376869,
            41.120293
          ],
          [
            -73.406411,
            41.108581
          ],
          [
            -73.428492,
            41.10481
          ],
          [
            -73.457202,
            41.088062
          ],
          [
            -73.468182,
            41.0745
          ],
          [
            -73.502866,
            41.067762
          ],
          [
            -73.515558,
            41.056539
          ],
          [
            -73.551881,
            41.044719
          ],
          [
            -73.58419,
            41.039712
          ],
          [
            -73.603937,
            41.027379
          ],
          [
            -73.634471,
            41.018337
          ],
          [
            -73.667966,
            40.98798
          ],
          [
            -73.7022,
            41.012202
          ],
          [
            -73.722075,
            41.014852
          ],
          [
            -73.731795,
            41.025865
          ],
          [
            -73.751675,
            41.031924
          ],
          [
            -73.76566,
            41.045309
          ],
          [
            -73.783942,
            41.042402
          ],
          [
            -73.801879,
            41.046622
          ],
          [
            -73.816322,
            41.058607
          ],
          [
            -73.843845,
            41.032441
          ],
          [
            -73.87033,
            40.969742
          ],
          [
            -73.882737,
            40.973362
          ],
          [
            -73.889556,
            40.970035
          ],
          [
            -73.887259,
            40.966533
          ],
          [
            -73.889474,
            40.970158
          ],
          [
            -73.88258,
            40.9732
          ],
          [
            -73.870382,
            40.969662
          ],
          [
            -73.872045,
            40.947527
          ],
          [
            -73.888197,
            40.902854
          ],
          [
            -73.884755,
            40.895778
          ],
          [
            -73.903581,
            40.878785
          ],
          [
            -73.932251,
            40.831048
          ],
          [
            -73.931416,
            40.811173
          ],
          [
            -73.916717,
            40.802558
          ],
          [
            -73.929938,
            40.78392
          ],
          [
            -73.917402,
            40.77044
          ],
          [
            -73.90441,
            40.767537
          ],
          [
            -73.89479,
            40.744657
          ],
          [
            -73.906651,
            40.73701
          ],
          [
            -73.923307,
            40.734088
          ],
          [
            -73.949878,
            40.716718
          ],
          [
            -73.963715,
            40.696291
          ],
          [
            -73.981068,
            40.697338
          ],
          [
            -73.988207,
            40.692003
          ]
        ],
        "type": "LineString"
      }
    },
    {
      "type": "Feature",
      "id": "replacement-d5-morven",
      "properties": {
        "feature_kind": "replacement_drive_variant",
        "route_id": "route-01",
        "day": 5,
        "replacement_place_id": "morven-museum",
        "replaces_place_ids": [
          "princeton-art-museum",
          "princeton-chapel"
        ],
        "baseline_total_miles": 114.2,
        "baseline_total_minutes": 174,
        "delta_minutes": -2,
        "cap_status": "passes-baseline-cap",
        "map_color": "#FF5A36"
      },
      "geometry": {
        "coordinates": [
          [
            -73.988207,
            40.692003
          ],
          [
            -74.000115,
            40.690304
          ],
          [
            -73.996267,
            40.665745
          ],
          [
            -74.021484,
            40.640976
          ],
          [
            -74.020193,
            40.623495
          ],
          [
            -74.058746,
            40.602201
          ],
          [
            -74.095768,
            40.610738
          ],
          [
            -74.14653,
            40.608072
          ],
          [
            -74.212008,
            40.643102
          ],
          [
            -74.239735,
            40.587066
          ],
          [
            -74.267086,
            40.556469
          ],
          [
            -74.362232,
            40.517668
          ],
          [
            -74.406111,
            40.478768
          ],
          [
            -74.418463,
            40.484661
          ],
          [
            -74.436352,
            40.468082
          ],
          [
            -74.490328,
            40.452799
          ],
          [
            -74.713265,
            40.269267
          ],
          [
            -74.729223,
            40.248024
          ],
          [
            -74.729302,
            40.235376
          ],
          [
            -74.719596,
            40.236525
          ],
          [
            -74.711679,
            40.247883
          ],
          [
            -74.697776,
            40.240393
          ],
          [
            -74.693707,
            40.285079
          ],
          [
            -74.642794,
            40.326733
          ],
          [
            -74.666881,
            40.347678
          ],
          [
            -74.734754,
            40.286505
          ],
          [
            -74.81272,
            40.289206
          ],
          [
            -74.843929,
            40.261026
          ],
          [
            -74.876667,
            40.247599
          ],
          [
            -74.875655,
            40.200118
          ],
          [
            -74.900447,
            40.164056
          ],
          [
            -74.892559,
            40.109165
          ],
          [
            -75.135571,
            39.964827
          ]
        ],
        "type": "LineString"
      }
    },
    {
      "type": "Feature",
      "id": "replacement-d9-lost-river",
      "properties": {
        "feature_kind": "replacement_drive_variant",
        "route_id": "route-01",
        "day": 9,
        "replacement_place_id": "lost-river-caverns",
        "replaces_place_ids": [
          "historic-bethlehem",
          "steelstacks"
        ],
        "baseline_total_miles": 148.3,
        "baseline_total_minutes": 200,
        "delta_minutes": 2,
        "cap_status": "passes-baseline-cap",
        "map_color": "#FF5A36"
      },
      "geometry": {
        "coordinates": [
          [
            -77.230993,
            39.830785
          ],
          [
            -77.225361,
            39.811528
          ],
          [
            -77.200182,
            39.799063
          ],
          [
            -77.196048,
            39.86566
          ],
          [
            -77.158671,
            39.926239
          ],
          [
            -77.136882,
            39.943903
          ],
          [
            -77.11942,
            39.989036
          ],
          [
            -77.077678,
            40.036836
          ],
          [
            -77.036981,
            40.117833
          ],
          [
            -76.971083,
            40.200424
          ],
          [
            -76.930533,
            40.231667
          ],
          [
            -76.89912,
            40.236315
          ],
          [
            -76.861011,
            40.255706
          ],
          [
            -76.811075,
            40.253977
          ],
          [
            -76.831988,
            40.308686
          ],
          [
            -76.818406,
            40.321871
          ],
          [
            -76.760162,
            40.331401
          ],
          [
            -76.588569,
            40.413281
          ],
          [
            -76.504481,
            40.429043
          ],
          [
            -76.460483,
            40.447838
          ],
          [
            -76.400846,
            40.451343
          ],
          [
            -76.107116,
            40.516521
          ],
          [
            -75.959703,
            40.570818
          ],
          [
            -75.724145,
            40.581371
          ],
          [
            -75.651469,
            40.575097
          ],
          [
            -75.589017,
            40.589087
          ],
          [
            -75.532521,
            40.569351
          ],
          [
            -75.431715,
            40.554453
          ],
          [
            -75.361994,
            40.593243
          ],
          [
            -75.336259,
            40.595683
          ],
          [
            -75.341059,
            40.581939
          ],
          [
            -75.33055,
            40.580942
          ],
          [
            -75.340814,
            40.579231
          ],
          [
            -75.339995,
            40.59402
          ],
          [
            -75.300465,
            40.606117
          ],
          [
            -75.272441,
            40.63855
          ],
          [
            -75.230665,
            40.667281
          ],
          [
            -75.213653,
            40.669853
          ],
          [
            -75.208978,
            40.690966
          ]
        ],
        "type": "LineString"
      }
    },
    {
      "type": "Feature",
      "id": "replacement-d10-ramapo",
      "properties": {
        "feature_kind": "replacement_drive_variant",
        "route_id": "route-01",
        "day": 10,
        "replacement_place_id": "ramapo-valley-reservation",
        "replaces_place_ids": [
          "paterson-great-falls"
        ],
        "baseline_total_miles": 152.8,
        "baseline_total_minutes": 202,
        "delta_minutes": -3,
        "cap_status": "passes-baseline-cap",
        "map_color": "#FF5A36"
      },
      "geometry": {
        "coordinates": [
          [
            -75.208978,
            40.690966
          ],
          [
            -75.153719,
            40.671447
          ],
          [
            -75.046646,
            40.661514
          ],
          [
            -75.034203,
            40.651143
          ],
          [
            -74.97208,
            40.634985
          ],
          [
            -74.91678,
            40.631281
          ],
          [
            -74.856641,
            40.645838
          ],
          [
            -74.781139,
            40.651785
          ],
          [
            -74.643044,
            40.640861
          ],
          [
            -74.638202,
            40.665454
          ],
          [
            -74.571738,
            40.691822
          ],
          [
            -74.521422,
            40.758314
          ],
          [
            -74.477793,
            40.774725
          ],
          [
            -74.417286,
            40.862678
          ],
          [
            -74.414368,
            40.898927
          ],
          [
            -74.362783,
            40.92124
          ],
          [
            -74.309697,
            40.987143
          ],
          [
            -74.299544,
            41.015303
          ],
          [
            -74.285183,
            41.026804
          ],
          [
            -74.23986,
            41.026415
          ],
          [
            -74.186966,
            41.077744
          ],
          [
            -74.160096,
            41.098805
          ],
          [
            -74.167483,
            41.103985
          ],
          [
            -74.160492,
            41.117328
          ],
          [
            -74.137256,
            41.121548
          ],
          [
            -74.048446,
            41.0969
          ],
          [
            -74.020408,
            41.103909
          ],
          [
            -73.953611,
            41.100153
          ],
          [
            -73.931459,
            41.093176
          ],
          [
            -73.915266,
            41.071498
          ],
          [
            -73.82238,
            41.058069
          ],
          [
            -73.833882,
            41.076963
          ],
          [
            -73.809862,
            41.105994
          ],
          [
            -73.783672,
            41.120478
          ],
          [
            -73.796078,
            41.132885
          ],
          [
            -73.791587,
            41.141366
          ],
          [
            -73.735576,
            41.204236
          ],
          [
            -73.736043,
            41.214194
          ],
          [
            -73.677349,
            41.249417
          ],
          [
            -73.68583,
            41.269945
          ],
          [
            -73.655439,
            41.341948
          ],
          [
            -73.599384,
            41.386965
          ],
          [
            -73.57697,
            41.382868
          ],
          [
            -73.529297,
            41.392729
          ],
          [
            -73.483329,
            41.383576
          ],
          [
            -73.451754,
            41.411425
          ],
          [
            -73.374337,
            41.424841
          ],
          [
            -73.314635,
            41.42912
          ],
          [
            -73.268258,
            41.413874
          ],
          [
            -73.247147,
            41.433699
          ],
          [
            -73.248096,
            41.45027
          ],
          [
            -73.222452,
            41.472543
          ]
        ],
        "type": "LineString"
      }
    },
    {
      "type": "Feature",
      "id": "replacement-d11-clock-museum",
      "properties": {
        "feature_kind": "replacement_drive_variant",
        "route_id": "route-01",
        "day": 11,
        "replacement_place_id": "american-clock-watch-museum",
        "replaces_place_ids": [
          "carousel-museum"
        ],
        "baseline_total_miles": 149.3,
        "baseline_total_minutes": 204,
        "delta_minutes": 4,
        "cap_status": "passes-baseline-cap",
        "map_color": "#FF5A36"
      },
      "geometry": {
        "coordinates": [
          [
            -73.222452,
            41.472543
          ],
          [
            -73.092267,
            41.522329
          ],
          [
            -73.06858,
            41.547657
          ],
          [
            -73.009514,
            41.564023
          ],
          [
            -72.985351,
            41.607051
          ],
          [
            -72.96172,
            41.627534
          ],
          [
            -72.966947,
            41.655272
          ],
          [
            -72.948626,
            41.662608
          ],
          [
            -72.950595,
            41.679397
          ],
          [
            -72.940885,
            41.679725
          ],
          [
            -72.92375,
            41.682704
          ],
          [
            -72.92032,
            41.667088
          ],
          [
            -72.872604,
            41.678366
          ],
          [
            -72.823921,
            41.66858
          ],
          [
            -72.794257,
            41.719922
          ],
          [
            -72.757643,
            41.727582
          ],
          [
            -72.732967,
            41.748732
          ],
          [
            -72.704823,
            41.749914
          ],
          [
            -72.680248,
            41.770994
          ],
          [
            -72.633961,
            41.763195
          ],
          [
            -72.579032,
            41.773842
          ],
          [
            -72.553431,
            41.800971
          ],
          [
            -72.469261,
            41.830939
          ],
          [
            -72.4313,
            41.853775
          ],
          [
            -72.375173,
            41.856621
          ],
          [
            -72.292607,
            41.894989
          ],
          [
            -72.257461,
            41.925036
          ],
          [
            -72.201427,
            41.951271
          ],
          [
            -72.097095,
            42.075041
          ],
          [
            -72.087183,
            42.093425
          ],
          [
            -72.093772,
            42.110515
          ],
          [
            -72.104289,
            42.106405
          ],
          [
            -72.010387,
            42.147284
          ],
          [
            -71.96661,
            42.15442
          ],
          [
            -71.924653,
            42.173559
          ],
          [
            -71.75826,
            42.220376
          ],
          [
            -71.61795,
            42.229416
          ],
          [
            -71.557662,
            42.269541
          ],
          [
            -71.411977,
            42.315412
          ],
          [
            -71.368027,
            42.311283
          ],
          [
            -71.315058,
            42.334425
          ],
          [
            -71.178254,
            42.357713
          ],
          [
            -71.037544,
            42.346671
          ],
          [
            -71.027372,
            42.368784
          ],
          [
            -71.016767,
            42.366379
          ]
        ],
        "type": "LineString"
      }
    },
    {
      "type": "Feature",
      "id": "risd-museum",
      "properties": {
        "feature_kind": "place",
        "route_id": "route-01",
        "place_id": "risd-museum",
        "name": "RISD Museum",
        "city": "Providence",
        "state": "RI",
        "visit_date": "2026-10-04",
        "priority": "anchor",
        "included_in_magic_score": true
      },
      "geometry": {
        "type": "Point",
        "coordinates": [
          -71.407696,
          41.8265158
        ]
      }
    },
    {
      "type": "Feature",
      "id": "benefit-street",
      "properties": {
        "feature_kind": "place",
        "route_id": "route-01",
        "place_id": "benefit-street",
        "name": "Benefit Street Mile of History",
        "city": "Providence",
        "state": "RI",
        "visit_date": "2026-10-04",
        "priority": "supporting",
        "included_in_magic_score": true
      },
      "geometry": {
        "type": "Point",
        "coordinates": [
          -71.4041434,
          41.823096
        ]
      }
    },
    {
      "type": "Feature",
      "id": "castle-hill-lighthouse",
      "properties": {
        "feature_kind": "place",
        "route_id": "route-01",
        "place_id": "castle-hill-lighthouse",
        "name": "Castle Hill Lighthouse Sunset",
        "city": "Newport",
        "state": "RI",
        "visit_date": "2026-10-04",
        "priority": "anchor",
        "included_in_magic_score": true
      },
      "geometry": {
        "type": "Point",
        "coordinates": [
          -71.3629066,
          41.4621497
        ]
      }
    },
    {
      "type": "Feature",
      "id": "cliff-walk",
      "properties": {
        "feature_kind": "place",
        "route_id": "route-01",
        "place_id": "cliff-walk",
        "name": "Newport Cliff Walk",
        "city": "Newport",
        "state": "RI",
        "visit_date": "2026-10-05",
        "priority": "supporting",
        "included_in_magic_score": true
      },
      "geometry": {
        "type": "Point",
        "coordinates": [
          -71.3053355,
          41.4544607
        ]
      }
    },
    {
      "type": "Feature",
      "id": "the-breakers",
      "properties": {
        "feature_kind": "place",
        "route_id": "route-01",
        "place_id": "the-breakers",
        "name": "The Breakers",
        "city": "Newport",
        "state": "RI",
        "visit_date": "2026-10-05",
        "priority": "anchor",
        "included_in_magic_score": true
      },
      "geometry": {
        "type": "Point",
        "coordinates": [
          -71.2982119,
          41.4697373
        ]
      }
    },
    {
      "type": "Feature",
      "id": "watch-hill",
      "properties": {
        "feature_kind": "place",
        "route_id": "route-01",
        "place_id": "watch-hill",
        "name": "Watch Hill Village and Lighthouse",
        "city": "Westerly",
        "state": "RI",
        "visit_date": "2026-10-05",
        "priority": "supporting",
        "included_in_magic_score": true
      },
      "geometry": {
        "type": "Point",
        "coordinates": [
          -71.8585484,
          41.3039043
        ]
      }
    },
    {
      "type": "Feature",
      "id": "mystic-seaport",
      "properties": {
        "feature_kind": "place",
        "route_id": "route-01",
        "place_id": "mystic-seaport",
        "name": "Mystic Seaport Museum",
        "city": "Mystic",
        "state": "CT",
        "visit_date": "2026-10-05",
        "priority": "anchor",
        "included_in_magic_score": true
      },
      "geometry": {
        "type": "Point",
        "coordinates": [
          -71.9643827,
          41.3618311
        ]
      }
    },
    {
      "type": "Feature",
      "id": "beinecke-library",
      "properties": {
        "feature_kind": "place",
        "route_id": "route-01",
        "place_id": "beinecke-library",
        "name": "Beinecke Rare Book and Manuscript Library",
        "city": "New Haven",
        "state": "CT",
        "visit_date": "2026-10-05",
        "priority": "anchor",
        "included_in_magic_score": true
      },
      "geometry": {
        "type": "Point",
        "coordinates": [
          -72.9273243,
          41.3115974
        ]
      }
    },
    {
      "type": "Feature",
      "id": "wooster-square",
      "properties": {
        "feature_kind": "place",
        "route_id": "route-01",
        "place_id": "wooster-square",
        "name": "Wooster Square Pizza Night",
        "city": "New Haven",
        "state": "CT",
        "visit_date": "2026-10-05",
        "priority": "supporting",
        "included_in_magic_score": true
      },
      "geometry": {
        "type": "Point",
        "coordinates": [
          -72.9177754,
          41.3047583
        ]
      }
    },
    {
      "type": "Feature",
      "id": "woodbury-common",
      "properties": {
        "feature_kind": "place",
        "route_id": "route-01",
        "place_id": "woodbury-common",
        "name": "Woodbury Common Premium Outlets",
        "city": "Central Valley",
        "state": "NY",
        "visit_date": "2026-10-06",
        "priority": "anchor",
        "included_in_magic_score": true
      },
      "geometry": {
        "type": "Point",
        "coordinates": [
          -74.1258389,
          41.3177338
        ]
      }
    },
    {
      "type": "Feature",
      "id": "dumbo-brooklyn-bridge-park",
      "properties": {
        "feature_kind": "place",
        "route_id": "route-01",
        "place_id": "dumbo-brooklyn-bridge-park",
        "name": "DUMBO and Brooklyn Bridge Park",
        "city": "Brooklyn",
        "state": "NY",
        "visit_date": "2026-10-06",
        "priority": "supporting",
        "included_in_magic_score": true
      },
      "geometry": {
        "type": "Point",
        "coordinates": [
          -73.9966225,
          40.7008598
        ]
      }
    },
    {
      "type": "Feature",
      "id": "tenement-museum",
      "properties": {
        "feature_kind": "place",
        "route_id": "route-01",
        "place_id": "tenement-museum",
        "name": "Tenement Museum",
        "city": "New York",
        "state": "NY",
        "visit_date": "2026-10-07",
        "priority": "anchor",
        "included_in_magic_score": true
      },
      "geometry": {
        "type": "Point",
        "coordinates": [
          -73.9900266,
          40.7187837
        ]
      }
    },
    {
      "type": "Feature",
      "id": "st-nicholas-wtc",
      "properties": {
        "feature_kind": "place",
        "route_id": "route-01",
        "place_id": "st-nicholas-wtc",
        "name": "St. Nicholas Greek Orthodox Church and National Shrine",
        "city": "New York",
        "state": "NY",
        "visit_date": "2026-10-07",
        "priority": "anchor",
        "included_in_magic_score": true
      },
      "geometry": {
        "type": "Point",
        "coordinates": [
          -74.0132,
          40.7118
        ]
      }
    },
    {
      "type": "Feature",
      "id": "oculus",
      "properties": {
        "feature_kind": "place",
        "route_id": "route-01",
        "place_id": "oculus",
        "name": "The Oculus",
        "city": "New York",
        "state": "NY",
        "visit_date": "2026-10-07",
        "priority": "supporting",
        "included_in_magic_score": true
      },
      "geometry": {
        "type": "Point",
        "coordinates": [
          -74.0114199,
          40.7115549
        ]
      }
    },
    {
      "type": "Feature",
      "id": "roosevelt-island-tram",
      "properties": {
        "feature_kind": "place",
        "route_id": "route-01",
        "place_id": "roosevelt-island-tram",
        "name": "Roosevelt Island Tram",
        "city": "New York",
        "state": "NY",
        "visit_date": "2026-10-07",
        "priority": "supporting",
        "included_in_magic_score": true
      },
      "geometry": {
        "type": "Point",
        "coordinates": [
          -73.9646,
          40.7614
        ]
      }
    },
    {
      "type": "Feature",
      "id": "saint-vitus",
      "properties": {
        "feature_kind": "place",
        "route_id": "route-01",
        "place_id": "saint-vitus",
        "name": "YOB at Saint Vitus",
        "city": "Brooklyn",
        "state": "NY",
        "visit_date": "2026-10-07",
        "priority": "anchor",
        "included_in_magic_score": true
      },
      "geometry": {
        "type": "Point",
        "coordinates": [
          -73.9219457,
          40.7071165
        ]
      }
    },
    {
      "type": "Feature",
      "id": "grounds-for-sculpture",
      "properties": {
        "feature_kind": "place",
        "route_id": "route-01",
        "place_id": "grounds-for-sculpture",
        "name": "Grounds For Sculpture",
        "city": "Hamilton",
        "state": "NJ",
        "visit_date": "2026-10-08",
        "priority": "anchor",
        "included_in_magic_score": true
      },
      "geometry": {
        "type": "Point",
        "coordinates": [
          -74.7196,
          40.2365
        ]
      }
    },
    {
      "type": "Feature",
      "id": "princeton-art-museum",
      "properties": {
        "feature_kind": "place",
        "route_id": "route-01",
        "place_id": "princeton-art-museum",
        "name": "Princeton University Art Museum",
        "city": "Princeton",
        "state": "NJ",
        "visit_date": "2026-10-08",
        "priority": "anchor",
        "included_in_magic_score": true
      },
      "geometry": {
        "type": "Point",
        "coordinates": [
          -74.6579624,
          40.3472184
        ]
      }
    },
    {
      "type": "Feature",
      "id": "princeton-chapel",
      "properties": {
        "feature_kind": "place",
        "route_id": "route-01",
        "place_id": "princeton-chapel",
        "name": "Princeton University Chapel",
        "city": "Princeton",
        "state": "NJ",
        "visit_date": "2026-10-08",
        "priority": "supporting",
        "included_in_magic_score": true
      },
      "geometry": {
        "type": "Point",
        "coordinates": [
          -74.6569695,
          40.3488453
        ]
      }
    },
    {
      "type": "Feature",
      "id": "elfreths-alley",
      "properties": {
        "feature_kind": "place",
        "route_id": "route-01",
        "place_id": "elfreths-alley",
        "name": "Elfreth's Alley",
        "city": "Philadelphia",
        "state": "PA",
        "visit_date": "2026-10-08",
        "priority": "optional",
        "included_in_magic_score": false
      },
      "geometry": {
        "type": "Point",
        "coordinates": [
          -75.1423814,
          39.9527723
        ]
      }
    },
    {
      "type": "Feature",
      "id": "reading-terminal-market",
      "properties": {
        "feature_kind": "place",
        "route_id": "route-01",
        "place_id": "reading-terminal-market",
        "name": "Reading Terminal Market",
        "city": "Philadelphia",
        "state": "PA",
        "visit_date": "2026-10-09",
        "priority": "anchor",
        "included_in_magic_score": true
      },
      "geometry": {
        "type": "Point",
        "coordinates": [
          -75.1592392,
          39.9537281
        ]
      }
    },
    {
      "type": "Feature",
      "id": "eastern-state",
      "properties": {
        "feature_kind": "place",
        "route_id": "route-01",
        "place_id": "eastern-state",
        "name": "Eastern State Penitentiary",
        "city": "Philadelphia",
        "state": "PA",
        "visit_date": "2026-10-09",
        "priority": "anchor",
        "included_in_magic_score": true
      },
      "geometry": {
        "type": "Point",
        "coordinates": [
          -75.1726626,
          39.9683406
        ]
      }
    },
    {
      "type": "Feature",
      "id": "magic-gardens",
      "properties": {
        "feature_kind": "place",
        "route_id": "route-01",
        "place_id": "magic-gardens",
        "name": "Philadelphia's Magic Gardens",
        "city": "Philadelphia",
        "state": "PA",
        "visit_date": "2026-10-09",
        "priority": "supporting",
        "included_in_magic_score": true
      },
      "geometry": {
        "type": "Point",
        "coordinates": [
          -75.159409,
          39.942768
        ]
      }
    },
    {
      "type": "Feature",
      "id": "fillmore-philadelphia",
      "properties": {
        "feature_kind": "place",
        "route_id": "route-01",
        "place_id": "fillmore-philadelphia",
        "name": "Basement at The Fillmore Philadelphia",
        "city": "Philadelphia",
        "state": "PA",
        "visit_date": "2026-10-09",
        "priority": "anchor",
        "included_in_magic_score": true
      },
      "geometry": {
        "type": "Point",
        "coordinates": [
          -75.1349058,
          39.9655391
        ]
      }
    },
    {
      "type": "Feature",
      "id": "federal-hill-park",
      "properties": {
        "feature_kind": "place",
        "route_id": "route-01",
        "place_id": "federal-hill-park",
        "name": "Federal Hill Park",
        "city": "Baltimore",
        "state": "MD",
        "visit_date": "2026-10-10",
        "priority": "optional",
        "included_in_magic_score": false
      },
      "geometry": {
        "type": "Point",
        "coordinates": [
          -76.6084642,
          39.2796148
        ]
      }
    },
    {
      "type": "Feature",
      "id": "avam",
      "properties": {
        "feature_kind": "place",
        "route_id": "route-01",
        "place_id": "avam",
        "name": "American Visionary Art Museum",
        "city": "Baltimore",
        "state": "MD",
        "visit_date": "2026-10-10",
        "priority": "optional",
        "included_in_magic_score": false
      },
      "geometry": {
        "type": "Point",
        "coordinates": [
          -76.6068932,
          39.2803985
        ]
      }
    },
    {
      "type": "Feature",
      "id": "snallygaster",
      "properties": {
        "feature_kind": "place",
        "route_id": "route-01",
        "place_id": "snallygaster",
        "name": "Snallygaster 2026",
        "city": "Washington",
        "state": "DC",
        "visit_date": "2026-10-10",
        "priority": "anchor",
        "included_in_magic_score": true
      },
      "geometry": {
        "type": "Point",
        "coordinates": [
          -77.0197,
          38.8935
        ]
      }
    },
    {
      "type": "Feature",
      "id": "st-nicholas-cathedral-dc",
      "properties": {
        "feature_kind": "place",
        "route_id": "route-01",
        "place_id": "st-nicholas-cathedral-dc",
        "name": "St. Nicholas Orthodox Cathedral",
        "city": "Washington",
        "state": "DC",
        "visit_date": "2026-10-11",
        "priority": "anchor",
        "included_in_magic_score": true
      },
      "geometry": {
        "type": "Point",
        "coordinates": [
          -77.0686587,
          38.9248859
        ]
      }
    },
    {
      "type": "Feature",
      "id": "dumbarton-oaks",
      "properties": {
        "feature_kind": "place",
        "route_id": "route-01",
        "place_id": "dumbarton-oaks",
        "name": "Dumbarton Oaks Museum and Gardens",
        "city": "Washington",
        "state": "DC",
        "visit_date": "2026-10-11",
        "priority": "anchor",
        "included_in_magic_score": true
      },
      "geometry": {
        "type": "Point",
        "coordinates": [
          -77.0635269,
          38.9140614
        ]
      }
    },
    {
      "type": "Feature",
      "id": "o-street-museum",
      "properties": {
        "feature_kind": "place",
        "route_id": "route-01",
        "place_id": "o-street-museum",
        "name": "O Museum in The Mansion",
        "city": "Washington",
        "state": "DC",
        "visit_date": "2026-10-11",
        "priority": "anchor",
        "included_in_magic_score": true
      },
      "geometry": {
        "type": "Point",
        "coordinates": [
          -77.0452,
          38.9085
        ]
      }
    },
    {
      "type": "Feature",
      "id": "lincoln-memorial",
      "properties": {
        "feature_kind": "place",
        "route_id": "route-01",
        "place_id": "lincoln-memorial",
        "name": "National Mall Sunset Monument Walk",
        "city": "Washington",
        "state": "DC",
        "visit_date": "2026-10-11",
        "priority": "supporting",
        "included_in_magic_score": true
      },
      "geometry": {
        "type": "Point",
        "coordinates": [
          -77.0502109,
          38.8892648
        ]
      }
    },
    {
      "type": "Feature",
      "id": "carroll-creek",
      "properties": {
        "feature_kind": "place",
        "route_id": "route-01",
        "place_id": "carroll-creek",
        "name": "Carroll Creek and Historic Frederick",
        "city": "Frederick",
        "state": "MD",
        "visit_date": "2026-10-11",
        "priority": "supporting",
        "included_in_magic_score": true
      },
      "geometry": {
        "type": "Point",
        "coordinates": [
          -77.4103,
          39.4127
        ]
      }
    },
    {
      "type": "Feature",
      "id": "gettysburg-battlefield",
      "properties": {
        "feature_kind": "place",
        "route_id": "route-01",
        "place_id": "gettysburg-battlefield",
        "name": "Gettysburg Battlefield with Licensed Guide",
        "city": "Gettysburg",
        "state": "PA",
        "visit_date": "2026-10-12",
        "priority": "anchor",
        "included_in_magic_score": true
      },
      "geometry": {
        "type": "Point",
        "coordinates": [
          -77.2255,
          39.8114
        ]
      }
    },
    {
      "type": "Feature",
      "id": "easton-centre-square",
      "properties": {
        "feature_kind": "place",
        "route_id": "route-01",
        "place_id": "easton-centre-square",
        "name": "Easton Centre Square Evening Walk",
        "city": "Easton",
        "state": "PA",
        "visit_date": "2026-10-12",
        "priority": "supporting",
        "included_in_magic_score": true
      },
      "geometry": {
        "type": "Point",
        "coordinates": [
          -75.2094165,
          40.6914357
        ]
      }
    },
    {
      "type": "Feature",
      "id": "steelstacks",
      "properties": {
        "feature_kind": "place",
        "route_id": "route-01",
        "place_id": "steelstacks",
        "name": "SteelStacks and Hoover-Mason Trestle",
        "city": "Bethlehem",
        "state": "PA",
        "visit_date": "2026-10-12",
        "priority": "anchor",
        "included_in_magic_score": true
      },
      "geometry": {
        "type": "Point",
        "coordinates": [
          -75.3676,
          40.6157
        ]
      }
    },
    {
      "type": "Feature",
      "id": "historic-bethlehem",
      "properties": {
        "feature_kind": "place",
        "route_id": "route-01",
        "place_id": "historic-bethlehem",
        "name": "Historic Bethlehem Moravian District",
        "city": "Bethlehem",
        "state": "PA",
        "visit_date": "2026-10-12",
        "priority": "optional",
        "included_in_magic_score": false
      },
      "geometry": {
        "type": "Point",
        "coordinates": [
          -75.3814,
          40.616
        ]
      }
    },
    {
      "type": "Feature",
      "id": "da-vinci-science-center",
      "properties": {
        "feature_kind": "place",
        "route_id": "route-01",
        "place_id": "da-vinci-science-center",
        "name": "Da Vinci Science Center at PPL Pavilion",
        "city": "Allentown",
        "state": "PA",
        "visit_date": "2026-10-13",
        "priority": "optional",
        "included_in_magic_score": false
      },
      "geometry": {
        "type": "Point",
        "coordinates": [
          -75.4774,
          40.6017
        ]
      }
    },
    {
      "type": "Feature",
      "id": "paterson-great-falls",
      "properties": {
        "feature_kind": "place",
        "route_id": "route-01",
        "place_id": "paterson-great-falls",
        "name": "Paterson Great Falls and Mill District",
        "city": "Paterson",
        "state": "NJ",
        "visit_date": "2026-10-13",
        "priority": "anchor",
        "included_in_magic_score": true
      },
      "geometry": {
        "type": "Point",
        "coordinates": [
          -74.1805294,
          40.9155412
        ]
      }
    },
    {
      "type": "Feature",
      "id": "carousel-museum",
      "properties": {
        "feature_kind": "place",
        "route_id": "route-01",
        "place_id": "carousel-museum",
        "name": "New England Carousel Museum",
        "city": "Bristol",
        "state": "CT",
        "visit_date": "2026-10-14",
        "priority": "anchor",
        "included_in_magic_score": true
      },
      "geometry": {
        "type": "Point",
        "coordinates": [
          -72.9394923,
          41.6710664
        ]
      }
    },
    {
      "type": "Feature",
      "id": "old-sturbridge-village",
      "properties": {
        "feature_kind": "place",
        "route_id": "route-01",
        "place_id": "old-sturbridge-village",
        "name": "Old Sturbridge Village",
        "city": "Sturbridge",
        "state": "MA",
        "visit_date": "2026-10-14",
        "priority": "anchor",
        "included_in_magic_score": true
      },
      "geometry": {
        "type": "Point",
        "coordinates": [
          -72.1011232,
          42.1038149
        ]
      }
    },
    {
      "type": "Feature",
      "id": "newport-car-museum",
      "properties": {
        "feature_kind": "place",
        "route_id": "route-01",
        "place_id": "newport-car-museum",
        "name": "Newport Car Museum",
        "city": "Portsmouth",
        "state": "RI",
        "visit_date": "2026-10-04",
        "priority": "replacement",
        "included_in_magic_score": false
      },
      "geometry": {
        "type": "Point",
        "coordinates": [
          -71.2799302,
          41.5688949
        ]
      }
    },
    {
      "type": "Feature",
      "id": "submarine-force-museum",
      "properties": {
        "feature_kind": "place",
        "route_id": "route-01",
        "place_id": "submarine-force-museum",
        "name": "Submarine Force Museum and USS Nautilus",
        "city": "Groton",
        "state": "CT",
        "visit_date": "2026-10-05",
        "priority": "replacement",
        "included_in_magic_score": false
      },
      "geometry": {
        "type": "Point",
        "coordinates": [
          -72.087071,
          41.3874649
        ]
      }
    },
    {
      "type": "Feature",
      "id": "untermyer-gardens",
      "properties": {
        "feature_kind": "place",
        "route_id": "route-01",
        "place_id": "untermyer-gardens",
        "name": "Untermyer Gardens",
        "city": "Yonkers",
        "state": "NY",
        "visit_date": "2026-10-06",
        "priority": "replacement",
        "included_in_magic_score": false
      },
      "geometry": {
        "type": "Point",
        "coordinates": [
          -73.887469,
          40.9665993
        ]
      }
    },
    {
      "type": "Feature",
      "id": "museum-eldridge-street",
      "properties": {
        "feature_kind": "place",
        "route_id": "route-01",
        "place_id": "museum-eldridge-street",
        "name": "Museum at Eldridge Street",
        "city": "New York",
        "state": "NY",
        "visit_date": "2026-10-07",
        "priority": "replacement",
        "included_in_magic_score": false
      },
      "geometry": {
        "type": "Point",
        "coordinates": [
          -73.993461,
          40.7147291
        ]
      }
    },
    {
      "type": "Feature",
      "id": "morven-museum",
      "properties": {
        "feature_kind": "place",
        "route_id": "route-01",
        "place_id": "morven-museum",
        "name": "Morven Museum & Garden",
        "city": "Princeton",
        "state": "NJ",
        "visit_date": "2026-10-08",
        "priority": "replacement",
        "included_in_magic_score": false
      },
      "geometry": {
        "type": "Point",
        "coordinates": [
          -74.666936,
          40.3477912
        ]
      }
    },
    {
      "type": "Feature",
      "id": "wagner-free-institute",
      "properties": {
        "feature_kind": "place",
        "route_id": "route-01",
        "place_id": "wagner-free-institute",
        "name": "Wagner Free Institute of Science",
        "city": "Philadelphia",
        "state": "PA",
        "visit_date": "2026-10-09",
        "priority": "replacement",
        "included_in_magic_score": false
      },
      "geometry": {
        "type": "Point",
        "coordinates": [
          -75.1628639,
          39.9805863
        ]
      }
    },
    {
      "type": "Feature",
      "id": "national-building-museum",
      "properties": {
        "feature_kind": "place",
        "route_id": "route-01",
        "place_id": "national-building-museum",
        "name": "National Building Museum",
        "city": "Washington",
        "state": "DC",
        "visit_date": "2026-10-10",
        "priority": "replacement",
        "included_in_magic_score": false
      },
      "geometry": {
        "type": "Point",
        "coordinates": [
          -77.0175512,
          38.8977549
        ]
      }
    },
    {
      "type": "Feature",
      "id": "hillwood-estate",
      "properties": {
        "feature_kind": "place",
        "route_id": "route-01",
        "place_id": "hillwood-estate",
        "name": "Hillwood Estate, Museum & Gardens",
        "city": "Washington",
        "state": "DC",
        "visit_date": "2026-10-11",
        "priority": "replacement",
        "included_in_magic_score": false
      },
      "geometry": {
        "type": "Point",
        "coordinates": [
          -77.0526526,
          38.9436529
        ]
      }
    },
    {
      "type": "Feature",
      "id": "lost-river-caverns",
      "properties": {
        "feature_kind": "place",
        "route_id": "route-01",
        "place_id": "lost-river-caverns",
        "name": "Lost River Caverns",
        "city": "Hellertown",
        "state": "PA",
        "visit_date": "2026-10-12",
        "priority": "replacement",
        "included_in_magic_score": false
      },
      "geometry": {
        "type": "Point",
        "coordinates": [
          -75.3306574,
          40.5808256
        ]
      }
    },
    {
      "type": "Feature",
      "id": "ramapo-valley-reservation",
      "properties": {
        "feature_kind": "place",
        "route_id": "route-01",
        "place_id": "ramapo-valley-reservation",
        "name": "Ramapo Valley County Reservation",
        "city": "Mahwah",
        "state": "NJ",
        "visit_date": "2026-10-13",
        "priority": "replacement",
        "included_in_magic_score": false
      },
      "geometry": {
        "type": "Point",
        "coordinates": [
          -74.1870007,
          41.0777148
        ]
      }
    },
    {
      "type": "Feature",
      "id": "american-clock-watch-museum",
      "properties": {
        "feature_kind": "place",
        "route_id": "route-01",
        "place_id": "american-clock-watch-museum",
        "name": "American Clock & Watch Museum",
        "city": "Bristol",
        "state": "CT",
        "visit_date": "2026-10-14",
        "priority": "replacement",
        "included_in_magic_score": false
      },
      "geometry": {
        "type": "Point",
        "coordinates": [
          -72.9407782,
          41.6795712
        ]
      }
    },
    {
      "type": "Feature",
      "id": "node-boston-logan-rental",
      "properties": {
        "feature_kind": "route_node",
        "route_id": "route-01",
        "node_id": "boston-logan-rental",
        "name": "Boston Logan Rental Car Center"
      },
      "geometry": {
        "type": "Point",
        "coordinates": [
          -71.0236,
          42.367
        ]
      }
    },
    {
      "type": "Feature",
      "id": "node-newport-lodging",
      "properties": {
        "feature_kind": "route_node",
        "route_id": "route-01",
        "node_id": "newport-lodging",
        "name": "Newport downtown lodging zone"
      },
      "geometry": {
        "type": "Point",
        "coordinates": [
          -71.3128,
          41.4901
        ]
      }
    },
    {
      "type": "Feature",
      "id": "node-new-haven-lodging",
      "properties": {
        "feature_kind": "route_node",
        "route_id": "route-01",
        "node_id": "new-haven-lodging",
        "name": "New Haven downtown lodging zone"
      },
      "geometry": {
        "type": "Point",
        "coordinates": [
          -72.9279,
          41.3078
        ]
      }
    },
    {
      "type": "Feature",
      "id": "node-brooklyn-lodging",
      "properties": {
        "feature_kind": "route_node",
        "route_id": "route-01",
        "node_id": "brooklyn-lodging",
        "name": "Downtown Brooklyn lodging zone"
      },
      "geometry": {
        "type": "Point",
        "coordinates": [
          -73.988,
          40.692
        ]
      }
    },
    {
      "type": "Feature",
      "id": "node-philadelphia-lodging",
      "properties": {
        "feature_kind": "route_node",
        "route_id": "route-01",
        "node_id": "philadelphia-lodging",
        "name": "Fishtown lodging zone"
      },
      "geometry": {
        "type": "Point",
        "coordinates": [
          -75.1356,
          39.9647
        ]
      }
    },
    {
      "type": "Feature",
      "id": "node-washington-lodging",
      "properties": {
        "feature_kind": "route_node",
        "route_id": "route-01",
        "node_id": "washington-lodging",
        "name": "Dupont Circle lodging zone"
      },
      "geometry": {
        "type": "Point",
        "coordinates": [
          -77.0434,
          38.9104
        ]
      }
    },
    {
      "type": "Feature",
      "id": "node-frederick-lodging",
      "properties": {
        "feature_kind": "route_node",
        "route_id": "route-01",
        "node_id": "frederick-lodging",
        "name": "Historic Frederick lodging zone"
      },
      "geometry": {
        "type": "Point",
        "coordinates": [
          -77.41,
          39.4143
        ]
      }
    },
    {
      "type": "Feature",
      "id": "node-gettysburg-lodging",
      "properties": {
        "feature_kind": "route_node",
        "route_id": "route-01",
        "node_id": "gettysburg-lodging",
        "name": "Gettysburg historic-district lodging zone"
      },
      "geometry": {
        "type": "Point",
        "coordinates": [
          -77.2311,
          39.8309
        ]
      }
    },
    {
      "type": "Feature",
      "id": "node-bethlehem-lodging",
      "properties": {
        "feature_kind": "route_node",
        "route_id": "route-01",
        "node_id": "bethlehem-lodging",
        "name": "Historic Bethlehem lodging zone"
      },
      "geometry": {
        "type": "Point",
        "coordinates": [
          -75.378,
          40.615
        ]
      }
    },
    {
      "type": "Feature",
      "id": "node-easton-lodging",
      "properties": {
        "feature_kind": "route_node",
        "route_id": "route-01",
        "node_id": "easton-lodging",
        "name": "Downtown Easton lodging zone"
      },
      "geometry": {
        "type": "Point",
        "coordinates": [
          -75.209,
          40.691
        ]
      }
    },
    {
      "type": "Feature",
      "id": "node-southbury-lodging",
      "properties": {
        "feature_kind": "route_node",
        "route_id": "route-01",
        "node_id": "southbury-lodging",
        "name": "Southbury I-84 lodging zone"
      },
      "geometry": {
        "type": "Point",
        "coordinates": [
          -73.2225,
          41.4725
        ]
      }
    },
    {
      "type": "Feature",
      "id": "node-boston-logan-hotel",
      "properties": {
        "feature_kind": "route_node",
        "route_id": "route-01",
        "node_id": "boston-logan-hotel",
        "name": "Boston Logan hotel zone"
      },
      "geometry": {
        "type": "Point",
        "coordinates": [
          -71.0155,
          42.3655
        ]
      }
    },
    {
      "type": "Feature",
      "id": "node-st-nicholas-wtc",
      "properties": {
        "feature_kind": "route_node",
        "route_id": "route-01",
        "node_id": "st-nicholas-wtc",
        "name": "St. Nicholas Greek Orthodox Church and National Shrine"
      },
      "geometry": {
        "type": "Point",
        "coordinates": [
          -74.0132,
          40.7118
        ]
      }
    },
    {
      "type": "Feature",
      "id": "node-roosevelt-island-tram",
      "properties": {
        "feature_kind": "route_node",
        "route_id": "route-01",
        "node_id": "roosevelt-island-tram",
        "name": "Roosevelt Island Tram Manhattan station"
      },
      "geometry": {
        "type": "Point",
        "coordinates": [
          -73.9646,
          40.7614
        ]
      }
    },
    {
      "type": "Feature",
      "id": "node-grounds-for-sculpture",
      "properties": {
        "feature_kind": "route_node",
        "route_id": "route-01",
        "node_id": "grounds-for-sculpture",
        "name": "Grounds For Sculpture"
      },
      "geometry": {
        "type": "Point",
        "coordinates": [
          -74.7196,
          40.2365
        ]
      }
    },
    {
      "type": "Feature",
      "id": "node-snallygaster",
      "properties": {
        "feature_kind": "route_node",
        "route_id": "route-01",
        "node_id": "snallygaster",
        "name": "Snallygaster event footprint"
      },
      "geometry": {
        "type": "Point",
        "coordinates": [
          -77.0197,
          38.8935
        ]
      }
    },
    {
      "type": "Feature",
      "id": "node-gettysburg-battlefield",
      "properties": {
        "feature_kind": "route_node",
        "route_id": "route-01",
        "node_id": "gettysburg-battlefield",
        "name": "Gettysburg National Military Park Museum and Visitor Center"
      },
      "geometry": {
        "type": "Point",
        "coordinates": [
          -77.2260166,
          39.8114747
        ]
      }
    },
    {
      "type": "Feature",
      "id": "node-indian-echo-caverns",
      "properties": {
        "feature_kind": "route_node",
        "route_id": "route-01",
        "node_id": "indian-echo-caverns",
        "name": "Indian Echo Caverns"
      },
      "geometry": {
        "type": "Point",
        "coordinates": [
          -76.7168808,
          40.2528358
        ]
      }
    },
    {
      "type": "Feature",
      "id": "node-da-vinci-science-center",
      "properties": {
        "feature_kind": "route_node",
        "route_id": "route-01",
        "node_id": "da-vinci-science-center",
        "name": "Da Vinci Science Center at PNC Plaza"
      },
      "geometry": {
        "type": "Point",
        "coordinates": [
          -75.474513,
          40.6020437
        ]
      }
    },
    {
      "type": "Feature",
      "id": "node-delaware-water-gap",
      "properties": {
        "feature_kind": "route_node",
        "route_id": "route-01",
        "node_id": "delaware-water-gap",
        "name": "Point of Gap Overlook"
      },
      "geometry": {
        "type": "Point",
        "coordinates": [
          -75.1267,
          40.9775
        ]
      }
    },
    {
      "type": "Feature",
      "id": "node-tarrywile-park",
      "properties": {
        "feature_kind": "route_node",
        "route_id": "route-01",
        "node_id": "tarrywile-park",
        "name": "Tarrywile Park and Mansion"
      },
      "geometry": {
        "type": "Point",
        "coordinates": [
          -73.4514308,
          41.380274
        ]
      }
    },
    {
      "type": "Feature",
      "id": "node-paterson-great-falls",
      "properties": {
        "feature_kind": "route_node",
        "route_id": "route-01",
        "node_id": "paterson-great-falls",
        "name": "Paterson Great Falls National Historical Park"
      },
      "geometry": {
        "type": "Point",
        "coordinates": [
          -74.1805294,
          40.9155412
        ]
      }
    },
    {
      "type": "Feature",
      "id": "node-carousel-museum",
      "properties": {
        "feature_kind": "route_node",
        "route_id": "route-01",
        "node_id": "carousel-museum",
        "name": "New England Carousel Museum"
      },
      "geometry": {
        "type": "Point",
        "coordinates": [
          -72.9394923,
          41.6710664
        ]
      }
    },
    {
      "type": "Feature",
      "id": "node-old-sturbridge-village",
      "properties": {
        "feature_kind": "route_node",
        "route_id": "route-01",
        "node_id": "old-sturbridge-village",
        "name": "Old Sturbridge Village"
      },
      "geometry": {
        "type": "Point",
        "coordinates": [
          -72.1011232,
          42.1038149
        ]
      }
    },
    {
      "type": "Feature",
      "id": "node-risd-museum",
      "properties": {
        "feature_kind": "route_node",
        "route_id": "route-01",
        "node_id": "risd-museum",
        "name": "Rhode Island School of Design Museum (RISD Museum), 20, North Main Street, College Hill, Providence, Providence County, Rhode Island, 02903, United States"
      },
      "geometry": {
        "type": "Point",
        "coordinates": [
          -71.407696,
          41.8265158
        ]
      }
    },
    {
      "type": "Feature",
      "id": "node-benefit-street",
      "properties": {
        "feature_kind": "route_node",
        "route_id": "route-01",
        "node_id": "benefit-street",
        "name": "Benefit Street, College Hill, Providence, Providence County, Rhode Island, 02912, United States"
      },
      "geometry": {
        "type": "Point",
        "coordinates": [
          -71.4041434,
          41.823096
        ]
      }
    },
    {
      "type": "Feature",
      "id": "node-castle-hill-lighthouse",
      "properties": {
        "feature_kind": "route_node",
        "route_id": "route-01",
        "node_id": "castle-hill-lighthouse",
        "name": "Castle Hill Lighthouse, Coast Guard Station Road, Newport, Newport County, Rhode Island, 02840, United States"
      },
      "geometry": {
        "type": "Point",
        "coordinates": [
          -71.3629066,
          41.4621497
        ]
      }
    },
    {
      "type": "Feature",
      "id": "node-cliff-walk",
      "properties": {
        "feature_kind": "route_node",
        "route_id": "route-01",
        "node_id": "cliff-walk",
        "name": "Cliff Walk, Newport, Newport County, Rhode Island, 02840, United States"
      },
      "geometry": {
        "type": "Point",
        "coordinates": [
          -71.3053355,
          41.4544607
        ]
      }
    },
    {
      "type": "Feature",
      "id": "node-the-breakers",
      "properties": {
        "feature_kind": "route_node",
        "route_id": "route-01",
        "node_id": "the-breakers",
        "name": "The Breakers, 44, Ochre Point Avenue, Newport, Newport County, Rhode Island, 02840, United States"
      },
      "geometry": {
        "type": "Point",
        "coordinates": [
          -71.2982119,
          41.4697373
        ]
      }
    },
    {
      "type": "Feature",
      "id": "node-watch-hill",
      "properties": {
        "feature_kind": "route_node",
        "route_id": "route-01",
        "node_id": "watch-hill",
        "name": "Watch Hill Lighthouse, Lighthouse Road, Watch Hill, Westerly, South County, Rhode Island, United States"
      },
      "geometry": {
        "type": "Point",
        "coordinates": [
          -71.8585484,
          41.3039043
        ]
      }
    },
    {
      "type": "Feature",
      "id": "node-mystic-seaport",
      "properties": {
        "feature_kind": "route_node",
        "route_id": "route-01",
        "node_id": "mystic-seaport",
        "name": "Mystic Seaport Marine Museum, 75, Greenmanville Avenue, Rossie Velvet Mill Historic District, Mystic, Stonington, Southeastern Connecticut Planning Region, Connecticut, 06355, United States"
      },
      "geometry": {
        "type": "Point",
        "coordinates": [
          -71.9643827,
          41.3618311
        ]
      }
    },
    {
      "type": "Feature",
      "id": "node-beinecke-library",
      "properties": {
        "feature_kind": "route_node",
        "route_id": "route-01",
        "node_id": "beinecke-library",
        "name": "Beinecke Rare Book and Manuscript Library, 121, Wall Street, Downtown, Dixwell, New Haven, Connecticut, 06511, United States"
      },
      "geometry": {
        "type": "Point",
        "coordinates": [
          -72.9273243,
          41.3115974
        ]
      }
    },
    {
      "type": "Feature",
      "id": "node-wooster-square",
      "properties": {
        "feature_kind": "route_node",
        "route_id": "route-01",
        "node_id": "wooster-square",
        "name": "Wooster Square, Barnesville, New Haven, South Central Connecticut Planning Region, Connecticut, United States"
      },
      "geometry": {
        "type": "Point",
        "coordinates": [
          -72.9177754,
          41.3047583
        ]
      }
    },
    {
      "type": "Feature",
      "id": "node-woodbury-common",
      "properties": {
        "feature_kind": "route_node",
        "route_id": "route-01",
        "node_id": "woodbury-common",
        "name": "498, Red Apple Court, Woodbury Common Premium Outlets, Central Valley, Town of Woodbury, Orange County, New York, 10917, United States"
      },
      "geometry": {
        "type": "Point",
        "coordinates": [
          -74.1258389,
          41.3177338
        ]
      }
    },
    {
      "type": "Feature",
      "id": "node-dumbo-brooklyn-bridge-park",
      "properties": {
        "feature_kind": "route_node",
        "route_id": "route-01",
        "node_id": "dumbo-brooklyn-bridge-park",
        "name": "Brooklyn Bridge Park Greenway, Dumbo, Brooklyn, Kings County, New York, 11242, United States"
      },
      "geometry": {
        "type": "Point",
        "coordinates": [
          -73.9966225,
          40.7008598
        ]
      }
    },
    {
      "type": "Feature",
      "id": "node-tenement-museum",
      "properties": {
        "feature_kind": "route_node",
        "route_id": "route-01",
        "node_id": "tenement-museum",
        "name": "Lower East Side Tenement Museum, 103, Orchard Street, Lower East Side, Manhattan Community Board 3, Manhattan, New York County, New York, 10002, United States"
      },
      "geometry": {
        "type": "Point",
        "coordinates": [
          -73.9900266,
          40.7187837
        ]
      }
    },
    {
      "type": "Feature",
      "id": "node-oculus",
      "properties": {
        "feature_kind": "route_node",
        "route_id": "route-01",
        "node_id": "oculus",
        "name": "World Trade Center Transportation Hub - Oculus, 185, Greenwich Street, Tribeca, Lower Manhattan, Manhattan, New York County, New York, 10006, United States"
      },
      "geometry": {
        "type": "Point",
        "coordinates": [
          -74.0114199,
          40.7115549
        ]
      }
    },
    {
      "type": "Feature",
      "id": "node-saint-vitus",
      "properties": {
        "feature_kind": "route_node",
        "route_id": "route-01",
        "node_id": "saint-vitus",
        "name": "428, Troutman Street, Bushwick, Brooklyn, Kings County, New York, 11237, United States"
      },
      "geometry": {
        "type": "Point",
        "coordinates": [
          -73.9219457,
          40.7071165
        ]
      }
    },
    {
      "type": "Feature",
      "id": "node-princeton-art-museum",
      "properties": {
        "feature_kind": "route_node",
        "route_id": "route-01",
        "node_id": "princeton-art-museum",
        "name": "Princeton University Art Museum, 45, Elm Drive, Princeton, Mercer County, New Jersey, 08544, United States"
      },
      "geometry": {
        "type": "Point",
        "coordinates": [
          -74.6579624,
          40.3472184
        ]
      }
    },
    {
      "type": "Feature",
      "id": "node-princeton-chapel",
      "properties": {
        "feature_kind": "route_node",
        "route_id": "route-01",
        "node_id": "princeton-chapel",
        "name": "Princeton University Chapel, Chancellor Way, Princeton, Mercer County, New Jersey, 08544, United States"
      },
      "geometry": {
        "type": "Point",
        "coordinates": [
          -74.6569695,
          40.3488453
        ]
      }
    },
    {
      "type": "Feature",
      "id": "node-elfreths-alley",
      "properties": {
        "feature_kind": "route_node",
        "route_id": "route-01",
        "node_id": "elfreths-alley",
        "name": "Elfreth's Alley, Old City, Center City, Philadelphia, Philadelphia County, Pennsylvania, 19106, United States"
      },
      "geometry": {
        "type": "Point",
        "coordinates": [
          -75.1423814,
          39.9527723
        ]
      }
    },
    {
      "type": "Feature",
      "id": "node-reading-terminal-market",
      "properties": {
        "feature_kind": "route_node",
        "route_id": "route-01",
        "node_id": "reading-terminal-market",
        "name": "Reading Terminal Farmers Market: 12th and Arch Streets, Arch Street, Chinatown, Center City, Philadelphia, Philadelphia County, Pennsylvania, 19107, United States"
      },
      "geometry": {
        "type": "Point",
        "coordinates": [
          -75.1592392,
          39.9537281
        ]
      }
    },
    {
      "type": "Feature",
      "id": "node-eastern-state",
      "properties": {
        "feature_kind": "route_node",
        "route_id": "route-01",
        "node_id": "eastern-state",
        "name": "Eastern State Penitentiary, 2027, Fairmount Avenue, Spring Garden, North Philadelphia, Philadelphia, Philadelphia County, Pennsylvania, 19130, United States"
      },
      "geometry": {
        "type": "Point",
        "coordinates": [
          -75.1726626,
          39.9683406
        ]
      }
    },
    {
      "type": "Feature",
      "id": "node-magic-gardens",
      "properties": {
        "feature_kind": "route_node",
        "route_id": "route-01",
        "node_id": "magic-gardens",
        "name": "Philadelphia's Magic Gardens, 1020, South Street, Bella Vista, South Philadelphia, Philadelphia, Philadelphia County, Pennsylvania, 19147, United States"
      },
      "geometry": {
        "type": "Point",
        "coordinates": [
          -75.159409,
          39.942768
        ]
      }
    },
    {
      "type": "Feature",
      "id": "node-fillmore-philadelphia",
      "properties": {
        "feature_kind": "route_node",
        "route_id": "route-01",
        "node_id": "fillmore-philadelphia",
        "name": "The Fillmore Philadelphia, 29, East Allen Street, Northern Liberties, North Philadelphia, Philadelphia, Philadelphia County, Pennsylvania, 19123, United States"
      },
      "geometry": {
        "type": "Point",
        "coordinates": [
          -75.1349058,
          39.9655391
        ]
      }
    },
    {
      "type": "Feature",
      "id": "node-federal-hill-park",
      "properties": {
        "feature_kind": "route_node",
        "route_id": "route-01",
        "node_id": "federal-hill-park",
        "name": "Federal Hill Park, Baltimore, Maryland, United States"
      },
      "geometry": {
        "type": "Point",
        "coordinates": [
          -76.6084642,
          39.2796148
        ]
      }
    },
    {
      "type": "Feature",
      "id": "node-avam",
      "properties": {
        "feature_kind": "route_node",
        "route_id": "route-01",
        "node_id": "avam",
        "name": "American Visionary Art Museum, 800, Key Highway, Federal Hill, Baltimore, Maryland, 21230, United States"
      },
      "geometry": {
        "type": "Point",
        "coordinates": [
          -76.6068932,
          39.2803985
        ]
      }
    },
    {
      "type": "Feature",
      "id": "node-st-nicholas-cathedral-dc",
      "properties": {
        "feature_kind": "route_node",
        "route_id": "route-01",
        "node_id": "st-nicholas-cathedral-dc",
        "name": "Saint Nicholas Orthodox Cathedral, 3500, Massachusetts Avenue Northwest, Massachusetts Avenue Heights, Ward 3, Washington, District of Columbia, 20007, United States"
      },
      "geometry": {
        "type": "Point",
        "coordinates": [
          -77.0686587,
          38.9248859
        ]
      }
    },
    {
      "type": "Feature",
      "id": "node-dumbarton-oaks",
      "properties": {
        "feature_kind": "route_node",
        "route_id": "route-01",
        "node_id": "dumbarton-oaks",
        "name": "Dumbarton Oaks, 32nd Street Northwest, Georgetown, Ward 2, Washington, District of Columbia, 20007, United States"
      },
      "geometry": {
        "type": "Point",
        "coordinates": [
          -77.0635269,
          38.9140614
        ]
      }
    },
    {
      "type": "Feature",
      "id": "node-lincoln-memorial",
      "properties": {
        "feature_kind": "route_node",
        "route_id": "route-01",
        "node_id": "lincoln-memorial",
        "name": "Lincoln Memorial, Ward 2, Washington, District of Columbia, United States"
      },
      "geometry": {
        "type": "Point",
        "coordinates": [
          -77.0502109,
          38.8892648
        ]
      }
    },
    {
      "type": "Feature",
      "id": "node-historic-bethlehem",
      "properties": {
        "feature_kind": "route_node",
        "route_id": "route-01",
        "node_id": "historic-bethlehem",
        "name": "Historic Bethlehem Visitor Center, 505, Main Street, Central Bethlehem, Bethlehem, Northampton County, Pennsylvania, 18108, United States"
      },
      "geometry": {
        "type": "Point",
        "coordinates": [
          -75.3822103,
          40.6208407
        ]
      }
    },
    {
      "type": "Feature",
      "id": "node-long-dock-park",
      "properties": {
        "feature_kind": "route_node",
        "route_id": "route-01",
        "node_id": "long-dock-park",
        "name": "Long Dock Park, City of Beacon, Dutchess County, New York, United States"
      },
      "geometry": {
        "type": "Point",
        "coordinates": [
          -73.9844255,
          41.5005799
        ]
      }
    },
    {
      "type": "Feature",
      "id": "node-easton-centre-square",
      "properties": {
        "feature_kind": "route_node",
        "route_id": "route-01",
        "node_id": "easton-centre-square",
        "name": "Centre Square, Downtown, Easton, Northampton County, Pennsylvania, 18042, United States"
      },
      "geometry": {
        "type": "Point",
        "coordinates": [
          -75.2094165,
          40.6914357
        ]
      }
    }
  ]
}
