{
  "type": "FeatureCollection",
  "features": [
    {
      "type": "Feature",
      "id": "d1-boston-logan-rental-to-old-new-gate",
      "properties": {
        "feature_kind": "drive_leg",
        "route_id": "route-10",
        "day": 1,
        "date": "2026-10-04",
        "from": "boston-logan-rental",
        "to": "old-new-gate",
        "distance_miles": 109.7,
        "baseline_minutes": 145,
        "traffic_risk": "high",
        "map_color": "#DB2777",
        "energy_rebuild": true
      },
      "geometry": {
        "coordinates": [
          [
            -71.029421,
            42.367769
          ],
          [
            -71.037429,
            42.346811
          ],
          [
            -71.177949,
            42.35787
          ],
          [
            -71.315031,
            42.33461
          ],
          [
            -71.367832,
            42.311489
          ],
          [
            -71.412023,
            42.315539
          ],
          [
            -71.557712,
            42.269721
          ],
          [
            -71.618632,
            42.229395
          ],
          [
            -71.755983,
            42.2211
          ],
          [
            -72.060513,
            42.129786
          ],
          [
            -72.125546,
            42.135283
          ],
          [
            -72.213061,
            42.182469
          ],
          [
            -72.282382,
            42.164903
          ],
          [
            -72.318532,
            42.17708
          ],
          [
            -72.380572,
            42.153946
          ],
          [
            -72.447241,
            42.170514
          ],
          [
            -72.546138,
            42.164138
          ],
          [
            -72.559081,
            42.130738
          ],
          [
            -72.621466,
            42.105055
          ],
          [
            -72.630614,
            42.074971
          ],
          [
            -72.675699,
            42.057144
          ],
          [
            -72.725688,
            41.943529
          ],
          [
            -72.77428,
            41.958054
          ]
        ],
        "type": "LineString"
      }
    },
    {
      "type": "Feature",
      "id": "d1-old-new-gate-to-milford-east-lodging",
      "properties": {
        "feature_kind": "drive_leg",
        "route_id": "route-10",
        "day": 1,
        "date": "2026-10-04",
        "from": "old-new-gate",
        "to": "milford-east-lodging",
        "distance_miles": 60.7,
        "baseline_minutes": 83,
        "traffic_risk": "high",
        "map_color": "#DB2777",
        "energy_rebuild": true
      },
      "geometry": {
        "coordinates": [
          [
            -72.77428,
            41.958054
          ],
          [
            -72.724288,
            41.942466
          ],
          [
            -72.704668,
            41.925809
          ],
          [
            -72.641176,
            41.898879
          ],
          [
            -72.662243,
            41.878406
          ],
          [
            -72.666046,
            41.81984
          ],
          [
            -72.654613,
            41.797325
          ],
          [
            -72.668809,
            41.771447
          ],
          [
            -72.658777,
            41.752168
          ],
          [
            -72.664502,
            41.734675
          ],
          [
            -72.644333,
            41.698099
          ],
          [
            -72.713096,
            41.584955
          ],
          [
            -72.768608,
            41.532635
          ],
          [
            -72.767893,
            41.487004
          ],
          [
            -72.780225,
            41.455872
          ],
          [
            -72.837102,
            41.403641
          ],
          [
            -72.8641,
            41.393289
          ],
          [
            -72.867835,
            41.348841
          ],
          [
            -72.881737,
            41.325567
          ],
          [
            -72.989067,
            41.279554
          ]
        ],
        "type": "LineString"
      }
    },
    {
      "type": "Feature",
      "id": "d2-milford-east-lodging-to-stamford-break",
      "properties": {
        "feature_kind": "drive_leg",
        "route_id": "route-10",
        "day": 2,
        "date": "2026-10-05",
        "from": "milford-east-lodging",
        "to": "stamford-break",
        "distance_miles": 36.1,
        "baseline_minutes": 53,
        "traffic_risk": "high",
        "map_color": "#DB2777",
        "energy_rebuild": true
      },
      "geometry": {
        "coordinates": [
          [
            -72.989067,
            41.279554
          ],
          [
            -72.988779,
            41.27721
          ],
          [
            -73.039374,
            41.236229
          ],
          [
            -73.044067,
            41.235115
          ],
          [
            -73.057326,
            41.237535
          ],
          [
            -73.066743,
            41.235068
          ],
          [
            -73.091761,
            41.209332
          ],
          [
            -73.111658,
            41.204405
          ],
          [
            -73.120197,
            41.197468
          ],
          [
            -73.13012,
            41.194523
          ],
          [
            -73.138706,
            41.184864
          ],
          [
            -73.152317,
            41.175495
          ],
          [
            -73.165451,
            41.175225
          ],
          [
            -73.181059,
            41.179304
          ],
          [
            -73.191077,
            41.171905
          ],
          [
            -73.203369,
            41.167233
          ],
          [
            -73.227493,
            41.16812
          ],
          [
            -73.24047,
            41.162764
          ],
          [
            -73.250385,
            41.149439
          ],
          [
            -73.269364,
            41.142926
          ],
          [
            -73.284244,
            41.141321
          ],
          [
            -73.301583,
            41.127688
          ],
          [
            -73.320398,
            41.121206
          ],
          [
            -73.340723,
            41.12355
          ],
          [
            -73.376869,
            41.120293
          ],
          [
            -73.406411,
            41.108581
          ],
          [
            -73.424524,
            41.106101
          ],
          [
            -73.439287,
            41.099634
          ],
          [
            -73.448935,
            41.091686
          ],
          [
            -73.456997,
            41.088215
          ],
          [
            -73.46768,
            41.074724
          ],
          [
            -73.491151,
            41.068201
          ],
          [
            -73.502866,
            41.067762
          ],
          [
            -73.514576,
            41.056985
          ],
          [
            -73.539548,
            41.048693
          ],
          [
            -73.538576,
            41.052979
          ]
        ],
        "type": "LineString"
      }
    },
    {
      "type": "Feature",
      "id": "d2-stamford-break-to-baps-akshardham",
      "properties": {
        "feature_kind": "drive_leg",
        "route_id": "route-10",
        "day": 2,
        "date": "2026-10-05",
        "from": "stamford-break",
        "to": "baps-akshardham",
        "distance_miles": 91,
        "baseline_minutes": 128,
        "traffic_risk": "high",
        "map_color": "#DB2777",
        "energy_rebuild": true
      },
      "geometry": {
        "coordinates": [
          [
            -73.538576,
            41.052979
          ],
          [
            -73.634471,
            41.018337
          ],
          [
            -73.666976,
            40.988194
          ],
          [
            -73.723485,
            40.973728
          ],
          [
            -73.802664,
            40.887689
          ],
          [
            -73.833496,
            40.878812
          ],
          [
            -73.825103,
            40.836168
          ],
          [
            -73.833134,
            40.830314
          ],
          [
            -73.968991,
            40.854976
          ],
          [
            -73.986494,
            40.875643
          ],
          [
            -74.010892,
            40.864944
          ],
          [
            -74.023105,
            40.83244
          ],
          [
            -74.066437,
            40.807477
          ],
          [
            -74.11429,
            40.761493
          ],
          [
            -74.13651,
            40.717286
          ],
          [
            -74.20293,
            40.647276
          ],
          [
            -74.263175,
            40.559927
          ],
          [
            -74.362232,
            40.517668
          ],
          [
            -74.401135,
            40.48416
          ],
          [
            -74.446851,
            40.415728
          ],
          [
            -74.47312,
            40.353135
          ],
          [
            -74.508345,
            40.318754
          ],
          [
            -74.513624,
            40.299458
          ],
          [
            -74.55169,
            40.256642
          ],
          [
            -74.569767,
            40.24846
          ],
          [
            -74.580435,
            40.25425
          ]
        ],
        "type": "LineString"
      }
    },
    {
      "type": "Feature",
      "id": "d2-baps-akshardham-to-hamilton-lodging",
      "properties": {
        "feature_kind": "drive_leg",
        "route_id": "route-10",
        "day": 2,
        "date": "2026-10-05",
        "from": "baps-akshardham",
        "to": "hamilton-lodging",
        "distance_miles": 6.3,
        "baseline_minutes": 14,
        "traffic_risk": "high",
        "map_color": "#DB2777",
        "energy_rebuild": true
      },
      "geometry": {
        "coordinates": [
          [
            -74.580435,
            40.25425
          ],
          [
            -74.578099,
            40.255816
          ],
          [
            -74.576574,
            40.254776
          ],
          [
            -74.576107,
            40.254893
          ],
          [
            -74.575296,
            40.253965
          ],
          [
            -74.574447,
            40.253613
          ],
          [
            -74.574294,
            40.252746
          ],
          [
            -74.573407,
            40.25174
          ],
          [
            -74.569012,
            40.247869
          ],
          [
            -74.573611,
            40.243745
          ],
          [
            -74.575946,
            40.242058
          ],
          [
            -74.586595,
            40.236425
          ],
          [
            -74.596097,
            40.23066
          ],
          [
            -74.613817,
            40.221271
          ],
          [
            -74.620018,
            40.216262
          ],
          [
            -74.623338,
            40.217258
          ],
          [
            -74.625955,
            40.217607
          ],
          [
            -74.637238,
            40.221501
          ],
          [
            -74.641823,
            40.221847
          ],
          [
            -74.646513,
            40.223055
          ],
          [
            -74.649955,
            40.220552
          ],
          [
            -74.650687,
            40.219001
          ]
        ],
        "type": "LineString"
      }
    },
    {
      "type": "Feature",
      "id": "d3-hamilton-lodging-to-hagley",
      "properties": {
        "feature_kind": "drive_leg",
        "route_id": "route-10",
        "day": 3,
        "date": "2026-10-06",
        "from": "hamilton-lodging",
        "to": "hagley",
        "distance_miles": 75.2,
        "baseline_minutes": 103,
        "traffic_risk": "medium",
        "map_color": "#DB2777",
        "energy_rebuild": true
      },
      "geometry": {
        "coordinates": [
          [
            -74.650687,
            40.219001
          ],
          [
            -74.654161,
            40.208501
          ],
          [
            -74.646673,
            40.192852
          ],
          [
            -74.686337,
            40.168807
          ],
          [
            -74.703586,
            40.141747
          ],
          [
            -74.717438,
            40.136046
          ],
          [
            -74.721807,
            40.118668
          ],
          [
            -74.745439,
            40.102226
          ],
          [
            -74.762945,
            40.082293
          ],
          [
            -74.812913,
            40.060292
          ],
          [
            -74.832539,
            40.046571
          ],
          [
            -74.852794,
            40.007864
          ],
          [
            -74.890203,
            39.984949
          ],
          [
            -74.932503,
            39.948613
          ],
          [
            -74.969833,
            39.932149
          ],
          [
            -74.990138,
            39.898809
          ],
          [
            -75.019793,
            39.873369
          ],
          [
            -75.032671,
            39.87147
          ],
          [
            -75.05301,
            39.875745
          ],
          [
            -75.088113,
            39.87225
          ],
          [
            -75.103179,
            39.878331
          ],
          [
            -75.103412,
            39.867155
          ],
          [
            -75.118112,
            39.860643
          ],
          [
            -75.154269,
            39.860396
          ],
          [
            -75.243451,
            39.81909
          ],
          [
            -75.320378,
            39.803345
          ],
          [
            -75.346599,
            39.803428
          ],
          [
            -75.389351,
            39.847049
          ],
          [
            -75.424301,
            39.834048
          ],
          [
            -75.466312,
            39.804591
          ],
          [
            -75.483487,
            39.800929
          ],
          [
            -75.504887,
            39.780604
          ],
          [
            -75.528225,
            39.774963
          ],
          [
            -75.537482,
            39.76817
          ],
          [
            -75.556195,
            39.784956
          ],
          [
            -75.576705,
            39.773344
          ],
          [
            -75.592547,
            39.772564
          ],
          [
            -75.604441,
            39.759013
          ],
          [
            -75.651721,
            39.765034
          ],
          [
            -75.661011,
            39.775508
          ]
        ],
        "type": "LineString"
      }
    },
    {
      "type": "Feature",
      "id": "d3-hagley-to-herrs",
      "properties": {
        "feature_kind": "drive_leg",
        "route_id": "route-10",
        "day": 3,
        "date": "2026-10-06",
        "from": "hagley",
        "to": "herrs",
        "distance_miles": 24.5,
        "baseline_minutes": 41,
        "traffic_risk": "medium",
        "map_color": "#DB2777",
        "energy_rebuild": true
      },
      "geometry": {
        "coordinates": [
          [
            -75.661011,
            39.775508
          ],
          [
            -75.670279,
            39.783785
          ],
          [
            -75.679681,
            39.780227
          ],
          [
            -75.686205,
            39.785872
          ],
          [
            -75.738741,
            39.802129
          ],
          [
            -75.781323,
            39.823092
          ],
          [
            -75.78685,
            39.830819
          ],
          [
            -75.80342,
            39.840939
          ],
          [
            -75.830922,
            39.827471
          ],
          [
            -75.848178,
            39.825374
          ],
          [
            -75.867094,
            39.827359
          ],
          [
            -75.895923,
            39.825499
          ],
          [
            -75.969311,
            39.806435
          ],
          [
            -75.993652,
            39.790757
          ],
          [
            -76.020506,
            39.759235
          ],
          [
            -76.025716,
            39.751931
          ],
          [
            -76.01215,
            39.746598
          ],
          [
            -76.013268,
            39.745118
          ]
        ],
        "type": "LineString"
      }
    },
    {
      "type": "Feature",
      "id": "d3-herrs-to-baltimore-lodging",
      "properties": {
        "feature_kind": "drive_leg",
        "route_id": "route-10",
        "day": 3,
        "date": "2026-10-06",
        "from": "herrs",
        "to": "baltimore-lodging",
        "distance_miles": 53.5,
        "baseline_minutes": 71,
        "traffic_risk": "medium",
        "map_color": "#DB2777",
        "energy_rebuild": true
      },
      "geometry": {
        "coordinates": [
          [
            -76.013268,
            39.745118
          ],
          [
            -75.982566,
            39.733297
          ],
          [
            -75.978662,
            39.696488
          ],
          [
            -75.952858,
            39.655248
          ],
          [
            -75.961036,
            39.630149
          ],
          [
            -75.985884,
            39.624887
          ],
          [
            -76.015907,
            39.609226
          ],
          [
            -76.062738,
            39.595541
          ],
          [
            -76.07711,
            39.586486
          ],
          [
            -76.094961,
            39.585526
          ],
          [
            -76.114227,
            39.577128
          ],
          [
            -76.133291,
            39.574687
          ],
          [
            -76.177627,
            39.533381
          ],
          [
            -76.245025,
            39.486875
          ],
          [
            -76.340099,
            39.443235
          ],
          [
            -76.371767,
            39.44027
          ],
          [
            -76.407082,
            39.418883
          ],
          [
            -76.456723,
            39.372318
          ],
          [
            -76.512643,
            39.34286
          ],
          [
            -76.533843,
            39.318298
          ],
          [
            -76.530585,
            39.300924
          ],
          [
            -76.534864,
            39.285281
          ],
          [
            -76.550273,
            39.281209
          ],
          [
            -76.574995,
            39.281931
          ]
        ],
        "type": "LineString"
      }
    },
    {
      "type": "Feature",
      "id": "d4-baltimore-lodging-to-government-island",
      "properties": {
        "feature_kind": "drive_leg",
        "route_id": "route-10",
        "day": 4,
        "date": "2026-10-07",
        "from": "baltimore-lodging",
        "to": "government-island",
        "distance_miles": 84.1,
        "baseline_minutes": 119,
        "traffic_risk": "high",
        "map_color": "#DB2777",
        "energy_rebuild": true
      },
      "geometry": {
        "coordinates": [
          [
            -76.574995,
            39.281931
          ],
          [
            -76.553291,
            39.275162
          ],
          [
            -76.579489,
            39.242371
          ],
          [
            -76.613102,
            39.239684
          ],
          [
            -76.627317,
            39.228474
          ],
          [
            -76.651846,
            39.234205
          ],
          [
            -76.65501,
            39.221352
          ],
          [
            -76.710032,
            39.193717
          ],
          [
            -76.769486,
            39.120894
          ],
          [
            -76.825966,
            39.075635
          ],
          [
            -76.865235,
            39.002883
          ],
          [
            -76.891447,
            38.987041
          ],
          [
            -76.911391,
            38.94224
          ],
          [
            -76.968158,
            38.8771
          ],
          [
            -76.987096,
            38.870393
          ],
          [
            -77.011725,
            38.882376
          ],
          [
            -77.038948,
            38.879106
          ],
          [
            -77.050555,
            38.867109
          ],
          [
            -77.068099,
            38.865355
          ],
          [
            -77.087543,
            38.838735
          ],
          [
            -77.175649,
            38.79151
          ],
          [
            -77.187374,
            38.745155
          ],
          [
            -77.221579,
            38.710816
          ],
          [
            -77.230214,
            38.682119
          ],
          [
            -77.275903,
            38.663485
          ],
          [
            -77.346989,
            38.542675
          ],
          [
            -77.40992,
            38.464998
          ],
          [
            -77.402978,
            38.445954
          ],
          [
            -77.388431,
            38.446838
          ]
        ],
        "type": "LineString"
      }
    },
    {
      "type": "Feature",
      "id": "d4-government-island-to-game-show-rush-hour",
      "properties": {
        "feature_kind": "drive_leg",
        "route_id": "route-10",
        "day": 4,
        "date": "2026-10-07",
        "from": "government-island",
        "to": "game-show-rush-hour",
        "distance_miles": 12.3,
        "baseline_minutes": 23,
        "traffic_risk": "high",
        "map_color": "#DB2777",
        "energy_rebuild": true
      },
      "geometry": {
        "coordinates": [
          [
            -77.388431,
            38.446838
          ],
          [
            -77.400362,
            38.445422
          ],
          [
            -77.402978,
            38.445954
          ],
          [
            -77.404702,
            38.439688
          ],
          [
            -77.403941,
            38.436666
          ],
          [
            -77.406772,
            38.432759
          ],
          [
            -77.409732,
            38.415002
          ],
          [
            -77.420212,
            38.403199
          ],
          [
            -77.443659,
            38.384518
          ],
          [
            -77.453126,
            38.373488
          ],
          [
            -77.456991,
            38.364497
          ],
          [
            -77.458772,
            38.344714
          ],
          [
            -77.464459,
            38.33427
          ],
          [
            -77.466146,
            38.327888
          ],
          [
            -77.479767,
            38.306723
          ],
          [
            -77.474726,
            38.299689
          ]
        ],
        "type": "LineString"
      }
    },
    {
      "type": "Feature",
      "id": "d4-game-show-rush-hour-to-belle-isle",
      "properties": {
        "feature_kind": "drive_leg",
        "route_id": "route-10",
        "day": 4,
        "date": "2026-10-07",
        "from": "game-show-rush-hour",
        "to": "belle-isle",
        "distance_miles": 57.5,
        "baseline_minutes": 73,
        "traffic_risk": "high",
        "map_color": "#DB2777",
        "energy_rebuild": true
      },
      "geometry": {
        "coordinates": [
          [
            -77.474726,
            38.299689
          ],
          [
            -77.484589,
            38.295813
          ],
          [
            -77.496715,
            38.260601
          ],
          [
            -77.518221,
            38.104634
          ],
          [
            -77.492131,
            37.971804
          ],
          [
            -77.459125,
            37.917182
          ],
          [
            -77.451017,
            37.837938
          ],
          [
            -77.462368,
            37.772648
          ],
          [
            -77.448191,
            37.717207
          ],
          [
            -77.452642,
            37.641138
          ],
          [
            -77.444028,
            37.618068
          ],
          [
            -77.470135,
            37.585534
          ],
          [
            -77.444728,
            37.551797
          ],
          [
            -77.451721,
            37.523108
          ],
          [
            -77.450018,
            37.531374
          ]
        ],
        "type": "LineString"
      }
    },
    {
      "type": "Feature",
      "id": "d4-belle-isle-to-richmond-lodging",
      "properties": {
        "feature_kind": "drive_leg",
        "route_id": "route-10",
        "day": 4,
        "date": "2026-10-07",
        "from": "belle-isle",
        "to": "richmond-lodging",
        "distance_miles": 6.7,
        "baseline_minutes": 13,
        "traffic_risk": "high",
        "map_color": "#DB2777",
        "energy_rebuild": true
      },
      "geometry": {
        "coordinates": [
          [
            -77.450018,
            37.531374
          ],
          [
            -77.449191,
            37.534194
          ],
          [
            -77.448817,
            37.54676
          ],
          [
            -77.443269,
            37.553095
          ],
          [
            -77.442158,
            37.552968
          ],
          [
            -77.442975,
            37.55251
          ],
          [
            -77.445119,
            37.553675
          ],
          [
            -77.44826,
            37.556719
          ],
          [
            -77.452449,
            37.559078
          ],
          [
            -77.453804,
            37.560434
          ],
          [
            -77.454257,
            37.562506
          ],
          [
            -77.453431,
            37.568967
          ],
          [
            -77.454448,
            37.571105
          ],
          [
            -77.460562,
            37.574328
          ],
          [
            -77.466969,
            37.578708
          ],
          [
            -77.469358,
            37.581468
          ],
          [
            -77.469909,
            37.583771
          ],
          [
            -77.469725,
            37.588744
          ],
          [
            -77.466122,
            37.596431
          ],
          [
            -77.46533,
            37.597266
          ],
          [
            -77.464566,
            37.596899
          ],
          [
            -77.46628,
            37.595517
          ],
          [
            -77.467869,
            37.60886
          ]
        ],
        "type": "LineString"
      }
    },
    {
      "type": "Feature",
      "id": "d5-richmond-lodging-to-gnome-raven",
      "properties": {
        "feature_kind": "drive_leg",
        "route_id": "route-10",
        "day": 5,
        "date": "2026-10-08",
        "from": "richmond-lodging",
        "to": "gnome-raven",
        "distance_miles": 3.8,
        "baseline_minutes": 9,
        "traffic_risk": "medium",
        "map_color": "#DB2777",
        "energy_rebuild": true
      },
      "geometry": {
        "coordinates": [
          [
            -77.467869,
            37.60886
          ],
          [
            -77.466662,
            37.596038
          ],
          [
            -77.464153,
            37.590579
          ],
          [
            -77.464086,
            37.587904
          ],
          [
            -77.462798,
            37.585237
          ],
          [
            -77.461679,
            37.578239
          ],
          [
            -77.459862,
            37.576804
          ],
          [
            -77.455831,
            37.575051
          ],
          [
            -77.453727,
            37.572716
          ],
          [
            -77.449334,
            37.572311
          ],
          [
            -77.447908,
            37.561379
          ],
          [
            -77.447894,
            37.561991
          ]
        ],
        "type": "LineString"
      }
    },
    {
      "type": "Feature",
      "id": "d5-gnome-raven-to-farmville-break",
      "properties": {
        "feature_kind": "drive_leg",
        "route_id": "route-10",
        "day": 5,
        "date": "2026-10-08",
        "from": "gnome-raven",
        "to": "farmville-break",
        "distance_miles": 65.2,
        "baseline_minutes": 93,
        "traffic_risk": "medium",
        "map_color": "#DB2777",
        "energy_rebuild": true
      },
      "geometry": {
        "coordinates": [
          [
            -77.447894,
            37.561991
          ],
          [
            -77.442067,
            37.555122
          ],
          [
            -77.449121,
            37.543111
          ],
          [
            -77.482587,
            37.549968
          ],
          [
            -77.503071,
            37.535213
          ],
          [
            -77.530115,
            37.525251
          ],
          [
            -77.538762,
            37.511672
          ],
          [
            -77.556865,
            37.502064
          ],
          [
            -77.585518,
            37.467156
          ],
          [
            -77.640361,
            37.462945
          ],
          [
            -77.632453,
            37.423577
          ],
          [
            -77.662891,
            37.404901
          ],
          [
            -77.698048,
            37.402062
          ],
          [
            -77.754786,
            37.38797
          ],
          [
            -77.779616,
            37.395228
          ],
          [
            -77.794741,
            37.392532
          ],
          [
            -77.823106,
            37.363215
          ],
          [
            -77.839118,
            37.355463
          ],
          [
            -77.886683,
            37.358925
          ],
          [
            -77.905871,
            37.368691
          ],
          [
            -77.926237,
            37.370506
          ],
          [
            -77.973029,
            37.355937
          ],
          [
            -77.991338,
            37.340978
          ],
          [
            -78.092148,
            37.300142
          ],
          [
            -78.120374,
            37.274902
          ],
          [
            -78.163345,
            37.272856
          ],
          [
            -78.198785,
            37.280774
          ],
          [
            -78.237449,
            37.274848
          ],
          [
            -78.32669,
            37.274836
          ],
          [
            -78.362137,
            37.279964
          ],
          [
            -78.391926,
            37.302061
          ]
        ],
        "type": "LineString"
      }
    },
    {
      "type": "Feature",
      "id": "d5-farmville-break-to-vir-kart",
      "properties": {
        "feature_kind": "drive_leg",
        "route_id": "route-10",
        "day": 5,
        "date": "2026-10-08",
        "from": "farmville-break",
        "to": "vir-kart",
        "distance_miles": 82.3,
        "baseline_minutes": 120,
        "traffic_risk": "medium",
        "map_color": "#DB2777",
        "energy_rebuild": true
      },
      "geometry": {
        "coordinates": [
          [
            -78.391926,
            37.302061
          ],
          [
            -78.415012,
            37.257113
          ],
          [
            -78.444082,
            37.24604
          ],
          [
            -78.444354,
            37.20926
          ],
          [
            -78.430021,
            37.184775
          ],
          [
            -78.451462,
            37.125117
          ],
          [
            -78.473134,
            37.097893
          ],
          [
            -78.4705,
            37.032477
          ],
          [
            -78.507144,
            36.93217
          ],
          [
            -78.565887,
            36.874984
          ],
          [
            -78.632267,
            36.839905
          ],
          [
            -78.747552,
            36.814727
          ],
          [
            -78.79737,
            36.791824
          ],
          [
            -78.839259,
            36.758159
          ],
          [
            -78.859117,
            36.719705
          ],
          [
            -78.88808,
            36.706534
          ],
          [
            -78.887562,
            36.689069
          ],
          [
            -78.951225,
            36.674885
          ],
          [
            -79.09271,
            36.586106
          ],
          [
            -79.140496,
            36.584628
          ],
          [
            -79.141215,
            36.557654
          ],
          [
            -79.154691,
            36.545739
          ],
          [
            -79.177503,
            36.560143
          ],
          [
            -79.192785,
            36.549736
          ],
          [
            -79.207249,
            36.56831
          ]
        ],
        "type": "LineString"
      }
    },
    {
      "type": "Feature",
      "id": "d5-vir-kart-to-danville-lodging",
      "properties": {
        "feature_kind": "drive_leg",
        "route_id": "route-10",
        "day": 5,
        "date": "2026-10-08",
        "from": "vir-kart",
        "to": "danville-lodging",
        "distance_miles": 15.6,
        "baseline_minutes": 32,
        "traffic_risk": "medium",
        "map_color": "#DB2777",
        "energy_rebuild": true
      },
      "geometry": {
        "coordinates": [
          [
            -79.207249,
            36.56831
          ],
          [
            -79.208444,
            36.566653
          ],
          [
            -79.206101,
            36.561956
          ],
          [
            -79.202341,
            36.560892
          ],
          [
            -79.200394,
            36.553711
          ],
          [
            -79.195813,
            36.55235
          ],
          [
            -79.192785,
            36.549736
          ],
          [
            -79.197911,
            36.546354
          ],
          [
            -79.200104,
            36.537174
          ],
          [
            -79.219198,
            36.542642
          ],
          [
            -79.226854,
            36.55023
          ],
          [
            -79.239556,
            36.553482
          ],
          [
            -79.245655,
            36.557167
          ],
          [
            -79.251149,
            36.567331
          ],
          [
            -79.251148,
            36.572541
          ],
          [
            -79.259413,
            36.576539
          ],
          [
            -79.26216,
            36.580815
          ],
          [
            -79.344394,
            36.581152
          ],
          [
            -79.372617,
            36.586631
          ],
          [
            -79.379754,
            36.586854
          ],
          [
            -79.38743,
            36.591206
          ],
          [
            -79.394985,
            36.586015
          ]
        ],
        "type": "LineString"
      }
    },
    {
      "type": "Feature",
      "id": "d6-danville-lodging-to-virginia-transportation",
      "properties": {
        "feature_kind": "drive_leg",
        "route_id": "route-10",
        "day": 6,
        "date": "2026-10-09",
        "from": "danville-lodging",
        "to": "virginia-transportation",
        "distance_miles": 82,
        "baseline_minutes": 119,
        "traffic_risk": "medium",
        "map_color": "#DB2777",
        "energy_rebuild": true
      },
      "geometry": {
        "coordinates": [
          [
            -79.394985,
            36.586015
          ],
          [
            -79.378943,
            36.600925
          ],
          [
            -79.363642,
            36.605372
          ],
          [
            -79.360785,
            36.612834
          ],
          [
            -79.366232,
            36.666539
          ],
          [
            -79.360897,
            36.693475
          ],
          [
            -79.384584,
            36.722323
          ],
          [
            -79.378047,
            36.745051
          ],
          [
            -79.388648,
            36.756505
          ],
          [
            -79.393957,
            36.781851
          ],
          [
            -79.393184,
            36.80509
          ],
          [
            -79.382262,
            36.817469
          ],
          [
            -79.380525,
            36.832721
          ],
          [
            -79.409148,
            36.872853
          ],
          [
            -79.407386,
            36.884006
          ],
          [
            -79.375578,
            36.92626
          ],
          [
            -79.377817,
            36.953928
          ],
          [
            -79.422494,
            36.954335
          ],
          [
            -79.464412,
            36.945097
          ],
          [
            -79.50432,
            36.943678
          ],
          [
            -79.536143,
            36.956031
          ],
          [
            -79.559975,
            36.955094
          ],
          [
            -79.629828,
            36.98348
          ],
          [
            -79.690741,
            36.99709
          ],
          [
            -79.721249,
            36.993021
          ],
          [
            -79.730094,
            36.985535
          ],
          [
            -79.745179,
            36.986319
          ],
          [
            -79.764302,
            36.98998
          ],
          [
            -79.770532,
            37.002791
          ],
          [
            -79.811437,
            37.019836
          ],
          [
            -79.827248,
            37.015447
          ],
          [
            -79.858484,
            37.017967
          ],
          [
            -79.840017,
            37.055353
          ],
          [
            -79.828852,
            37.061406
          ],
          [
            -79.822254,
            37.078846
          ],
          [
            -79.825451,
            37.088481
          ],
          [
            -79.816106,
            37.10463
          ],
          [
            -79.860862,
            37.136504
          ],
          [
            -79.876498,
            37.157874
          ],
          [
            -79.870278,
            37.173418
          ],
          [
            -79.884617,
            37.193815
          ],
          [
            -79.882359,
            37.209372
          ],
          [
            -79.904207,
            37.228609
          ],
          [
            -79.914956,
            37.2503
          ],
          [
            -79.925747,
            37.252491
          ],
          [
            -79.928786,
            37.269202
          ],
          [
            -79.940878,
            37.266923
          ],
          [
            -79.94234,
            37.274617
          ],
          [
            -79.946249,
            37.274012
          ]
        ],
        "type": "LineString"
      }
    },
    {
      "type": "Feature",
      "id": "d6-virginia-transportation-to-roanoke-pinball",
      "properties": {
        "feature_kind": "drive_leg",
        "route_id": "route-10",
        "day": 6,
        "date": "2026-10-09",
        "from": "virginia-transportation",
        "to": "roanoke-pinball",
        "distance_miles": 0.7,
        "baseline_minutes": 4,
        "traffic_risk": "medium",
        "map_color": "#DB2777",
        "energy_rebuild": true
      },
      "geometry": {
        "coordinates": [
          [
            -79.946249,
            37.274012
          ],
          [
            -79.946278,
            37.27402
          ],
          [
            -79.94603,
            37.274565
          ],
          [
            -79.943812,
            37.273848
          ],
          [
            -79.943731,
            37.273922
          ],
          [
            -79.943581,
            37.273953
          ],
          [
            -79.942746,
            37.273967
          ],
          [
            -79.942577,
            37.274029
          ],
          [
            -79.94241,
            37.274174
          ],
          [
            -79.942355,
            37.274314
          ],
          [
            -79.94234,
            37.274617
          ],
          [
            -79.943306,
            37.274841
          ],
          [
            -79.944148,
            37.273726
          ],
          [
            -79.944321,
            37.273333
          ],
          [
            -79.944407,
            37.272661
          ],
          [
            -79.944431,
            37.272165
          ],
          [
            -79.944354,
            37.271678
          ],
          [
            -79.942543,
            37.271852
          ],
          [
            -79.941504,
            37.271844
          ]
        ],
        "type": "LineString"
      }
    },
    {
      "type": "Feature",
      "id": "d6-roanoke-pinball-to-roanoke-star",
      "properties": {
        "feature_kind": "drive_leg",
        "route_id": "route-10",
        "day": 6,
        "date": "2026-10-09",
        "from": "roanoke-pinball",
        "to": "roanoke-star",
        "distance_miles": 2.3,
        "baseline_minutes": 7,
        "traffic_risk": "medium",
        "map_color": "#DB2777",
        "energy_rebuild": true
      },
      "geometry": {
        "coordinates": [
          [
            -79.941504,
            37.271844
          ],
          [
            -79.951188,
            37.271158
          ],
          [
            -79.954101,
            37.271133
          ],
          [
            -79.963792,
            37.270663
          ],
          [
            -79.963982,
            37.269983
          ],
          [
            -79.966471,
            37.267865
          ],
          [
            -79.969405,
            37.267399
          ],
          [
            -79.970244,
            37.268084
          ],
          [
            -79.972379,
            37.269005
          ],
          [
            -79.975194,
            37.27017
          ],
          [
            -79.978221,
            37.271102
          ],
          [
            -79.978579,
            37.270352
          ],
          [
            -79.978178,
            37.270229
          ]
        ],
        "type": "LineString"
      }
    },
    {
      "type": "Feature",
      "id": "d6-roanoke-star-to-roanoke-lodging",
      "properties": {
        "feature_kind": "drive_leg",
        "route_id": "route-10",
        "day": 6,
        "date": "2026-10-09",
        "from": "roanoke-star",
        "to": "roanoke-lodging",
        "distance_miles": 2.2,
        "baseline_minutes": 7,
        "traffic_risk": "medium",
        "map_color": "#DB2777",
        "energy_rebuild": true
      },
      "geometry": {
        "coordinates": [
          [
            -79.978178,
            37.270229
          ],
          [
            -79.978579,
            37.270352
          ],
          [
            -79.978221,
            37.271102
          ],
          [
            -79.974283,
            37.269805
          ],
          [
            -79.970244,
            37.268084
          ],
          [
            -79.969405,
            37.267399
          ],
          [
            -79.966471,
            37.267865
          ],
          [
            -79.963982,
            37.269983
          ],
          [
            -79.963792,
            37.270663
          ],
          [
            -79.949993,
            37.271256
          ],
          [
            -79.949682,
            37.273558
          ],
          [
            -79.94885,
            37.275378
          ],
          [
            -79.950986,
            37.276029
          ]
        ],
        "type": "LineString"
      }
    },
    {
      "type": "Feature",
      "id": "d7-roanoke-lodging-to-natural-chimneys",
      "properties": {
        "feature_kind": "drive_leg",
        "route_id": "route-10",
        "day": 7,
        "date": "2026-10-10",
        "from": "roanoke-lodging",
        "to": "natural-chimneys",
        "distance_miles": 108.5,
        "baseline_minutes": 137,
        "traffic_risk": "high",
        "map_color": "#DB2777",
        "energy_rebuild": true
      },
      "geometry": {
        "coordinates": [
          [
            -79.950986,
            37.276029
          ],
          [
            -79.937194,
            37.281442
          ],
          [
            -79.939679,
            37.28872
          ],
          [
            -79.98096,
            37.315718
          ],
          [
            -79.993627,
            37.343524
          ],
          [
            -79.970189,
            37.359796
          ],
          [
            -79.920744,
            37.368385
          ],
          [
            -79.861073,
            37.445285
          ],
          [
            -79.688511,
            37.531488
          ],
          [
            -79.614567,
            37.608912
          ],
          [
            -79.59292,
            37.612311
          ],
          [
            -79.551608,
            37.650266
          ],
          [
            -79.505963,
            37.669349
          ],
          [
            -79.436997,
            37.722647
          ],
          [
            -79.361994,
            37.849812
          ],
          [
            -79.280898,
            37.887699
          ],
          [
            -79.227929,
            37.932283
          ],
          [
            -79.170359,
            38.004489
          ],
          [
            -79.131715,
            38.031081
          ],
          [
            -79.059813,
            38.105313
          ],
          [
            -79.068949,
            38.123346
          ],
          [
            -79.116315,
            38.146653
          ],
          [
            -79.095143,
            38.180109
          ],
          [
            -79.13452,
            38.217916
          ],
          [
            -79.169041,
            38.229832
          ],
          [
            -79.13652,
            38.285451
          ],
          [
            -79.078346,
            38.327708
          ],
          [
            -79.089884,
            38.348524
          ],
          [
            -79.085576,
            38.360862
          ]
        ],
        "type": "LineString"
      }
    },
    {
      "type": "Feature",
      "id": "d7-natural-chimneys-to-winchester-break",
      "properties": {
        "feature_kind": "drive_leg",
        "route_id": "route-10",
        "day": 7,
        "date": "2026-10-10",
        "from": "natural-chimneys",
        "to": "winchester-break",
        "distance_miles": 87.7,
        "baseline_minutes": 109,
        "traffic_risk": "high",
        "map_color": "#DB2777",
        "energy_rebuild": true
      },
      "geometry": {
        "coordinates": [
          [
            -79.085576,
            38.360862
          ],
          [
            -79.077394,
            38.388601
          ],
          [
            -79.03543,
            38.396908
          ],
          [
            -78.993972,
            38.379697
          ],
          [
            -78.974702,
            38.383854
          ],
          [
            -78.926192,
            38.356781
          ],
          [
            -78.907243,
            38.402179
          ],
          [
            -78.824399,
            38.461791
          ],
          [
            -78.681103,
            38.640375
          ],
          [
            -78.654672,
            38.691852
          ],
          [
            -78.660211,
            38.718935
          ],
          [
            -78.649699,
            38.747925
          ],
          [
            -78.617936,
            38.776116
          ],
          [
            -78.598741,
            38.809189
          ],
          [
            -78.538139,
            38.855042
          ],
          [
            -78.484686,
            38.926054
          ],
          [
            -78.411294,
            38.989171
          ],
          [
            -78.356185,
            39.01471
          ],
          [
            -78.311362,
            39.00439
          ],
          [
            -78.268903,
            39.028531
          ],
          [
            -78.212164,
            39.084723
          ],
          [
            -78.155024,
            39.161865
          ],
          [
            -78.163419,
            39.185727
          ]
        ],
        "type": "LineString"
      }
    },
    {
      "type": "Feature",
      "id": "d7-winchester-break-to-chambersburg-lodging",
      "properties": {
        "feature_kind": "drive_leg",
        "route_id": "route-10",
        "day": 7,
        "date": "2026-10-10",
        "from": "winchester-break",
        "to": "chambersburg-lodging",
        "distance_miles": 63.8,
        "baseline_minutes": 78,
        "traffic_risk": "high",
        "map_color": "#DB2777",
        "energy_rebuild": true
      },
      "geometry": {
        "coordinates": [
          [
            -78.163419,
            39.185727
          ],
          [
            -78.134456,
            39.230499
          ],
          [
            -78.101284,
            39.256033
          ],
          [
            -78.025279,
            39.405004
          ],
          [
            -77.989869,
            39.438203
          ],
          [
            -77.989609,
            39.468938
          ],
          [
            -77.973633,
            39.488451
          ],
          [
            -77.936019,
            39.509548
          ],
          [
            -77.879932,
            39.578321
          ],
          [
            -77.813683,
            39.588996
          ],
          [
            -77.737502,
            39.666351
          ],
          [
            -77.7331,
            39.689021
          ],
          [
            -77.742694,
            39.709228
          ],
          [
            -77.726554,
            39.727263
          ],
          [
            -77.728535,
            39.753133
          ],
          [
            -77.682225,
            39.867539
          ],
          [
            -77.663078,
            39.899569
          ],
          [
            -77.646382,
            39.909272
          ],
          [
            -77.661391,
            39.93705
          ]
        ],
        "type": "LineString"
      }
    },
    {
      "type": "Feature",
      "id": "d8-chambersburg-lodging-to-st-mary-orthodox",
      "properties": {
        "feature_kind": "drive_leg",
        "route_id": "route-10",
        "day": 8,
        "date": "2026-10-11",
        "from": "chambersburg-lodging",
        "to": "st-mary-orthodox",
        "distance_miles": 0.5,
        "baseline_minutes": 2,
        "traffic_risk": "medium",
        "map_color": "#DB2777",
        "energy_rebuild": true
      },
      "geometry": {
        "coordinates": [
          [
            -77.661391,
            39.93705
          ],
          [
            -77.661631,
            39.93592
          ],
          [
            -77.65748,
            39.93538
          ],
          [
            -77.65802,
            39.933003
          ]
        ],
        "type": "LineString"
      }
    },
    {
      "type": "Feature",
      "id": "d8-st-mary-orthodox-to-ebt-shop",
      "properties": {
        "feature_kind": "drive_leg",
        "route_id": "route-10",
        "day": 8,
        "date": "2026-10-11",
        "from": "st-mary-orthodox",
        "to": "ebt-shop",
        "distance_miles": 37.3,
        "baseline_minutes": 65,
        "traffic_risk": "medium",
        "map_color": "#DB2777",
        "energy_rebuild": true
      },
      "geometry": {
        "coordinates": [
          [
            -77.65802,
            39.933003
          ],
          [
            -77.65991,
            39.934066
          ],
          [
            -77.657893,
            39.943271
          ],
          [
            -77.647463,
            39.950757
          ],
          [
            -77.62528,
            39.979246
          ],
          [
            -77.628655,
            39.988377
          ],
          [
            -77.626906,
            40.003118
          ],
          [
            -77.640719,
            40.023716
          ],
          [
            -77.642287,
            40.03151
          ],
          [
            -77.657127,
            40.047045
          ],
          [
            -77.642424,
            40.069486
          ],
          [
            -77.639045,
            40.080271
          ],
          [
            -77.640562,
            40.086458
          ],
          [
            -77.658326,
            40.095725
          ],
          [
            -77.66184,
            40.101117
          ],
          [
            -77.662398,
            40.110425
          ],
          [
            -77.671584,
            40.112035
          ],
          [
            -77.67576,
            40.116579
          ],
          [
            -77.687671,
            40.121698
          ],
          [
            -77.70053,
            40.116117
          ],
          [
            -77.706416,
            40.117998
          ],
          [
            -77.707522,
            40.122502
          ],
          [
            -77.711326,
            40.12171
          ],
          [
            -77.71589,
            40.123717
          ],
          [
            -77.717627,
            40.127475
          ],
          [
            -77.744545,
            40.114202
          ],
          [
            -77.75657,
            40.11583
          ],
          [
            -77.760479,
            40.123361
          ],
          [
            -77.765154,
            40.124771
          ],
          [
            -77.76788,
            40.139983
          ],
          [
            -77.78611,
            40.158623
          ],
          [
            -77.791018,
            40.160453
          ],
          [
            -77.790591,
            40.164525
          ],
          [
            -77.805041,
            40.153001
          ],
          [
            -77.800069,
            40.166835
          ],
          [
            -77.814823,
            40.159028
          ],
          [
            -77.826441,
            40.162579
          ],
          [
            -77.841374,
            40.163514
          ],
          [
            -77.860058,
            40.184675
          ],
          [
            -77.880225,
            40.18874
          ],
          [
            -77.884142,
            40.191402
          ],
          [
            -77.884513,
            40.196009
          ],
          [
            -77.874336,
            40.211677
          ],
          [
            -77.874981,
            40.219309
          ],
          [
            -77.871346,
            40.228539
          ],
          [
            -77.873713,
            40.23196
          ],
          [
            -77.887921,
            40.23766
          ],
          [
            -77.895627,
            40.245297
          ]
        ],
        "type": "LineString"
      }
    },
    {
      "type": "Feature",
      "id": "d8-ebt-shop-to-ebt-steam",
      "properties": {
        "feature_kind": "drive_leg",
        "route_id": "route-10",
        "day": 8,
        "date": "2026-10-11",
        "from": "ebt-shop",
        "to": "ebt-steam",
        "distance_miles": 0.1,
        "baseline_minutes": 1,
        "traffic_risk": "medium",
        "map_color": "#DB2777",
        "energy_rebuild": true
      },
      "geometry": {
        "coordinates": [
          [
            -77.895627,
            40.245297
          ],
          [
            -77.895456,
            40.245427
          ],
          [
            -77.894723,
            40.244826
          ]
        ],
        "type": "LineString"
      }
    },
    {
      "type": "Feature",
      "id": "d8-ebt-steam-to-carlisle-lodging",
      "properties": {
        "feature_kind": "drive_leg",
        "route_id": "route-10",
        "day": 8,
        "date": "2026-10-11",
        "from": "ebt-steam",
        "to": "carlisle-lodging",
        "distance_miles": 55.9,
        "baseline_minutes": 83,
        "traffic_risk": "medium",
        "map_color": "#DB2777",
        "energy_rebuild": true
      },
      "geometry": {
        "coordinates": [
          [
            -77.894723,
            40.244826
          ],
          [
            -77.871346,
            40.228539
          ],
          [
            -77.883121,
            40.190266
          ],
          [
            -77.860058,
            40.184675
          ],
          [
            -77.839654,
            40.162744
          ],
          [
            -77.814823,
            40.159028
          ],
          [
            -77.799763,
            40.166724
          ],
          [
            -77.805186,
            40.153001
          ],
          [
            -77.790591,
            40.164525
          ],
          [
            -77.76788,
            40.139983
          ],
          [
            -77.765098,
            40.124686
          ],
          [
            -77.756717,
            40.115911
          ],
          [
            -77.747292,
            40.113964
          ],
          [
            -77.717497,
            40.127483
          ],
          [
            -77.701713,
            40.116411
          ],
          [
            -77.687926,
            40.121746
          ],
          [
            -77.671304,
            40.111924
          ],
          [
            -77.659838,
            40.1107
          ],
          [
            -77.630172,
            40.141757
          ],
          [
            -77.612426,
            40.152675
          ],
          [
            -77.612709,
            40.159117
          ],
          [
            -77.600734,
            40.16467
          ],
          [
            -77.374731,
            40.202448
          ],
          [
            -77.23892,
            40.208325
          ],
          [
            -77.149105,
            40.22929
          ],
          [
            -77.183231,
            40.210028
          ],
          [
            -77.189018,
            40.200871
          ]
        ],
        "type": "LineString"
      }
    },
    {
      "type": "Feature",
      "id": "d9-carlisle-lodging-to-martin-guitar",
      "properties": {
        "feature_kind": "drive_leg",
        "route_id": "route-10",
        "day": 9,
        "date": "2026-10-12",
        "from": "carlisle-lodging",
        "to": "martin-guitar",
        "distance_miles": 113,
        "baseline_minutes": 144,
        "traffic_risk": "medium",
        "map_color": "#DB2777",
        "energy_rebuild": true
      },
      "geometry": {
        "coordinates": [
          [
            -77.189018,
            40.200871
          ],
          [
            -77.157559,
            40.19785
          ],
          [
            -77.151819,
            40.218755
          ],
          [
            -77.120298,
            40.240076
          ],
          [
            -77.084095,
            40.245689
          ],
          [
            -77.038049,
            40.271185
          ],
          [
            -76.987214,
            40.276396
          ],
          [
            -76.975079,
            40.298942
          ],
          [
            -76.926343,
            40.31604
          ],
          [
            -76.855927,
            40.301735
          ],
          [
            -76.808745,
            40.32496
          ],
          [
            -76.760162,
            40.331401
          ],
          [
            -76.588569,
            40.413281
          ],
          [
            -76.504481,
            40.429043
          ],
          [
            -76.460483,
            40.447838
          ],
          [
            -76.400846,
            40.451343
          ],
          [
            -76.107116,
            40.516521
          ],
          [
            -75.961357,
            40.570465
          ],
          [
            -75.724439,
            40.581367
          ],
          [
            -75.652046,
            40.575071
          ],
          [
            -75.603904,
            40.583702
          ],
          [
            -75.340168,
            40.67796
          ],
          [
            -75.3095,
            40.739788
          ]
        ],
        "type": "LineString"
      }
    },
    {
      "type": "Feature",
      "id": "d9-martin-guitar-to-hickory-run-boulder-field",
      "properties": {
        "feature_kind": "drive_leg",
        "route_id": "route-10",
        "day": 9,
        "date": "2026-10-12",
        "from": "martin-guitar",
        "to": "hickory-run-boulder-field",
        "distance_miles": 47.2,
        "baseline_minutes": 94,
        "traffic_risk": "medium",
        "map_color": "#DB2777",
        "energy_rebuild": true
      },
      "geometry": {
        "coordinates": [
          [
            -75.3095,
            40.739788
          ],
          [
            -75.309527,
            40.742507
          ],
          [
            -75.305906,
            40.742503
          ],
          [
            -75.304688,
            40.747792
          ],
          [
            -75.267087,
            40.755995
          ],
          [
            -75.272497,
            40.759882
          ],
          [
            -75.300418,
            40.808668
          ],
          [
            -75.297197,
            40.823839
          ],
          [
            -75.303216,
            40.846147
          ],
          [
            -75.300489,
            40.85379
          ],
          [
            -75.294039,
            40.860221
          ],
          [
            -75.297346,
            40.867363
          ],
          [
            -75.309589,
            40.870511
          ],
          [
            -75.313404,
            40.873827
          ],
          [
            -75.313452,
            40.878101
          ],
          [
            -75.308717,
            40.883877
          ],
          [
            -75.312806,
            40.893383
          ],
          [
            -75.310788,
            40.896015
          ],
          [
            -75.314761,
            40.892517
          ],
          [
            -75.335041,
            40.901708
          ],
          [
            -75.358222,
            40.92242
          ],
          [
            -75.372987,
            40.922906
          ],
          [
            -75.381282,
            40.925614
          ],
          [
            -75.399034,
            40.923415
          ],
          [
            -75.430884,
            40.933512
          ],
          [
            -75.442739,
            40.946571
          ],
          [
            -75.445022,
            40.976263
          ],
          [
            -75.46238,
            41.001963
          ],
          [
            -75.472027,
            41.003531
          ],
          [
            -75.515748,
            41.044116
          ],
          [
            -75.53231,
            41.05308
          ],
          [
            -75.552078,
            41.057798
          ],
          [
            -75.55343,
            41.053209
          ],
          [
            -75.557902,
            41.050175
          ],
          [
            -75.585125,
            41.043314
          ],
          [
            -75.584201,
            41.036164
          ],
          [
            -75.58999,
            41.01797
          ],
          [
            -75.610468,
            41.018032
          ],
          [
            -75.631538,
            41.013239
          ],
          [
            -75.637722,
            41.009158
          ],
          [
            -75.691554,
            41.026598
          ],
          [
            -75.699696,
            41.026629
          ],
          [
            -75.691939,
            41.042245
          ],
          [
            -75.671854,
            41.045284
          ],
          [
            -75.658107,
            41.051535
          ],
          [
            -75.645338,
            41.050436
          ]
        ],
        "type": "LineString"
      }
    },
    {
      "type": "Feature",
      "id": "d9-hickory-run-boulder-field-to-tannersville-lodging",
      "properties": {
        "feature_kind": "drive_leg",
        "route_id": "route-10",
        "day": 9,
        "date": "2026-10-12",
        "from": "hickory-run-boulder-field",
        "to": "tannersville-lodging",
        "distance_miles": 32.8,
        "baseline_minutes": 74,
        "traffic_risk": "medium",
        "map_color": "#DB2777",
        "energy_rebuild": true
      },
      "geometry": {
        "coordinates": [
          [
            -75.645338,
            41.050436
          ],
          [
            -75.661058,
            41.050837
          ],
          [
            -75.654706,
            41.034102
          ],
          [
            -75.674386,
            41.037137
          ],
          [
            -75.681638,
            41.032585
          ],
          [
            -75.696138,
            41.032235
          ],
          [
            -75.699696,
            41.026629
          ],
          [
            -75.691554,
            41.026598
          ],
          [
            -75.664836,
            41.01691
          ],
          [
            -75.651221,
            41.014612
          ],
          [
            -75.639558,
            41.009
          ],
          [
            -75.631538,
            41.013239
          ],
          [
            -75.610468,
            41.018032
          ],
          [
            -75.58999,
            41.01797
          ],
          [
            -75.584201,
            41.036164
          ],
          [
            -75.585125,
            41.043314
          ],
          [
            -75.559157,
            41.049669
          ],
          [
            -75.552992,
            41.053961
          ],
          [
            -75.552078,
            41.057798
          ],
          [
            -75.557266,
            41.059997
          ],
          [
            -75.565374,
            41.070801
          ],
          [
            -75.576068,
            41.075672
          ],
          [
            -75.573392,
            41.076479
          ],
          [
            -75.5123,
            41.078054
          ],
          [
            -75.493777,
            41.072282
          ],
          [
            -75.471588,
            41.07432
          ],
          [
            -75.44221,
            41.070953
          ],
          [
            -75.417325,
            41.071661
          ],
          [
            -75.392464,
            41.068687
          ],
          [
            -75.372909,
            41.062545
          ],
          [
            -75.353823,
            41.06503
          ],
          [
            -75.332194,
            41.06122
          ],
          [
            -75.319077,
            41.054436
          ],
          [
            -75.312838,
            41.038792
          ],
          [
            -75.319077,
            41.036802
          ],
          [
            -75.320827,
            41.0397
          ]
        ],
        "type": "LineString"
      }
    },
    {
      "type": "Feature",
      "id": "d10-tannersville-lodging-to-pocono-outlets",
      "properties": {
        "feature_kind": "drive_leg",
        "route_id": "route-10",
        "day": 10,
        "date": "2026-10-13",
        "from": "tannersville-lodging",
        "to": "pocono-outlets",
        "distance_miles": 0.2,
        "baseline_minutes": 1,
        "traffic_risk": "medium",
        "map_color": "#DB2777",
        "energy_rebuild": true
      },
      "geometry": {
        "coordinates": [
          [
            -75.320827,
            41.0397
          ],
          [
            -75.321002,
            41.039973
          ],
          [
            -75.321826,
            41.040716
          ],
          [
            -75.322301,
            41.041529
          ],
          [
            -75.322288,
            41.04265
          ]
        ],
        "type": "LineString"
      }
    },
    {
      "type": "Feature",
      "id": "d10-pocono-outlets-to-pyramid-mountain",
      "properties": {
        "feature_kind": "drive_leg",
        "route_id": "route-10",
        "day": 10,
        "date": "2026-10-13",
        "from": "pocono-outlets",
        "to": "pyramid-mountain",
        "distance_miles": 60.7,
        "baseline_minutes": 85,
        "traffic_risk": "medium",
        "map_color": "#DB2777",
        "energy_rebuild": true
      },
      "geometry": {
        "coordinates": [
          [
            -75.322288,
            41.04265
          ],
          [
            -75.319077,
            41.036802
          ],
          [
            -75.312211,
            41.036826
          ],
          [
            -75.297645,
            41.011652
          ],
          [
            -75.235041,
            40.986628
          ],
          [
            -75.197683,
            40.978716
          ],
          [
            -75.164589,
            40.995074
          ],
          [
            -75.145406,
            40.997383
          ],
          [
            -75.132501,
            40.971675
          ],
          [
            -75.119653,
            40.969849
          ],
          [
            -75.11592,
            40.954566
          ],
          [
            -75.101933,
            40.933619
          ],
          [
            -75.088914,
            40.927326
          ],
          [
            -75.073214,
            40.929519
          ],
          [
            -75.061916,
            40.922432
          ],
          [
            -75.013215,
            40.935108
          ],
          [
            -74.957709,
            40.923878
          ],
          [
            -74.901228,
            40.93021
          ],
          [
            -74.872828,
            40.922999
          ],
          [
            -74.811379,
            40.916677
          ],
          [
            -74.787873,
            40.924535
          ],
          [
            -74.776346,
            40.916553
          ],
          [
            -74.731429,
            40.909709
          ],
          [
            -74.711307,
            40.89157
          ],
          [
            -74.685473,
            40.889897
          ],
          [
            -74.650231,
            40.892769
          ],
          [
            -74.59542,
            40.908639
          ],
          [
            -74.511958,
            40.911145
          ],
          [
            -74.496821,
            40.905349
          ],
          [
            -74.488488,
            40.895697
          ],
          [
            -74.458413,
            40.883781
          ],
          [
            -74.428846,
            40.900136
          ],
          [
            -74.424771,
            40.906819
          ],
          [
            -74.412169,
            40.905524
          ],
          [
            -74.392778,
            40.941416
          ],
          [
            -74.398326,
            40.946752
          ]
        ],
        "type": "LineString"
      }
    },
    {
      "type": "Feature",
      "id": "d10-pyramid-mountain-to-thirteenth-hour",
      "properties": {
        "feature_kind": "drive_leg",
        "route_id": "route-10",
        "day": 10,
        "date": "2026-10-13",
        "from": "pyramid-mountain",
        "to": "thirteenth-hour",
        "distance_miles": 14,
        "baseline_minutes": 27,
        "traffic_risk": "medium",
        "map_color": "#DB2777",
        "energy_rebuild": true
      },
      "geometry": {
        "coordinates": [
          [
            -74.398326,
            40.946752
          ],
          [
            -74.398541,
            40.944439
          ],
          [
            -74.392778,
            40.941416
          ],
          [
            -74.396153,
            40.936764
          ],
          [
            -74.401629,
            40.918273
          ],
          [
            -74.412169,
            40.905524
          ],
          [
            -74.416628,
            40.907835
          ],
          [
            -74.424771,
            40.906819
          ],
          [
            -74.425666,
            40.903691
          ],
          [
            -74.428846,
            40.900136
          ],
          [
            -74.435088,
            40.897126
          ],
          [
            -74.445223,
            40.889137
          ],
          [
            -74.455611,
            40.885746
          ],
          [
            -74.458349,
            40.883905
          ],
          [
            -74.468029,
            40.888859
          ],
          [
            -74.47862,
            40.891245
          ],
          [
            -74.483211,
            40.894907
          ],
          [
            -74.488592,
            40.897179
          ],
          [
            -74.496275,
            40.897471
          ],
          [
            -74.501351,
            40.896512
          ],
          [
            -74.511282,
            40.891168
          ],
          [
            -74.519671,
            40.891609
          ],
          [
            -74.531994,
            40.886037
          ],
          [
            -74.547444,
            40.888865
          ],
          [
            -74.561085,
            40.887307
          ],
          [
            -74.56625,
            40.885333
          ],
          [
            -74.572712,
            40.886439
          ],
          [
            -74.578438,
            40.885984
          ],
          [
            -74.581669,
            40.89306
          ]
        ],
        "type": "LineString"
      }
    },
    {
      "type": "Feature",
      "id": "d10-thirteenth-hour-to-danbury-lodging",
      "properties": {
        "feature_kind": "drive_leg",
        "route_id": "route-10",
        "day": 10,
        "date": "2026-10-13",
        "from": "thirteenth-hour",
        "to": "danbury-lodging",
        "distance_miles": 94.4,
        "baseline_minutes": 125,
        "traffic_risk": "medium",
        "map_color": "#DB2777",
        "energy_rebuild": true
      },
      "geometry": {
        "coordinates": [
          [
            -74.581669,
            40.89306
          ],
          [
            -74.581946,
            40.901078
          ],
          [
            -74.569629,
            40.90905
          ],
          [
            -74.509225,
            40.910834
          ],
          [
            -74.472647,
            40.887325
          ],
          [
            -74.459976,
            40.86955
          ],
          [
            -74.417577,
            40.863122
          ],
          [
            -74.420481,
            40.876542
          ],
          [
            -74.414221,
            40.899115
          ],
          [
            -74.362783,
            40.92124
          ],
          [
            -74.335412,
            40.961162
          ],
          [
            -74.309976,
            40.986739
          ],
          [
            -74.30069,
            41.013781
          ],
          [
            -74.289212,
            41.025061
          ],
          [
            -74.266672,
            41.023772
          ],
          [
            -74.248165,
            41.02879
          ],
          [
            -74.230133,
            41.026574
          ],
          [
            -74.217745,
            41.020266
          ],
          [
            -74.195815,
            41.031689
          ],
          [
            -74.184715,
            41.060451
          ],
          [
            -74.169519,
            41.08099
          ],
          [
            -74.168948,
            41.102295
          ],
          [
            -74.159418,
            41.117874
          ],
          [
            -74.13473,
            41.121249
          ],
          [
            -74.047754,
            41.096823
          ],
          [
            -74.020408,
            41.103909
          ],
          [
            -73.954169,
            41.100256
          ],
          [
            -73.931561,
            41.093251
          ],
          [
            -73.915266,
            41.071498
          ],
          [
            -73.873981,
            41.070757
          ],
          [
            -73.858611,
            41.061183
          ],
          [
            -73.835577,
            41.056504
          ],
          [
            -73.822288,
            41.058107
          ],
          [
            -73.833882,
            41.076963
          ],
          [
            -73.811518,
            41.097465
          ],
          [
            -73.809862,
            41.105994
          ],
          [
            -73.783672,
            41.120478
          ],
          [
            -73.796078,
            41.132885
          ],
          [
            -73.791024,
            41.142145
          ],
          [
            -73.735576,
            41.204236
          ],
          [
            -73.736129,
            41.214112
          ],
          [
            -73.676891,
            41.250114
          ],
          [
            -73.685777,
            41.270162
          ],
          [
            -73.673665,
            41.307487
          ],
          [
            -73.65809,
            41.32313
          ],
          [
            -73.653647,
            41.344135
          ],
          [
            -73.624157,
            41.367538
          ],
          [
            -73.604618,
            41.376617
          ],
          [
            -73.595402,
            41.388385
          ],
          [
            -73.57697,
            41.382868
          ],
          [
            -73.529152,
            41.392724
          ],
          [
            -73.48422,
            41.38348
          ],
          [
            -73.476621,
            41.3857
          ],
          [
            -73.475981,
            41.390859
          ],
          [
            -73.468658,
            41.388694
          ],
          [
            -73.454162,
            41.394965
          ]
        ],
        "type": "LineString"
      }
    },
    {
      "type": "Feature",
      "id": "d11-danbury-lodging-to-mine-hill-preserve",
      "properties": {
        "feature_kind": "drive_leg",
        "route_id": "route-10",
        "day": 11,
        "date": "2026-10-14",
        "from": "danbury-lodging",
        "to": "mine-hill-preserve",
        "distance_miles": 15.9,
        "baseline_minutes": 30,
        "traffic_risk": "high",
        "map_color": "#DB2777",
        "energy_rebuild": true
      },
      "geometry": {
        "coordinates": [
          [
            -73.454162,
            41.394965
          ],
          [
            -73.454293,
            41.39626
          ],
          [
            -73.447803,
            41.399233
          ],
          [
            -73.435617,
            41.399499
          ],
          [
            -73.430023,
            41.404176
          ],
          [
            -73.429199,
            41.408245
          ],
          [
            -73.420331,
            41.417779
          ],
          [
            -73.419773,
            41.420561
          ],
          [
            -73.416564,
            41.421811
          ],
          [
            -73.410277,
            41.428888
          ],
          [
            -73.411442,
            41.433502
          ],
          [
            -73.405051,
            41.442454
          ],
          [
            -73.401943,
            41.450784
          ],
          [
            -73.403137,
            41.455158
          ],
          [
            -73.392821,
            41.456512
          ],
          [
            -73.387449,
            41.465971
          ],
          [
            -73.38306,
            41.468192
          ],
          [
            -73.372519,
            41.469514
          ],
          [
            -73.363689,
            41.473039
          ],
          [
            -73.354423,
            41.473355
          ],
          [
            -73.351309,
            41.475098
          ],
          [
            -73.350411,
            41.481439
          ],
          [
            -73.351688,
            41.490158
          ],
          [
            -73.359697,
            41.505385
          ],
          [
            -73.360175,
            41.512836
          ],
          [
            -73.364739,
            41.524775
          ],
          [
            -73.366386,
            41.53513
          ],
          [
            -73.355609,
            41.53712
          ],
          [
            -73.354129,
            41.540511
          ],
          [
            -73.346905,
            41.544827
          ],
          [
            -73.343591,
            41.548773
          ],
          [
            -73.340052,
            41.549668
          ],
          [
            -73.332521,
            41.548573
          ],
          [
            -73.328634,
            41.553009
          ]
        ],
        "type": "LineString"
      }
    },
    {
      "type": "Feature",
      "id": "d11-mine-hill-preserve-to-hartford-break",
      "properties": {
        "feature_kind": "drive_leg",
        "route_id": "route-10",
        "day": 11,
        "date": "2026-10-14",
        "from": "mine-hill-preserve",
        "to": "hartford-break",
        "distance_miles": 50.8,
        "baseline_minutes": 72,
        "traffic_risk": "high",
        "map_color": "#DB2777",
        "energy_rebuild": true
      },
      "geometry": {
        "coordinates": [
          [
            -73.328634,
            41.553009
          ],
          [
            -73.331575,
            41.55779
          ],
          [
            -73.326485,
            41.568001
          ],
          [
            -73.315502,
            41.567381
          ],
          [
            -73.309175,
            41.557199
          ],
          [
            -73.29742,
            41.551132
          ],
          [
            -73.260669,
            41.51744
          ],
          [
            -73.24988,
            41.510486
          ],
          [
            -73.239648,
            41.507975
          ],
          [
            -73.236203,
            41.504197
          ],
          [
            -73.213355,
            41.498351
          ],
          [
            -73.213549,
            41.479879
          ],
          [
            -73.210704,
            41.476221
          ],
          [
            -73.162663,
            41.493437
          ],
          [
            -73.138067,
            41.508771
          ],
          [
            -73.092267,
            41.522329
          ],
          [
            -73.088583,
            41.525718
          ],
          [
            -73.084411,
            41.538211
          ],
          [
            -73.06858,
            41.547657
          ],
          [
            -73.05604,
            41.55102
          ],
          [
            -73.031615,
            41.55116
          ],
          [
            -73.024587,
            41.54298
          ],
          [
            -73.016542,
            41.539738
          ],
          [
            -73.00287,
            41.538027
          ],
          [
            -72.984144,
            41.543744
          ],
          [
            -72.966737,
            41.536767
          ],
          [
            -72.96128,
            41.536723
          ],
          [
            -72.954942,
            41.54081
          ],
          [
            -72.944699,
            41.542718
          ],
          [
            -72.931355,
            41.553733
          ],
          [
            -72.915253,
            41.561547
          ],
          [
            -72.898907,
            41.582366
          ],
          [
            -72.903269,
            41.594999
          ],
          [
            -72.899319,
            41.611529
          ],
          [
            -72.893217,
            41.618778
          ],
          [
            -72.868519,
            41.636102
          ],
          [
            -72.84414,
            41.668725
          ],
          [
            -72.839055,
            41.669994
          ],
          [
            -72.825682,
            41.668267
          ],
          [
            -72.821895,
            41.669796
          ],
          [
            -72.815056,
            41.687649
          ],
          [
            -72.793734,
            41.720369
          ],
          [
            -72.778903,
            41.726092
          ],
          [
            -72.758159,
            41.727354
          ],
          [
            -72.751665,
            41.733119
          ],
          [
            -72.740515,
            41.736359
          ],
          [
            -72.735291,
            41.741611
          ],
          [
            -72.73321,
            41.748623
          ],
          [
            -72.705428,
            41.749698
          ],
          [
            -72.701105,
            41.753276
          ],
          [
            -72.698838,
            41.760877
          ],
          [
            -72.68864,
            41.765773
          ],
          [
            -72.684037,
            41.765557
          ],
          [
            -72.685307,
            41.763708
          ]
        ],
        "type": "LineString"
      }
    },
    {
      "type": "Feature",
      "id": "d11-hartford-break-to-waterworks",
      "properties": {
        "feature_kind": "drive_leg",
        "route_id": "route-10",
        "day": 11,
        "date": "2026-10-14",
        "from": "hartford-break",
        "to": "waterworks",
        "distance_miles": 96.6,
        "baseline_minutes": 120,
        "traffic_risk": "high",
        "map_color": "#DB2777",
        "energy_rebuild": true
      },
      "geometry": {
        "coordinates": [
          [
            -72.685307,
            41.763708
          ],
          [
            -72.680027,
            41.771023
          ],
          [
            -72.633961,
            41.763195
          ],
          [
            -72.578698,
            41.773952
          ],
          [
            -72.553431,
            41.800971
          ],
          [
            -72.469261,
            41.830939
          ],
          [
            -72.4313,
            41.853775
          ],
          [
            -72.375173,
            41.856621
          ],
          [
            -72.292032,
            41.895305
          ],
          [
            -72.257461,
            41.925036
          ],
          [
            -72.202051,
            41.950616
          ],
          [
            -72.062321,
            42.128856
          ],
          [
            -71.756836,
            42.220728
          ],
          [
            -71.618119,
            42.229365
          ],
          [
            -71.557662,
            42.269541
          ],
          [
            -71.411699,
            42.315475
          ],
          [
            -71.367744,
            42.311335
          ],
          [
            -71.3166,
            42.333987
          ],
          [
            -71.260764,
            42.340031
          ],
          [
            -71.249766,
            42.347942
          ],
          [
            -71.223641,
            42.336729
          ],
          [
            -71.155629,
            42.331488
          ]
        ],
        "type": "LineString"
      }
    },
    {
      "type": "Feature",
      "id": "d11-waterworks-to-boston-logan-return",
      "properties": {
        "feature_kind": "drive_leg",
        "route_id": "route-10",
        "day": 11,
        "date": "2026-10-14",
        "from": "waterworks",
        "to": "boston-logan-return",
        "distance_miles": 8.7,
        "baseline_minutes": 21,
        "traffic_risk": "high",
        "map_color": "#DB2777",
        "energy_rebuild": true
      },
      "geometry": {
        "coordinates": [
          [
            -71.155629,
            42.331488
          ],
          [
            -71.1565,
            42.331752
          ],
          [
            -71.154794,
            42.332728
          ],
          [
            -71.153455,
            42.335286
          ],
          [
            -71.152538,
            42.335865
          ],
          [
            -71.150147,
            42.335871
          ],
          [
            -71.134476,
            42.339394
          ],
          [
            -71.128911,
            42.339832
          ],
          [
            -71.097163,
            42.348785
          ],
          [
            -71.091578,
            42.348843
          ],
          [
            -71.09135,
            42.350995
          ],
          [
            -71.073445,
            42.356145
          ],
          [
            -71.072119,
            42.359478
          ],
          [
            -71.072169,
            42.361886
          ],
          [
            -71.070934,
            42.362577
          ],
          [
            -71.068311,
            42.36618
          ],
          [
            -71.065416,
            42.366168
          ],
          [
            -71.063817,
            42.367724
          ],
          [
            -71.062005,
            42.367267
          ],
          [
            -71.057402,
            42.362718
          ],
          [
            -71.055097,
            42.361783
          ],
          [
            -71.037764,
            42.373574
          ],
          [
            -71.03667,
            42.373694
          ],
          [
            -71.033462,
            42.372431
          ],
          [
            -71.030697,
            42.37388
          ],
          [
            -71.026904,
            42.370255
          ],
          [
            -71.029421,
            42.367769
          ]
        ],
        "type": "LineString"
      }
    },
    {
      "type": "Feature",
      "id": "d11-boston-logan-return-to-boston-logan-hotel",
      "properties": {
        "feature_kind": "drive_leg",
        "route_id": "route-10",
        "day": 11,
        "date": "2026-10-14",
        "from": "boston-logan-return",
        "to": "boston-logan-hotel",
        "distance_miles": 1.1,
        "baseline_minutes": 4,
        "traffic_risk": "high",
        "map_color": "#DB2777",
        "energy_rebuild": true
      },
      "geometry": {
        "coordinates": [
          [
            -71.029421,
            42.367769
          ],
          [
            -71.02961,
            42.367518
          ],
          [
            -71.029577,
            42.367362
          ],
          [
            -71.028114,
            42.366661
          ],
          [
            -71.027786,
            42.36704
          ],
          [
            -71.028379,
            42.367289
          ],
          [
            -71.028631,
            42.367466
          ],
          [
            -71.028806,
            42.367745
          ],
          [
            -71.028808,
            42.36805
          ],
          [
            -71.028033,
            42.36905
          ],
          [
            -71.027852,
            42.369108
          ],
          [
            -71.027461,
            42.369514
          ],
          [
            -71.027084,
            42.369576
          ],
          [
            -71.026842,
            42.369478
          ],
          [
            -71.026673,
            42.369235
          ],
          [
            -71.026546,
            42.368312
          ],
          [
            -71.026381,
            42.367878
          ],
          [
            -71.026085,
            42.367474
          ],
          [
            -71.025727,
            42.36717
          ],
          [
            -71.024299,
            42.366404
          ],
          [
            -71.022319,
            42.365889
          ],
          [
            -71.019883,
            42.364853
          ],
          [
            -71.01937,
            42.364782
          ],
          [
            -71.018851,
            42.364889
          ],
          [
            -71.018546,
            42.365109
          ],
          [
            -71.017961,
            42.365836
          ],
          [
            -71.0171,
            42.366204
          ],
          [
            -71.017001,
            42.366367
          ],
          [
            -71.016767,
            42.366379
          ]
        ],
        "type": "LineString"
      }
    },
    {
      "type": "Feature",
      "id": "old-new-gate",
      "properties": {
        "feature_kind": "place",
        "route_id": "route-10",
        "place_id": "old-new-gate",
        "name": "Old New-Gate Prison & Copper Mine",
        "city": "East Granby",
        "state": "CT",
        "visit_date": "2026-10-04",
        "priority": "anchor",
        "included_in_magic_score": true,
        "energy_rebuild_role": "new-energy-anchor"
      },
      "geometry": {
        "type": "Point",
        "coordinates": [
          -72.7746,
          41.9589
        ]
      }
    },
    {
      "type": "Feature",
      "id": "baps-akshardham",
      "properties": {
        "feature_kind": "place",
        "route_id": "route-10",
        "place_id": "baps-akshardham",
        "name": "BAPS Swaminarayan Akshardham",
        "city": "Robbinsville",
        "state": "NJ",
        "visit_date": "2026-10-05",
        "priority": "anchor",
        "included_in_magic_score": true,
        "energy_rebuild_role": "active-core"
      },
      "geometry": {
        "type": "Point",
        "coordinates": [
          -74.5797529,
          40.2536907
        ]
      }
    },
    {
      "type": "Feature",
      "id": "hagley",
      "properties": {
        "feature_kind": "place",
        "route_id": "route-10",
        "place_id": "hagley",
        "name": "Hagley Powder Yards, Waterpower & Eleutherian Mills",
        "city": "Wilmington",
        "state": "DE",
        "visit_date": "2026-10-06",
        "priority": "anchor",
        "included_in_magic_score": true,
        "energy_rebuild_role": "active-core"
      },
      "geometry": {
        "type": "Point",
        "coordinates": [
          -75.6611,
          39.7756
        ]
      }
    },
    {
      "type": "Feature",
      "id": "herrs",
      "properties": {
        "feature_kind": "place",
        "route_id": "route-10",
        "place_id": "herrs",
        "name": "Herr's Snack Factory Tour",
        "city": "Nottingham",
        "state": "PA",
        "visit_date": "2026-10-06",
        "priority": "anchor",
        "included_in_magic_score": true,
        "energy_rebuild_role": "new-energy-anchor"
      },
      "geometry": {
        "type": "Point",
        "coordinates": [
          -76.0122,
          39.7447
        ]
      }
    },
    {
      "type": "Feature",
      "id": "government-island",
      "properties": {
        "feature_kind": "place",
        "route_id": "route-10",
        "place_id": "government-island",
        "name": "Government Island Aquia Sandstone Quarry & Boardwalk",
        "city": "Stafford",
        "state": "VA",
        "visit_date": "2026-10-07",
        "priority": "anchor",
        "included_in_magic_score": true,
        "energy_rebuild_role": "active-core"
      },
      "geometry": {
        "type": "Point",
        "coordinates": [
          -77.3884169,
          38.4468077
        ]
      }
    },
    {
      "type": "Feature",
      "id": "game-show-rush-hour",
      "properties": {
        "feature_kind": "place",
        "route_id": "route-10",
        "place_id": "game-show-rush-hour",
        "name": "The Game Show by Rush Hour",
        "city": "Fredericksburg",
        "state": "VA",
        "visit_date": "2026-10-07",
        "priority": "anchor",
        "included_in_magic_score": true,
        "energy_rebuild_role": "new-energy-anchor"
      },
      "geometry": {
        "type": "Point",
        "coordinates": [
          -77.4747,
          38.2997
        ]
      }
    },
    {
      "type": "Feature",
      "id": "belle-isle",
      "properties": {
        "feature_kind": "place",
        "route_id": "route-10",
        "place_id": "belle-isle",
        "name": "Belle Isle Industrial & Quarry Loop",
        "city": "Richmond",
        "state": "VA",
        "visit_date": "2026-10-07",
        "priority": "anchor",
        "included_in_magic_score": true,
        "energy_rebuild_role": "new-energy-anchor"
      },
      "geometry": {
        "type": "Point",
        "coordinates": [
          -77.4489,
          37.5311
        ]
      }
    },
    {
      "type": "Feature",
      "id": "gnome-raven",
      "properties": {
        "feature_kind": "place",
        "route_id": "route-10",
        "place_id": "gnome-raven",
        "name": "Gnome & Raven: Magic Lamp",
        "city": "Richmond",
        "state": "VA",
        "visit_date": "2026-10-08",
        "priority": "anchor",
        "included_in_magic_score": true,
        "energy_rebuild_role": "new-energy-anchor"
      },
      "geometry": {
        "type": "Point",
        "coordinates": [
          -77.4478,
          37.562
        ]
      }
    },
    {
      "type": "Feature",
      "id": "vir-kart",
      "properties": {
        "feature_kind": "place",
        "route_id": "route-10",
        "place_id": "vir-kart",
        "name": "Virginia International Raceway Kart Track",
        "city": "Alton",
        "state": "VA",
        "visit_date": "2026-10-08",
        "priority": "anchor",
        "included_in_magic_score": true,
        "energy_rebuild_role": "new-energy-anchor"
      },
      "geometry": {
        "type": "Point",
        "coordinates": [
          -79.205,
          36.568
        ]
      }
    },
    {
      "type": "Feature",
      "id": "virginia-transportation",
      "properties": {
        "feature_kind": "place",
        "route_id": "route-10",
        "place_id": "virginia-transportation",
        "name": "Virginia Museum of Transportation & Outdoor Railyard",
        "city": "Roanoke",
        "state": "VA",
        "visit_date": "2026-10-09",
        "priority": "anchor",
        "included_in_magic_score": true,
        "energy_rebuild_role": "active-core"
      },
      "geometry": {
        "type": "Point",
        "coordinates": [
          -79.9463,
          37.2739
        ]
      }
    },
    {
      "type": "Feature",
      "id": "roanoke-pinball",
      "properties": {
        "feature_kind": "place",
        "route_id": "route-10",
        "place_id": "roanoke-pinball",
        "name": "Roanoke Pinball Museum",
        "city": "Roanoke",
        "state": "VA",
        "visit_date": "2026-10-09",
        "priority": "anchor",
        "included_in_magic_score": true,
        "energy_rebuild_role": "active-core"
      },
      "geometry": {
        "type": "Point",
        "coordinates": [
          -79.9415,
          37.272
        ]
      }
    },
    {
      "type": "Feature",
      "id": "roanoke-star",
      "properties": {
        "feature_kind": "place",
        "route_id": "route-10",
        "place_id": "roanoke-star",
        "name": "Mill Mountain Roanoke Star & Blue Ridge Overlook",
        "city": "Roanoke",
        "state": "VA",
        "visit_date": "2026-10-09",
        "priority": "anchor",
        "included_in_magic_score": true,
        "energy_rebuild_role": "active-core"
      },
      "geometry": {
        "type": "Point",
        "coordinates": [
          -79.978,
          37.2705
        ]
      }
    },
    {
      "type": "Feature",
      "id": "natural-chimneys",
      "properties": {
        "feature_kind": "place",
        "route_id": "route-10",
        "place_id": "natural-chimneys",
        "name": "Natural Chimneys Park",
        "city": "Mount Solon",
        "state": "VA",
        "visit_date": "2026-10-10",
        "priority": "anchor",
        "included_in_magic_score": true,
        "energy_rebuild_role": "new-energy-anchor"
      },
      "geometry": {
        "type": "Point",
        "coordinates": [
          -79.0855,
          38.3597
        ]
      }
    },
    {
      "type": "Feature",
      "id": "st-mary-orthodox",
      "properties": {
        "feature_kind": "place",
        "route_id": "route-10",
        "place_id": "st-mary-orthodox",
        "name": "St. Mary Orthodox Church",
        "city": "Chambersburg",
        "state": "PA",
        "visit_date": "2026-10-11",
        "priority": "anchor",
        "included_in_magic_score": true,
        "energy_rebuild_role": "new-energy-anchor"
      },
      "geometry": {
        "type": "Point",
        "coordinates": [
          -77.658,
          39.933
        ]
      }
    },
    {
      "type": "Feature",
      "id": "ebt-shop",
      "properties": {
        "feature_kind": "place",
        "route_id": "route-10",
        "place_id": "ebt-shop",
        "name": "East Broad Top — Individual Shop Tour",
        "city": "Rockhill Furnace",
        "state": "PA",
        "visit_date": "2026-10-11",
        "priority": "anchor",
        "included_in_magic_score": true,
        "energy_rebuild_role": "new-energy-anchor"
      },
      "geometry": {
        "type": "Point",
        "coordinates": [
          -77.8955,
          40.2452
        ]
      }
    },
    {
      "type": "Feature",
      "id": "ebt-steam",
      "properties": {
        "feature_kind": "place",
        "route_id": "route-10",
        "place_id": "ebt-steam",
        "name": "East Broad Top — Live Steam Train",
        "city": "Rockhill Furnace",
        "state": "PA",
        "visit_date": "2026-10-11",
        "priority": "anchor",
        "included_in_magic_score": true,
        "energy_rebuild_role": "new-energy-anchor"
      },
      "geometry": {
        "type": "Point",
        "coordinates": [
          -77.8949,
          40.2447
        ]
      }
    },
    {
      "type": "Feature",
      "id": "martin-guitar",
      "properties": {
        "feature_kind": "place",
        "route_id": "route-10",
        "place_id": "martin-guitar",
        "name": "C. F. Martin & Co. Factory Tour",
        "city": "Nazareth",
        "state": "PA",
        "visit_date": "2026-10-12",
        "priority": "anchor",
        "included_in_magic_score": true,
        "energy_rebuild_role": "new-energy-anchor"
      },
      "geometry": {
        "type": "Point",
        "coordinates": [
          -75.3095,
          40.7398
        ]
      }
    },
    {
      "type": "Feature",
      "id": "hickory-run-boulder-field",
      "properties": {
        "feature_kind": "place",
        "route_id": "route-10",
        "place_id": "hickory-run-boulder-field",
        "name": "Hickory Run State Park — Boulder Field",
        "city": "White Haven",
        "state": "PA",
        "visit_date": "2026-10-12",
        "priority": "anchor",
        "included_in_magic_score": true,
        "energy_rebuild_role": "new-energy-anchor"
      },
      "geometry": {
        "type": "Point",
        "coordinates": [
          -75.647,
          41.0468
        ]
      }
    },
    {
      "type": "Feature",
      "id": "pocono-outlets",
      "properties": {
        "feature_kind": "place",
        "route_id": "route-10",
        "place_id": "pocono-outlets",
        "name": "Pocono Premium Outlets",
        "city": "Tannersville",
        "state": "PA",
        "visit_date": "2026-10-13",
        "priority": "anchor",
        "included_in_magic_score": true,
        "energy_rebuild_role": "new-energy-anchor"
      },
      "geometry": {
        "type": "Point",
        "coordinates": [
          -75.3268,
          41.043
        ]
      }
    },
    {
      "type": "Feature",
      "id": "pyramid-mountain",
      "properties": {
        "feature_kind": "place",
        "route_id": "route-10",
        "place_id": "pyramid-mountain",
        "name": "Pyramid Mountain Tripod Rock Hike",
        "city": "Montville",
        "state": "NJ",
        "visit_date": "2026-10-13",
        "priority": "anchor",
        "included_in_magic_score": true,
        "energy_rebuild_role": "active-core"
      },
      "geometry": {
        "type": "Point",
        "coordinates": [
          -74.399,
          40.947
        ]
      }
    },
    {
      "type": "Feature",
      "id": "thirteenth-hour",
      "properties": {
        "feature_kind": "place",
        "route_id": "route-10",
        "place_id": "thirteenth-hour",
        "name": "13th Hour Escape Rooms — The Campground",
        "city": "Wharton",
        "state": "NJ",
        "visit_date": "2026-10-13",
        "priority": "anchor",
        "included_in_magic_score": true,
        "energy_rebuild_role": "new-energy-anchor"
      },
      "geometry": {
        "type": "Point",
        "coordinates": [
          -74.582,
          40.893
        ]
      }
    },
    {
      "type": "Feature",
      "id": "mine-hill-preserve",
      "properties": {
        "feature_kind": "place",
        "route_id": "route-10",
        "place_id": "mine-hill-preserve",
        "name": "Mine Hill Preserve",
        "city": "Roxbury",
        "state": "CT",
        "visit_date": "2026-10-14",
        "priority": "anchor",
        "included_in_magic_score": true,
        "energy_rebuild_role": "new-energy-anchor"
      },
      "geometry": {
        "type": "Point",
        "coordinates": [
          -73.3283,
          41.553
        ]
      }
    },
    {
      "type": "Feature",
      "id": "waterworks",
      "properties": {
        "feature_kind": "place",
        "route_id": "route-10",
        "place_id": "waterworks",
        "name": "Metropolitan Waterworks Museum Great Engines Hall",
        "city": "Boston",
        "state": "MA",
        "visit_date": "2026-10-14",
        "priority": "anchor",
        "included_in_magic_score": true,
        "energy_rebuild_role": "active-core"
      },
      "geometry": {
        "type": "Point",
        "coordinates": [
          -71.1557672,
          42.3316114
        ]
      }
    },
    {
      "type": "Feature",
      "id": "new-england-motorcycle",
      "properties": {
        "feature_kind": "place",
        "route_id": "route-10",
        "place_id": "new-england-motorcycle",
        "name": "New England Motorcycle Museum in the Hockanum Mill",
        "city": "Rockville",
        "state": "CT",
        "visit_date": "2026-10-04",
        "priority": "option",
        "included_in_magic_score": false,
        "energy_rebuild_role": "optional-unscored-choice"
      },
      "geometry": {
        "type": "Point",
        "coordinates": [
          -72.46101,
          41.86573
        ]
      }
    },
    {
      "type": "Feature",
      "id": "hill-stead",
      "properties": {
        "feature_kind": "place",
        "route_id": "route-10",
        "place_id": "hill-stead",
        "name": "Hill-Stead Museum, Sunken Garden & Theodate Pope Riddle House",
        "city": "Farmington",
        "state": "CT",
        "visit_date": "2026-10-04",
        "priority": "option",
        "included_in_magic_score": false,
        "energy_rebuild_role": "documented-unscored-flex"
      },
      "geometry": {
        "type": "Point",
        "coordinates": [
          -72.8202697,
          41.721928
        ]
      }
    },
    {
      "type": "Feature",
      "id": "bell-works",
      "properties": {
        "feature_kind": "place",
        "route_id": "route-10",
        "place_id": "bell-works",
        "name": "Bell Works",
        "city": "Holmdel",
        "state": "NJ",
        "visit_date": "2026-10-05",
        "priority": "option",
        "included_in_magic_score": false,
        "energy_rebuild_role": "optional-unscored-choice"
      },
      "geometry": {
        "type": "Point",
        "coordinates": [
          -74.178,
          40.39
        ]
      }
    },
    {
      "type": "Feature",
      "id": "puzzleconnect",
      "properties": {
        "feature_kind": "place",
        "route_id": "route-10",
        "place_id": "puzzleconnect",
        "name": "PuzzleConnect: Curse of the Hidden Temple",
        "city": "Eatontown",
        "state": "NJ",
        "visit_date": "2026-10-05",
        "priority": "option",
        "included_in_magic_score": false,
        "energy_rebuild_role": "optional-unscored-choice"
      },
      "geometry": {
        "type": "Point",
        "coordinates": [
          -74.054,
          40.296
        ]
      }
    },
    {
      "type": "Feature",
      "id": "sayen-gardens",
      "properties": {
        "feature_kind": "place",
        "route_id": "route-10",
        "place_id": "sayen-gardens",
        "name": "Sayen House & Gardens",
        "city": "Hamilton",
        "state": "NJ",
        "visit_date": "2026-10-05",
        "priority": "option",
        "included_in_magic_score": false,
        "energy_rebuild_role": "documented-unscored-flex"
      },
      "geometry": {
        "type": "Point",
        "coordinates": [
          -74.6585056,
          40.2369418
        ]
      }
    },
    {
      "type": "Feature",
      "id": "winterthur",
      "properties": {
        "feature_kind": "place",
        "route_id": "route-10",
        "place_id": "winterthur",
        "name": "Winterthur House, Galleries & Garden Tram",
        "city": "Winterthur",
        "state": "DE",
        "visit_date": "2026-10-06",
        "priority": "option",
        "included_in_magic_score": false,
        "energy_rebuild_role": "optional-unscored-choice"
      },
      "geometry": {
        "type": "Point",
        "coordinates": [
          -75.603,
          39.806
        ]
      }
    },
    {
      "type": "Feature",
      "id": "brandywine-creek-sp",
      "properties": {
        "feature_kind": "place",
        "route_id": "route-10",
        "place_id": "brandywine-creek-sp",
        "name": "Brandywine Creek State Park",
        "city": "Wilmington",
        "state": "DE",
        "visit_date": "2026-10-06",
        "priority": "option",
        "included_in_magic_score": false,
        "energy_rebuild_role": "optional-unscored-choice"
      },
      "geometry": {
        "type": "Point",
        "coordinates": [
          -75.578,
          39.793
        ]
      }
    },
    {
      "type": "Feature",
      "id": "marine-corps-museum",
      "properties": {
        "feature_kind": "place",
        "route_id": "route-10",
        "place_id": "marine-corps-museum",
        "name": "National Museum of the Marine Corps",
        "city": "Triangle",
        "state": "VA",
        "visit_date": "2026-10-07",
        "priority": "option",
        "included_in_magic_score": false,
        "energy_rebuild_role": "optional-unscored-choice"
      },
      "geometry": {
        "type": "Point",
        "coordinates": [
          -77.3437206,
          38.5442473
        ]
      }
    },
    {
      "type": "Feature",
      "id": "cryptologic-museum",
      "properties": {
        "feature_kind": "place",
        "route_id": "route-10",
        "place_id": "cryptologic-museum",
        "name": "National Cryptologic Museum",
        "city": "Annapolis Junction",
        "state": "MD",
        "visit_date": "2026-10-07",
        "priority": "option",
        "included_in_magic_score": false,
        "energy_rebuild_role": "optional-unscored-choice"
      },
      "geometry": {
        "type": "Point",
        "coordinates": [
          -76.774,
          39.109
        ]
      }
    },
    {
      "type": "Feature",
      "id": "port-of-falmouth",
      "properties": {
        "feature_kind": "place",
        "route_id": "route-10",
        "place_id": "port-of-falmouth",
        "name": "Historic Port of Falmouth",
        "city": "Falmouth",
        "state": "VA",
        "visit_date": "2026-10-07",
        "priority": "option",
        "included_in_magic_score": false,
        "energy_rebuild_role": "optional-unscored-choice"
      },
      "geometry": {
        "type": "Point",
        "coordinates": [
          -77.468,
          38.326
        ]
      }
    },
    {
      "type": "Feature",
      "id": "tredegar-riverfront",
      "properties": {
        "feature_kind": "place",
        "route_id": "route-10",
        "place_id": "tredegar-riverfront",
        "name": "Tredegar & James River Industrial Riverfront",
        "city": "Richmond",
        "state": "VA",
        "visit_date": "2026-10-07",
        "priority": "option",
        "included_in_magic_score": false,
        "energy_rebuild_role": "optional-unscored-choice"
      },
      "geometry": {
        "type": "Point",
        "coordinates": [
          -77.446,
          37.5347
        ]
      }
    },
    {
      "type": "Feature",
      "id": "gnome-raven-alt",
      "properties": {
        "feature_kind": "place",
        "route_id": "route-10",
        "place_id": "gnome-raven-alt",
        "name": "Gnome & Raven: Shipwrecked / Tomb Ruins",
        "city": "Richmond",
        "state": "VA",
        "visit_date": "2026-10-08",
        "priority": "option",
        "included_in_magic_score": false,
        "energy_rebuild_role": "optional-unscored-schedule-swap"
      },
      "geometry": {
        "type": "Point",
        "coordinates": [
          -77.4478,
          37.562
        ]
      }
    },
    {
      "type": "Feature",
      "id": "lewis-ginter",
      "properties": {
        "feature_kind": "place",
        "route_id": "route-10",
        "place_id": "lewis-ginter",
        "name": "Lewis Ginter Conservatory & Botanical Garden",
        "city": "Richmond",
        "state": "VA",
        "visit_date": "2026-10-08",
        "priority": "option",
        "included_in_magic_score": false,
        "energy_rebuild_role": "documented-unscored-flex"
      },
      "geometry": {
        "type": "Point",
        "coordinates": [
          -77.47075,
          37.6199722
        ]
      }
    },
    {
      "type": "Feature",
      "id": "danville-science",
      "properties": {
        "feature_kind": "place",
        "route_id": "route-10",
        "place_id": "danville-science",
        "name": "Danville Science Center",
        "city": "Danville",
        "state": "VA",
        "visit_date": "2026-10-08",
        "priority": "option",
        "included_in_magic_score": false,
        "energy_rebuild_role": "optional-unscored-choice"
      },
      "geometry": {
        "type": "Point",
        "coordinates": [
          -79.393,
          36.586
        ]
      }
    },
    {
      "type": "Feature",
      "id": "danville-river-district",
      "properties": {
        "feature_kind": "place",
        "route_id": "route-10",
        "place_id": "danville-river-district",
        "name": "Danville River District",
        "city": "Danville",
        "state": "VA",
        "visit_date": "2026-10-08",
        "priority": "option",
        "included_in_magic_score": false,
        "energy_rebuild_role": "optional-unscored-choice"
      },
      "geometry": {
        "type": "Point",
        "coordinates": [
          -79.395,
          36.587
        ]
      }
    },
    {
      "type": "Feature",
      "id": "winston-link",
      "properties": {
        "feature_kind": "place",
        "route_id": "route-10",
        "place_id": "winston-link",
        "name": "O. Winston Link Night-Trains & Roanoke History Museum",
        "city": "Roanoke",
        "state": "VA",
        "visit_date": "2026-10-09",
        "priority": "option",
        "included_in_magic_score": false,
        "energy_rebuild_role": "optional-unscored-choice"
      },
      "geometry": {
        "type": "Point",
        "coordinates": [
          -79.9442,
          37.2745
        ]
      }
    },
    {
      "type": "Feature",
      "id": "black-dog-salvage",
      "properties": {
        "feature_kind": "place",
        "route_id": "route-10",
        "place_id": "black-dog-salvage",
        "name": "Black Dog Salvage",
        "city": "Roanoke",
        "state": "VA",
        "visit_date": "2026-10-09",
        "priority": "option",
        "included_in_magic_score": false,
        "energy_rebuild_role": "optional-unscored-choice"
      },
      "geometry": {
        "type": "Point",
        "coordinates": [
          -79.956,
          37.262
        ]
      }
    },
    {
      "type": "Feature",
      "id": "explore-park-mtb",
      "properties": {
        "feature_kind": "place",
        "route_id": "route-10",
        "place_id": "explore-park-mtb",
        "name": "Explore Park Mountain Bike Trails",
        "city": "Roanoke",
        "state": "VA",
        "visit_date": "2026-10-09",
        "priority": "option",
        "included_in_magic_score": false,
        "energy_rebuild_role": "optional-unscored-choice"
      },
      "geometry": {
        "type": "Point",
        "coordinates": [
          -79.856,
          37.235
        ]
      }
    },
    {
      "type": "Feature",
      "id": "explore-park-treetop",
      "properties": {
        "feature_kind": "place",
        "route_id": "route-10",
        "place_id": "explore-park-treetop",
        "name": "Explore Park Treetop Quest",
        "city": "Roanoke",
        "state": "VA",
        "visit_date": "2026-10-09",
        "priority": "option",
        "included_in_magic_score": false,
        "energy_rebuild_role": "optional-unscored-choice"
      },
      "geometry": {
        "type": "Point",
        "coordinates": [
          -79.857,
          37.236
        ]
      }
    },
    {
      "type": "Feature",
      "id": "carrier-arboretum",
      "properties": {
        "feature_kind": "place",
        "route_id": "route-10",
        "place_id": "carrier-arboretum",
        "name": "Edith J. Carrier Arboretum",
        "city": "Harrisonburg",
        "state": "VA",
        "visit_date": "2026-10-10",
        "priority": "option",
        "included_in_magic_score": false,
        "energy_rebuild_role": "optional-unscored-choice"
      },
      "geometry": {
        "type": "Point",
        "coordinates": [
          -78.8647272,
          38.4288286
        ]
      }
    },
    {
      "type": "Feature",
      "id": "harrisonburg-public-art",
      "properties": {
        "feature_kind": "place",
        "route_id": "route-10",
        "place_id": "harrisonburg-public-art",
        "name": "Harrisonburg Public Art & Hidden-History Circuit",
        "city": "Harrisonburg",
        "state": "VA",
        "visit_date": "2026-10-10",
        "priority": "option",
        "included_in_magic_score": false,
        "energy_rebuild_role": "documented-unscored-flex"
      },
      "geometry": {
        "type": "Point",
        "coordinates": [
          -78.86893,
          38.44717
        ]
      }
    },
    {
      "type": "Feature",
      "id": "reddish-knob",
      "properties": {
        "feature_kind": "place",
        "route_id": "route-10",
        "place_id": "reddish-knob",
        "name": "Reddish Knob Overlook",
        "city": "Briery Branch",
        "state": "VA",
        "visit_date": "2026-10-10",
        "priority": "option",
        "included_in_magic_score": false,
        "energy_rebuild_role": "optional-unscored-choice"
      },
      "geometry": {
        "type": "Point",
        "coordinates": [
          -79.24,
          38.465
        ]
      }
    },
    {
      "type": "Feature",
      "id": "rockhill-trolley",
      "properties": {
        "feature_kind": "place",
        "route_id": "route-10",
        "place_id": "rockhill-trolley",
        "name": "Rockhill Trolley Museum",
        "city": "Rockhill Furnace",
        "state": "PA",
        "visit_date": "2026-10-11",
        "priority": "option",
        "included_in_magic_score": false,
        "energy_rebuild_role": "optional-unscored-choice"
      },
      "geometry": {
        "type": "Point",
        "coordinates": [
          -77.893,
          40.247
        ]
      }
    },
    {
      "type": "Feature",
      "id": "pine-grove-furnace",
      "properties": {
        "feature_kind": "place",
        "route_id": "route-10",
        "place_id": "pine-grove-furnace",
        "name": "Pine Grove Furnace & Pole Steeple",
        "city": "Gardners",
        "state": "PA",
        "visit_date": "2026-10-11",
        "priority": "option",
        "included_in_magic_score": false,
        "energy_rebuild_role": "optional-unscored-choice"
      },
      "geometry": {
        "type": "Point",
        "coordinates": [
          -77.305,
          40.033
        ]
      }
    },
    {
      "type": "Feature",
      "id": "kings-gap",
      "properties": {
        "feature_kind": "place",
        "route_id": "route-10",
        "place_id": "kings-gap",
        "name": "Kings Gap Environmental Education Center",
        "city": "Carlisle",
        "state": "PA",
        "visit_date": "2026-10-11",
        "priority": "option",
        "included_in_magic_score": false,
        "energy_rebuild_role": "optional-unscored-choice"
      },
      "geometry": {
        "type": "Point",
        "coordinates": [
          -77.256,
          40.1
        ]
      }
    },
    {
      "type": "Feature",
      "id": "trough-creek",
      "properties": {
        "feature_kind": "place",
        "route_id": "route-10",
        "place_id": "trough-creek",
        "name": "Trough Creek State Park — Balanced Rock",
        "city": "James Creek",
        "state": "PA",
        "visit_date": "2026-10-11",
        "priority": "option",
        "included_in_magic_score": false,
        "energy_rebuild_role": "optional-unscored-choice"
      },
      "geometry": {
        "type": "Point",
        "coordinates": [
          -78.12,
          40.32
        ]
      }
    },
    {
      "type": "Feature",
      "id": "raystown-allegrippis",
      "properties": {
        "feature_kind": "place",
        "route_id": "route-10",
        "place_id": "raystown-allegrippis",
        "name": "Allegrippis Trails, Raystown Lake",
        "city": "Hesston",
        "state": "PA",
        "visit_date": "2026-10-11",
        "priority": "option",
        "included_in_magic_score": false,
        "energy_rebuild_role": "optional-unscored-choice"
      },
      "geometry": {
        "type": "Point",
        "coordinates": [
          -78.04,
          40.39
        ]
      }
    },
    {
      "type": "Feature",
      "id": "civil-war-museum",
      "properties": {
        "feature_kind": "place",
        "route_id": "route-10",
        "place_id": "civil-war-museum",
        "name": "National Civil War Museum",
        "city": "Harrisburg",
        "state": "PA",
        "visit_date": "2026-10-12",
        "priority": "option",
        "included_in_magic_score": false,
        "energy_rebuild_role": "optional-unscored-choice"
      },
      "geometry": {
        "type": "Point",
        "coordinates": [
          -76.8917,
          40.2726
        ]
      }
    },
    {
      "type": "Feature",
      "id": "aaca-museum",
      "properties": {
        "feature_kind": "place",
        "route_id": "route-10",
        "place_id": "aaca-museum",
        "name": "America's Transportation Experience at the AACA Museum",
        "city": "Hershey",
        "state": "PA",
        "visit_date": "2026-10-12",
        "priority": "option",
        "included_in_magic_score": false,
        "energy_rebuild_role": "optional-unscored-choice"
      },
      "geometry": {
        "type": "Point",
        "coordinates": [
          -76.6901211,
          40.2981546
        ]
      }
    },
    {
      "type": "Feature",
      "id": "yuengling-brewery",
      "properties": {
        "feature_kind": "place",
        "route_id": "route-10",
        "place_id": "yuengling-brewery",
        "name": "Yuengling Brewery Tour",
        "city": "Pottsville",
        "state": "PA",
        "visit_date": "2026-10-12",
        "priority": "option",
        "included_in_magic_score": false,
        "energy_rebuild_role": "optional-unscored-choice"
      },
      "geometry": {
        "type": "Point",
        "coordinates": [
          -76.19,
          40.684
        ]
      }
    },
    {
      "type": "Feature",
      "id": "skirmish-paintball",
      "properties": {
        "feature_kind": "place",
        "route_id": "route-10",
        "place_id": "skirmish-paintball",
        "name": "Skirmish Paintball",
        "city": "Albrightsville",
        "state": "PA",
        "visit_date": "2026-10-12",
        "priority": "option",
        "included_in_magic_score": false,
        "energy_rebuild_role": "optional-unscored-choice"
      },
      "geometry": {
        "type": "Point",
        "coordinates": [
          -75.61,
          41.03
        ]
      }
    },
    {
      "type": "Feature",
      "id": "pocono-utv",
      "properties": {
        "feature_kind": "place",
        "route_id": "route-10",
        "place_id": "pocono-utv",
        "name": "Pocono Outdoor Adventure Tours UTV",
        "city": "Tannersville",
        "state": "PA",
        "visit_date": "2026-10-13",
        "priority": "option",
        "included_in_magic_score": false,
        "energy_rebuild_role": "optional-unscored-choice"
      },
      "geometry": {
        "type": "Point",
        "coordinates": [
          -75.35,
          41.05
        ]
      }
    },
    {
      "type": "Feature",
      "id": "bushkill-falls",
      "properties": {
        "feature_kind": "place",
        "route_id": "route-10",
        "place_id": "bushkill-falls",
        "name": "Bushkill Falls",
        "city": "Bushkill",
        "state": "PA",
        "visit_date": "2026-10-13",
        "priority": "option",
        "included_in_magic_score": false,
        "energy_rebuild_role": "optional-unscored-choice"
      },
      "geometry": {
        "type": "Point",
        "coordinates": [
          -75.009,
          41.116
        ]
      }
    },
    {
      "type": "Feature",
      "id": "skylands",
      "properties": {
        "feature_kind": "place",
        "route_id": "route-10",
        "place_id": "skylands",
        "name": "Skylands Manor & New Jersey Botanical Garden",
        "city": "Ringwood",
        "state": "NJ",
        "visit_date": "2026-10-13",
        "priority": "option",
        "included_in_magic_score": false,
        "energy_rebuild_role": "documented-unscored-flex"
      },
      "geometry": {
        "type": "Point",
        "coordinates": [
          -74.23954,
          41.12695
        ]
      }
    },
    {
      "type": "Feature",
      "id": "five-wits",
      "properties": {
        "feature_kind": "place",
        "route_id": "route-10",
        "place_id": "five-wits",
        "name": "5 Wits West Nyack",
        "city": "West Nyack",
        "state": "NY",
        "visit_date": "2026-10-13",
        "priority": "option",
        "included_in_magic_score": false,
        "energy_rebuild_role": "optional-unscored-choice"
      },
      "geometry": {
        "type": "Point",
        "coordinates": [
          -73.956,
          41.096
        ]
      }
    },
    {
      "type": "Feature",
      "id": "boston-athenaeum",
      "properties": {
        "feature_kind": "place",
        "route_id": "route-10",
        "place_id": "boston-athenaeum",
        "name": "Boston Athenaeum Full-Building Day Membership",
        "city": "Boston",
        "state": "MA",
        "visit_date": "2026-10-14",
        "priority": "option",
        "included_in_magic_score": false,
        "energy_rebuild_role": "optional-unscored-choice"
      },
      "geometry": {
        "type": "Point",
        "coordinates": [
          -71.0620806,
          42.3579152
        ]
      }
    },
    {
      "type": "Feature",
      "id": "agecroft-hall",
      "properties": {
        "feature_kind": "place",
        "route_id": "route-10",
        "place_id": "agecroft-hall",
        "name": "Agecroft Hall & James River Garden",
        "city": "Richmond",
        "state": "VA",
        "visit_date": null,
        "priority": "archive",
        "included_in_magic_score": false,
        "energy_rebuild_role": "preserved-revision-history"
      },
      "geometry": {
        "type": "Point",
        "coordinates": [
          -77.5050627,
          37.5530525
        ]
      }
    },
    {
      "type": "Feature",
      "id": "taubman-art",
      "properties": {
        "feature_kind": "place",
        "route_id": "route-10",
        "place_id": "taubman-art",
        "name": "Taubman Museum of Art",
        "city": "Roanoke",
        "state": "VA",
        "visit_date": null,
        "priority": "archive",
        "included_in_magic_score": false,
        "energy_rebuild_role": "preserved-revision-history"
      },
      "geometry": {
        "type": "Point",
        "coordinates": [
          -79.9419,
          37.2731
        ]
      }
    },
    {
      "type": "Feature",
      "id": "holy-myrrhbearers",
      "properties": {
        "feature_kind": "place",
        "route_id": "route-10",
        "place_id": "holy-myrrhbearers",
        "name": "Protected Orthodox Sunday at Holy Myrrhbearers",
        "city": "Mount Crawford",
        "state": "VA",
        "visit_date": null,
        "priority": "archive",
        "included_in_magic_score": false,
        "energy_rebuild_role": "preserved-revision-history"
      },
      "geometry": {
        "type": "Point",
        "coordinates": [
          -78.8614606,
          38.3369477
        ]
      }
    },
    {
      "type": "Feature",
      "id": "boston-logan-rental",
      "properties": {
        "feature_kind": "route_node",
        "route_id": "route-10",
        "node_id": "boston-logan-rental",
        "name": "Boston Logan Rental Car Center"
      },
      "geometry": {
        "type": "Point",
        "coordinates": [
          -71.0304,
          42.3682
        ]
      }
    },
    {
      "type": "Feature",
      "id": "milford-east-lodging",
      "properties": {
        "feature_kind": "route_node",
        "route_id": "route-10",
        "node_id": "milford-east-lodging",
        "name": "East Milford/Orange lodging zone"
      },
      "geometry": {
        "type": "Point",
        "coordinates": [
          -72.99,
          41.28
        ]
      }
    },
    {
      "type": "Feature",
      "id": "hamilton-lodging",
      "properties": {
        "feature_kind": "route_node",
        "route_id": "route-10",
        "node_id": "hamilton-lodging",
        "name": "Hamilton/Robbinsville lodging zone"
      },
      "geometry": {
        "type": "Point",
        "coordinates": [
          -74.651,
          40.219
        ]
      }
    },
    {
      "type": "Feature",
      "id": "baltimore-lodging",
      "properties": {
        "feature_kind": "route_node",
        "route_id": "route-10",
        "node_id": "baltimore-lodging",
        "name": "Baltimore Harbor East/Canton lodging zone"
      },
      "geometry": {
        "type": "Point",
        "coordinates": [
          -76.575,
          39.282
        ]
      }
    },
    {
      "type": "Feature",
      "id": "richmond-lodging",
      "properties": {
        "feature_kind": "route_node",
        "route_id": "route-10",
        "node_id": "richmond-lodging",
        "name": "North Richmond/Lakeside lodging zone"
      },
      "geometry": {
        "type": "Point",
        "coordinates": [
          -77.468,
          37.609
        ]
      }
    },
    {
      "type": "Feature",
      "id": "danville-lodging",
      "properties": {
        "feature_kind": "route_node",
        "route_id": "route-10",
        "node_id": "danville-lodging",
        "name": "Central Danville lodging zone"
      },
      "geometry": {
        "type": "Point",
        "coordinates": [
          -79.395,
          36.586
        ]
      }
    },
    {
      "type": "Feature",
      "id": "roanoke-lodging",
      "properties": {
        "feature_kind": "route_node",
        "route_id": "route-10",
        "node_id": "roanoke-lodging",
        "name": "Downtown Roanoke lodging zone"
      },
      "geometry": {
        "type": "Point",
        "coordinates": [
          -79.951,
          37.276
        ]
      }
    },
    {
      "type": "Feature",
      "id": "chambersburg-lodging",
      "properties": {
        "feature_kind": "route_node",
        "route_id": "route-10",
        "node_id": "chambersburg-lodging",
        "name": "Chambersburg lodging zone"
      },
      "geometry": {
        "type": "Point",
        "coordinates": [
          -77.661,
          39.937
        ]
      }
    },
    {
      "type": "Feature",
      "id": "carlisle-lodging",
      "properties": {
        "feature_kind": "route_node",
        "route_id": "route-10",
        "node_id": "carlisle-lodging",
        "name": "Carlisle lodging zone"
      },
      "geometry": {
        "type": "Point",
        "coordinates": [
          -77.189,
          40.201
        ]
      }
    },
    {
      "type": "Feature",
      "id": "tannersville-lodging",
      "properties": {
        "feature_kind": "route_node",
        "route_id": "route-10",
        "node_id": "tannersville-lodging",
        "name": "Tannersville/Poconos lodging zone"
      },
      "geometry": {
        "type": "Point",
        "coordinates": [
          -75.32,
          41.04
        ]
      }
    },
    {
      "type": "Feature",
      "id": "danbury-lodging",
      "properties": {
        "feature_kind": "route_node",
        "route_id": "route-10",
        "node_id": "danbury-lodging",
        "name": "Danbury west lodging zone"
      },
      "geometry": {
        "type": "Point",
        "coordinates": [
          -73.4540111,
          41.394817
        ]
      }
    },
    {
      "type": "Feature",
      "id": "boston-logan-return",
      "properties": {
        "feature_kind": "route_node",
        "route_id": "route-10",
        "node_id": "boston-logan-return",
        "name": "Boston Logan Rental Car Center return"
      },
      "geometry": {
        "type": "Point",
        "coordinates": [
          -71.0304,
          42.3682
        ]
      }
    },
    {
      "type": "Feature",
      "id": "boston-logan-hotel",
      "properties": {
        "feature_kind": "route_node",
        "route_id": "route-10",
        "node_id": "boston-logan-hotel",
        "name": "Boston Logan hotel zone"
      },
      "geometry": {
        "type": "Point",
        "coordinates": [
          -71.0155,
          42.3655
        ]
      }
    },
    {
      "type": "Feature",
      "id": "stamford-break",
      "properties": {
        "feature_kind": "route_node",
        "route_id": "route-10",
        "node_id": "stamford-break",
        "name": "Stamford, CT comfort break"
      },
      "geometry": {
        "type": "Point",
        "coordinates": [
          -73.5387,
          41.0534
        ]
      }
    },
    {
      "type": "Feature",
      "id": "farmville-break",
      "properties": {
        "feature_kind": "route_node",
        "route_id": "route-10",
        "node_id": "farmville-break",
        "name": "Farmville, VA comfort break"
      },
      "geometry": {
        "type": "Point",
        "coordinates": [
          -78.3919,
          37.3021
        ]
      }
    },
    {
      "type": "Feature",
      "id": "winchester-break",
      "properties": {
        "feature_kind": "route_node",
        "route_id": "route-10",
        "node_id": "winchester-break",
        "name": "Winchester, VA I-81 comfort break"
      },
      "geometry": {
        "type": "Point",
        "coordinates": [
          -78.1633,
          39.1857
        ]
      }
    },
    {
      "type": "Feature",
      "id": "hartford-break",
      "properties": {
        "feature_kind": "route_node",
        "route_id": "route-10",
        "node_id": "hartford-break",
        "name": "Hartford, CT comfort break"
      },
      "geometry": {
        "type": "Point",
        "coordinates": [
          -72.6851,
          41.7637
        ]
      }
    },
    {
      "type": "Feature",
      "id": "new-england-motorcycle",
      "properties": {
        "feature_kind": "route_node",
        "route_id": "route-10",
        "node_id": "new-england-motorcycle",
        "name": "New England Motorcycle Museum, 200 West Main Street, Rockville, Connecticut"
      },
      "geometry": {
        "type": "Point",
        "coordinates": [
          -72.46101,
          41.86573
        ]
      }
    },
    {
      "type": "Feature",
      "id": "hill-stead",
      "properties": {
        "feature_kind": "route_node",
        "route_id": "route-10",
        "node_id": "hill-stead",
        "name": "Hill-Stead Museum, 35 Mountain Road, Farmington, Connecticut"
      },
      "geometry": {
        "type": "Point",
        "coordinates": [
          -72.8202697,
          41.721928
        ]
      }
    },
    {
      "type": "Feature",
      "id": "baps-akshardham",
      "properties": {
        "feature_kind": "route_node",
        "route_id": "route-10",
        "node_id": "baps-akshardham",
        "name": "BAPS Swaminarayan Akshardham, 112 North Main Street, Robbinsville, New Jersey"
      },
      "geometry": {
        "type": "Point",
        "coordinates": [
          -74.5797529,
          40.2536907
        ]
      }
    },
    {
      "type": "Feature",
      "id": "sayen-gardens",
      "properties": {
        "feature_kind": "route_node",
        "route_id": "route-10",
        "node_id": "sayen-gardens",
        "name": "Sayen House and Gardens, 155 Hughes Drive, Hamilton, New Jersey"
      },
      "geometry": {
        "type": "Point",
        "coordinates": [
          -74.6585056,
          40.2369418
        ]
      }
    },
    {
      "type": "Feature",
      "id": "hagley",
      "properties": {
        "feature_kind": "route_node",
        "route_id": "route-10",
        "node_id": "hagley",
        "name": "Hagley Museum Visitor Center, 200 Hagley Creek Road, Wilmington, Delaware"
      },
      "geometry": {
        "type": "Point",
        "coordinates": [
          -75.6611,
          39.7756
        ]
      }
    },
    {
      "type": "Feature",
      "id": "winterthur",
      "properties": {
        "feature_kind": "route_node",
        "route_id": "route-10",
        "node_id": "winterthur",
        "name": "Winterthur Museum Garden and Library, 5105 Kennett Pike, Winterthur, Delaware"
      },
      "geometry": {
        "type": "Point",
        "coordinates": [
          -75.603,
          39.806
        ]
      }
    },
    {
      "type": "Feature",
      "id": "marine-corps-museum",
      "properties": {
        "feature_kind": "route_node",
        "route_id": "route-10",
        "node_id": "marine-corps-museum",
        "name": "National Museum of the Marine Corps, 1775 Semper Fidelis Way, Triangle, Virginia"
      },
      "geometry": {
        "type": "Point",
        "coordinates": [
          -77.3437206,
          38.5442473
        ]
      }
    },
    {
      "type": "Feature",
      "id": "government-island",
      "properties": {
        "feature_kind": "route_node",
        "route_id": "route-10",
        "node_id": "government-island",
        "name": "Government Island, 191 Coal Landing Road, Stafford, Virginia"
      },
      "geometry": {
        "type": "Point",
        "coordinates": [
          -77.3884169,
          38.4468077
        ]
      }
    },
    {
      "type": "Feature",
      "id": "agecroft-hall",
      "properties": {
        "feature_kind": "route_node",
        "route_id": "route-10",
        "node_id": "agecroft-hall",
        "name": "Agecroft Hall, 4305 Sulgrave Road, Richmond, Virginia"
      },
      "geometry": {
        "type": "Point",
        "coordinates": [
          -77.5050627,
          37.5530525
        ]
      }
    },
    {
      "type": "Feature",
      "id": "lewis-ginter",
      "properties": {
        "feature_kind": "route_node",
        "route_id": "route-10",
        "node_id": "lewis-ginter",
        "name": "Lewis Ginter Botanical Garden, 1800 Lakeside Avenue, Richmond, Virginia"
      },
      "geometry": {
        "type": "Point",
        "coordinates": [
          -77.47075,
          37.6199722
        ]
      }
    },
    {
      "type": "Feature",
      "id": "taubman-art",
      "properties": {
        "feature_kind": "route_node",
        "route_id": "route-10",
        "node_id": "taubman-art",
        "name": "Taubman Museum of Art, 110 Salem Avenue Southeast, Roanoke, Virginia"
      },
      "geometry": {
        "type": "Point",
        "coordinates": [
          -79.9419,
          37.2731
        ]
      }
    },
    {
      "type": "Feature",
      "id": "winston-link",
      "properties": {
        "feature_kind": "route_node",
        "route_id": "route-10",
        "node_id": "winston-link",
        "name": "O Winston Link Museum, 101 Shenandoah Avenue Northeast, Roanoke, Virginia"
      },
      "geometry": {
        "type": "Point",
        "coordinates": [
          -79.9442,
          37.2745
        ]
      }
    },
    {
      "type": "Feature",
      "id": "roanoke-star",
      "properties": {
        "feature_kind": "route_node",
        "route_id": "route-10",
        "node_id": "roanoke-star",
        "name": "Roanoke Star, 2000 J B Fishburn Parkway, Roanoke, Virginia"
      },
      "geometry": {
        "type": "Point",
        "coordinates": [
          -79.978,
          37.2705
        ]
      }
    },
    {
      "type": "Feature",
      "id": "virginia-transportation",
      "properties": {
        "feature_kind": "route_node",
        "route_id": "route-10",
        "node_id": "virginia-transportation",
        "name": "Virginia Museum of Transportation, 303 Norfolk Avenue Southwest, Roanoke, Virginia"
      },
      "geometry": {
        "type": "Point",
        "coordinates": [
          -79.9463,
          37.2739
        ]
      }
    },
    {
      "type": "Feature",
      "id": "roanoke-pinball",
      "properties": {
        "feature_kind": "route_node",
        "route_id": "route-10",
        "node_id": "roanoke-pinball",
        "name": "Roanoke Pinball Museum, 1 Market Square Southeast, Roanoke, Virginia"
      },
      "geometry": {
        "type": "Point",
        "coordinates": [
          -79.9415,
          37.272
        ]
      }
    },
    {
      "type": "Feature",
      "id": "holy-myrrhbearers",
      "properties": {
        "feature_kind": "route_node",
        "route_id": "route-10",
        "node_id": "holy-myrrhbearers",
        "name": "Holy Myrrhbearers Orthodox Christian Church, 5004 Cross Keys Road, Mount Crawford, Virginia"
      },
      "geometry": {
        "type": "Point",
        "coordinates": [
          -78.8614606,
          38.3369477
        ]
      }
    },
    {
      "type": "Feature",
      "id": "harrisonburg-public-art",
      "properties": {
        "feature_kind": "route_node",
        "route_id": "route-10",
        "node_id": "harrisonburg-public-art",
        "name": "Hardesty-Higgins House Visitor Center, 212 South Main Street, Harrisonburg, Virginia"
      },
      "geometry": {
        "type": "Point",
        "coordinates": [
          -78.86893,
          38.44717
        ]
      }
    },
    {
      "type": "Feature",
      "id": "carrier-arboretum",
      "properties": {
        "feature_kind": "route_node",
        "route_id": "route-10",
        "node_id": "carrier-arboretum",
        "name": "Edith J Carrier Arboretum, 780 University Boulevard, Harrisonburg, Virginia"
      },
      "geometry": {
        "type": "Point",
        "coordinates": [
          -78.8647272,
          38.4288286
        ]
      }
    },
    {
      "type": "Feature",
      "id": "aaca-museum",
      "properties": {
        "feature_kind": "route_node",
        "route_id": "route-10",
        "node_id": "aaca-museum",
        "name": "AACA Museum, 161 Museum Drive, Hershey, Pennsylvania"
      },
      "geometry": {
        "type": "Point",
        "coordinates": [
          -76.6901211,
          40.2981546
        ]
      }
    },
    {
      "type": "Feature",
      "id": "civil-war-museum",
      "properties": {
        "feature_kind": "route_node",
        "route_id": "route-10",
        "node_id": "civil-war-museum",
        "name": "National Civil War Museum, 1 Lincoln Circle, Harrisburg, Pennsylvania"
      },
      "geometry": {
        "type": "Point",
        "coordinates": [
          -76.8917,
          40.2726
        ]
      }
    },
    {
      "type": "Feature",
      "id": "skylands",
      "properties": {
        "feature_kind": "route_node",
        "route_id": "route-10",
        "node_id": "skylands",
        "name": "New Jersey Botanical Garden at Skylands, 2 Morris Road, Ringwood, New Jersey"
      },
      "geometry": {
        "type": "Point",
        "coordinates": [
          -74.23954,
          41.12695
        ]
      }
    },
    {
      "type": "Feature",
      "id": "pyramid-mountain",
      "properties": {
        "feature_kind": "route_node",
        "route_id": "route-10",
        "node_id": "pyramid-mountain",
        "name": "Pyramid Mountain Natural Historic Area, 472 Boonton Avenue, Montville, New Jersey"
      },
      "geometry": {
        "type": "Point",
        "coordinates": [
          -74.399,
          40.947
        ]
      }
    },
    {
      "type": "Feature",
      "id": "boston-athenaeum",
      "properties": {
        "feature_kind": "route_node",
        "route_id": "route-10",
        "node_id": "boston-athenaeum",
        "name": "Boston Athenaeum, 10 1/2 Beacon Street, Boston, Massachusetts"
      },
      "geometry": {
        "type": "Point",
        "coordinates": [
          -71.0620806,
          42.3579152
        ]
      }
    },
    {
      "type": "Feature",
      "id": "waterworks",
      "properties": {
        "feature_kind": "route_node",
        "route_id": "route-10",
        "node_id": "waterworks",
        "name": "Metropolitan Waterworks Museum, 2450 Beacon Street, Boston, Massachusetts"
      },
      "geometry": {
        "type": "Point",
        "coordinates": [
          -71.1557672,
          42.3316114
        ]
      }
    },
    {
      "type": "Feature",
      "id": "old-new-gate",
      "properties": {
        "feature_kind": "route_node",
        "route_id": "route-10",
        "node_id": "old-new-gate",
        "name": "Old New-Gate Prison and Copper Mine, 115 Newgate Road, East Granby, Connecticut"
      },
      "geometry": {
        "type": "Point",
        "coordinates": [
          -72.7746,
          41.9589
        ]
      }
    },
    {
      "type": "Feature",
      "id": "herrs",
      "properties": {
        "feature_kind": "route_node",
        "route_id": "route-10",
        "node_id": "herrs",
        "name": "Herr's Snack Factory Tour, 271 Old Baltimore Pike, Nottingham, Pennsylvania"
      },
      "geometry": {
        "type": "Point",
        "coordinates": [
          -76.0122,
          39.7447
        ]
      }
    },
    {
      "type": "Feature",
      "id": "game-show-rush-hour",
      "properties": {
        "feature_kind": "route_node",
        "route_id": "route-10",
        "node_id": "game-show-rush-hour",
        "name": "Rush Hour Live Game Show, Central Park Boulevard, Fredericksburg, Virginia"
      },
      "geometry": {
        "type": "Point",
        "coordinates": [
          -77.4747,
          38.2997
        ]
      }
    },
    {
      "type": "Feature",
      "id": "belle-isle",
      "properties": {
        "feature_kind": "route_node",
        "route_id": "route-10",
        "node_id": "belle-isle",
        "name": "Belle Isle, James River Park System, Richmond, Virginia"
      },
      "geometry": {
        "type": "Point",
        "coordinates": [
          -77.4489,
          37.5311
        ]
      }
    },
    {
      "type": "Feature",
      "id": "gnome-raven",
      "properties": {
        "feature_kind": "route_node",
        "route_id": "route-10",
        "node_id": "gnome-raven",
        "name": "Gnome and Raven Escape Rooms, Richmond, Virginia"
      },
      "geometry": {
        "type": "Point",
        "coordinates": [
          -77.4478,
          37.562
        ]
      }
    },
    {
      "type": "Feature",
      "id": "vir-kart",
      "properties": {
        "feature_kind": "route_node",
        "route_id": "route-10",
        "node_id": "vir-kart",
        "name": "Virginia International Raceway Kart Track, 1245 Pine Tree Road, Alton, Virginia"
      },
      "geometry": {
        "type": "Point",
        "coordinates": [
          -79.205,
          36.568
        ]
      }
    },
    {
      "type": "Feature",
      "id": "natural-chimneys",
      "properties": {
        "feature_kind": "route_node",
        "route_id": "route-10",
        "node_id": "natural-chimneys",
        "name": "Natural Chimneys Park, 94 Natural Chimneys Lane, Mount Solon, Virginia"
      },
      "geometry": {
        "type": "Point",
        "coordinates": [
          -79.0855,
          38.3597
        ]
      }
    },
    {
      "type": "Feature",
      "id": "st-mary-orthodox",
      "properties": {
        "feature_kind": "route_node",
        "route_id": "route-10",
        "node_id": "st-mary-orthodox",
        "name": "Saint Mary Orthodox Church, Chambersburg, Pennsylvania"
      },
      "geometry": {
        "type": "Point",
        "coordinates": [
          -77.658,
          39.933
        ]
      }
    },
    {
      "type": "Feature",
      "id": "ebt-shop",
      "properties": {
        "feature_kind": "route_node",
        "route_id": "route-10",
        "node_id": "ebt-shop",
        "name": "East Broad Top Railroad Shops, 421 Meadow Street, Rockhill Furnace, Pennsylvania"
      },
      "geometry": {
        "type": "Point",
        "coordinates": [
          -77.8955,
          40.2452
        ]
      }
    },
    {
      "type": "Feature",
      "id": "ebt-steam",
      "properties": {
        "feature_kind": "route_node",
        "route_id": "route-10",
        "node_id": "ebt-steam",
        "name": "East Broad Top Railroad Station, Rockhill Furnace, Pennsylvania"
      },
      "geometry": {
        "type": "Point",
        "coordinates": [
          -77.8949,
          40.2447
        ]
      }
    },
    {
      "type": "Feature",
      "id": "martin-guitar",
      "properties": {
        "feature_kind": "route_node",
        "route_id": "route-10",
        "node_id": "martin-guitar",
        "name": "C. F. Martin and Company Guitar Factory, 510 Sycamore Street, Nazareth, Pennsylvania"
      },
      "geometry": {
        "type": "Point",
        "coordinates": [
          -75.3095,
          40.7398
        ]
      }
    },
    {
      "type": "Feature",
      "id": "hickory-run-boulder-field",
      "properties": {
        "feature_kind": "route_node",
        "route_id": "route-10",
        "node_id": "hickory-run-boulder-field",
        "name": "Hickory Run State Park Boulder Field, White Haven, Pennsylvania"
      },
      "geometry": {
        "type": "Point",
        "coordinates": [
          -75.647,
          41.0468
        ]
      }
    },
    {
      "type": "Feature",
      "id": "pocono-outlets",
      "properties": {
        "feature_kind": "route_node",
        "route_id": "route-10",
        "node_id": "pocono-outlets",
        "name": "Pocono Premium Outlets, 1000 Premium Outlets Drive, Tannersville, Pennsylvania"
      },
      "geometry": {
        "type": "Point",
        "coordinates": [
          -75.3268,
          41.043
        ]
      }
    },
    {
      "type": "Feature",
      "id": "thirteenth-hour",
      "properties": {
        "feature_kind": "route_node",
        "route_id": "route-10",
        "node_id": "thirteenth-hour",
        "name": "13th Hour Escape Rooms, 40 Baker Street, Wharton, New Jersey"
      },
      "geometry": {
        "type": "Point",
        "coordinates": [
          -74.582,
          40.893
        ]
      }
    },
    {
      "type": "Feature",
      "id": "mine-hill-preserve",
      "properties": {
        "feature_kind": "route_node",
        "route_id": "route-10",
        "node_id": "mine-hill-preserve",
        "name": "Mine Hill Preserve, Mine Hill Road, Roxbury, Connecticut"
      },
      "geometry": {
        "type": "Point",
        "coordinates": [
          -73.3283,
          41.553
        ]
      }
    },
    {
      "type": "Feature",
      "id": "bell-works",
      "properties": {
        "feature_kind": "route_node",
        "route_id": "route-10",
        "node_id": "bell-works",
        "name": "Bell Works, 101 Crawfords Corner Road, Holmdel, New Jersey"
      },
      "geometry": {
        "type": "Point",
        "coordinates": [
          -74.178,
          40.39
        ]
      }
    },
    {
      "type": "Feature",
      "id": "puzzleconnect",
      "properties": {
        "feature_kind": "route_node",
        "route_id": "route-10",
        "node_id": "puzzleconnect",
        "name": "PuzzleConnect Escape Rooms, Eatontown, New Jersey"
      },
      "geometry": {
        "type": "Point",
        "coordinates": [
          -74.054,
          40.296
        ]
      }
    },
    {
      "type": "Feature",
      "id": "brandywine-creek-sp",
      "properties": {
        "feature_kind": "route_node",
        "route_id": "route-10",
        "node_id": "brandywine-creek-sp",
        "name": "Brandywine Creek State Park, Wilmington, Delaware"
      },
      "geometry": {
        "type": "Point",
        "coordinates": [
          -75.578,
          39.793
        ]
      }
    },
    {
      "type": "Feature",
      "id": "cryptologic-museum",
      "properties": {
        "feature_kind": "route_node",
        "route_id": "route-10",
        "node_id": "cryptologic-museum",
        "name": "National Cryptologic Museum, Annapolis Junction, Maryland"
      },
      "geometry": {
        "type": "Point",
        "coordinates": [
          -76.774,
          39.109
        ]
      }
    },
    {
      "type": "Feature",
      "id": "port-of-falmouth",
      "properties": {
        "feature_kind": "route_node",
        "route_id": "route-10",
        "node_id": "port-of-falmouth",
        "name": "Historic Port of Falmouth Park, Falmouth, Virginia"
      },
      "geometry": {
        "type": "Point",
        "coordinates": [
          -77.468,
          38.326
        ]
      }
    },
    {
      "type": "Feature",
      "id": "gnome-raven-alt",
      "properties": {
        "feature_kind": "route_node",
        "route_id": "route-10",
        "node_id": "gnome-raven-alt",
        "name": "Gnome and Raven Escape Rooms, Richmond, Virginia"
      },
      "geometry": {
        "type": "Point",
        "coordinates": [
          -77.4478,
          37.562
        ]
      }
    },
    {
      "type": "Feature",
      "id": "tredegar-riverfront",
      "properties": {
        "feature_kind": "route_node",
        "route_id": "route-10",
        "node_id": "tredegar-riverfront",
        "name": "Historic Tredegar, 500 Tredegar Street, Richmond, Virginia"
      },
      "geometry": {
        "type": "Point",
        "coordinates": [
          -77.446,
          37.5347
        ]
      }
    },
    {
      "type": "Feature",
      "id": "danville-science",
      "properties": {
        "feature_kind": "route_node",
        "route_id": "route-10",
        "node_id": "danville-science",
        "name": "Danville Science Center, 677 Craghead Street, Danville, Virginia"
      },
      "geometry": {
        "type": "Point",
        "coordinates": [
          -79.393,
          36.586
        ]
      }
    },
    {
      "type": "Feature",
      "id": "danville-river-district",
      "properties": {
        "feature_kind": "route_node",
        "route_id": "route-10",
        "node_id": "danville-river-district",
        "name": "Danville River District, Craghead Street, Danville, Virginia"
      },
      "geometry": {
        "type": "Point",
        "coordinates": [
          -79.395,
          36.587
        ]
      }
    },
    {
      "type": "Feature",
      "id": "black-dog-salvage",
      "properties": {
        "feature_kind": "route_node",
        "route_id": "route-10",
        "node_id": "black-dog-salvage",
        "name": "Black Dog Salvage, 902 13th Street Southwest, Roanoke, Virginia"
      },
      "geometry": {
        "type": "Point",
        "coordinates": [
          -79.956,
          37.262
        ]
      }
    },
    {
      "type": "Feature",
      "id": "explore-park-mtb",
      "properties": {
        "feature_kind": "route_node",
        "route_id": "route-10",
        "node_id": "explore-park-mtb",
        "name": "Explore Park, Blue Ridge Parkway, Roanoke, Virginia"
      },
      "geometry": {
        "type": "Point",
        "coordinates": [
          -79.856,
          37.235
        ]
      }
    },
    {
      "type": "Feature",
      "id": "explore-park-treetop",
      "properties": {
        "feature_kind": "route_node",
        "route_id": "route-10",
        "node_id": "explore-park-treetop",
        "name": "Explore Park Treetop Quest, Roanoke, Virginia"
      },
      "geometry": {
        "type": "Point",
        "coordinates": [
          -79.857,
          37.236
        ]
      }
    },
    {
      "type": "Feature",
      "id": "reddish-knob",
      "properties": {
        "feature_kind": "route_node",
        "route_id": "route-10",
        "node_id": "reddish-knob",
        "name": "Reddish Knob, George Washington National Forest, Virginia"
      },
      "geometry": {
        "type": "Point",
        "coordinates": [
          -79.24,
          38.465
        ]
      }
    },
    {
      "type": "Feature",
      "id": "rockhill-trolley",
      "properties": {
        "feature_kind": "route_node",
        "route_id": "route-10",
        "node_id": "rockhill-trolley",
        "name": "Rockhill Trolley Museum, 430 Meadow Street, Rockhill Furnace, Pennsylvania"
      },
      "geometry": {
        "type": "Point",
        "coordinates": [
          -77.893,
          40.247
        ]
      }
    },
    {
      "type": "Feature",
      "id": "pine-grove-furnace",
      "properties": {
        "feature_kind": "route_node",
        "route_id": "route-10",
        "node_id": "pine-grove-furnace",
        "name": "Pine Grove Furnace State Park, Gardners, Pennsylvania"
      },
      "geometry": {
        "type": "Point",
        "coordinates": [
          -77.305,
          40.033
        ]
      }
    },
    {
      "type": "Feature",
      "id": "kings-gap",
      "properties": {
        "feature_kind": "route_node",
        "route_id": "route-10",
        "node_id": "kings-gap",
        "name": "Kings Gap Environmental Education Center, Carlisle, Pennsylvania"
      },
      "geometry": {
        "type": "Point",
        "coordinates": [
          -77.256,
          40.1
        ]
      }
    },
    {
      "type": "Feature",
      "id": "trough-creek",
      "properties": {
        "feature_kind": "route_node",
        "route_id": "route-10",
        "node_id": "trough-creek",
        "name": "Trough Creek State Park, Huntingdon, Pennsylvania"
      },
      "geometry": {
        "type": "Point",
        "coordinates": [
          -78.12,
          40.32
        ]
      }
    },
    {
      "type": "Feature",
      "id": "raystown-allegrippis",
      "properties": {
        "feature_kind": "route_node",
        "route_id": "route-10",
        "node_id": "raystown-allegrippis",
        "name": "Allegrippis Trails, Raystown Lake, Hesston, Pennsylvania"
      },
      "geometry": {
        "type": "Point",
        "coordinates": [
          -78.04,
          40.39
        ]
      }
    },
    {
      "type": "Feature",
      "id": "yuengling-brewery",
      "properties": {
        "feature_kind": "route_node",
        "route_id": "route-10",
        "node_id": "yuengling-brewery",
        "name": "Yuengling Brewery, 420 Mahantongo Street, Pottsville, Pennsylvania"
      },
      "geometry": {
        "type": "Point",
        "coordinates": [
          -76.19,
          40.684
        ]
      }
    },
    {
      "type": "Feature",
      "id": "skirmish-paintball",
      "properties": {
        "feature_kind": "route_node",
        "route_id": "route-10",
        "node_id": "skirmish-paintball",
        "name": "Skirmish Paintball, 400 Route 903, Albrightsville, Pennsylvania"
      },
      "geometry": {
        "type": "Point",
        "coordinates": [
          -75.61,
          41.03
        ]
      }
    },
    {
      "type": "Feature",
      "id": "pocono-utv",
      "properties": {
        "feature_kind": "route_node",
        "route_id": "route-10",
        "node_id": "pocono-utv",
        "name": "Pocono Outdoor Adventure Tours, Tannersville, Pennsylvania"
      },
      "geometry": {
        "type": "Point",
        "coordinates": [
          -75.35,
          41.05
        ]
      }
    },
    {
      "type": "Feature",
      "id": "bushkill-falls",
      "properties": {
        "feature_kind": "route_node",
        "route_id": "route-10",
        "node_id": "bushkill-falls",
        "name": "Bushkill Falls, 138 Bushkill Falls Trail, Bushkill, Pennsylvania"
      },
      "geometry": {
        "type": "Point",
        "coordinates": [
          -75.009,
          41.116
        ]
      }
    },
    {
      "type": "Feature",
      "id": "five-wits",
      "properties": {
        "feature_kind": "route_node",
        "route_id": "route-10",
        "node_id": "five-wits",
        "name": "5 Wits, Palisades Center, West Nyack, New York"
      },
      "geometry": {
        "type": "Point",
        "coordinates": [
          -73.956,
          41.096
        ]
      }
    }
  ]
}
